investor_firm,source_portfolio_url,portfolio_company,portfolio_company_website,industry,niche,business_model,customer_type,geography,recurring_revenue_signal,service_criticality_signal,fragmentation_signal,acquisition_search_context,gb_relevance,follow_up_research_needed,source_confidence,curation_status
Pacific Lake Partners,https://www.pacificlake.com/operating-companies,Banyan,,Unknown from approved source,Operating companies,Unknown from approved source,Unknown from approved source,Unknown from approved source,Unknown from approved source; requires enrichment,Unknown from approved source; requires enrichment,Unknown from approved source; requires enrichment,Listed on Kay-approved source page (Operating companies; item type: operating company).,Preserve for pattern recognition; fit not yet assessed.,"Enrich website, industry, niche, customer type, revenue model, recurrence, criticality, fragmentation, and acquisition context from approved primary sources.",Medium,source_complete_unfiltered
Pacific Lake Partners,https://www.pacificlake.com/operating-companies,Central Storage & Warehouse,,Unknown from approved source,Operating companies,Unknown from approved source,Unknown from approved source,Unknown from approved source,Unknown from approved source; requires enrichment,Unknown from approved source; requires enrichment,Unknown from approved source; requires enrichment,Listed on Kay-approved source page (Operating companies; item type: operating company).,Preserve for pattern recognition; fit not yet assessed.,"Enrich website, industry, niche, customer type, revenue model, recurrence, criticality, fragmentation, and acquisition context from approved primary sources.",Medium,source_complete_unfiltered
Pacific Lake Partners,https://www.pacificlake.com/operating-companies,Datacor,,Unknown from approved source,Operating companies,Unknown from approved source,Unknown from approved source,Unknown from approved source,Unknown from approved source; requires enrichment,Unknown from approved source; requires enrichment,Unknown from approved source; requires enrichment,Listed on Kay-approved source page (Operating companies; item type: operating company).,Preserve for pattern recognition; fit not yet assessed.,"Enrich website, industry, niche, customer type, revenue model, recurrence, criticality, fragmentation, and acquisition context from approved primary sources.",Medium,source_complete_unfiltered
Pacific Lake Partners,https://www.pacificlake.com/operating-companies,Calyx Senior Living,,Unknown from approved source,Operating companies,Unknown from approved source,Unknown from approved source,Unknown from approved source,Unknown from approved source; requires enrichment,Unknown from approved source; requires enrichment,Unknown from approved source; requires enrichment,Listed on Kay-approved source page (Operating companies; item type: operating company).,Preserve for pattern recognition; fit not yet assessed.,"Enrich website, industry, niche, customer type, revenue model, recurrence, criticality, fragmentation, and acquisition context from approved primary sources.",Medium,source_complete_unfiltered
Pacific Lake Partners,https://www.pacificlake.com/operating-companies,Eleven Software,,Unknown from approved source,Operating companies,Unknown from approved source,Unknown from approved source,Unknown from approved source,Unknown from approved source; requires enrichment,Unknown from approved source; requires enrichment,Unknown from approved source; requires enrichment,Listed on Kay-approved source page (Operating companies; item type: operating company).,Preserve for pattern recognition; fit not yet assessed.,"Enrich website, industry, niche, customer type, revenue model, recurrence, criticality, fragmentation, and acquisition context from approved primary sources.",Medium,source_complete_unfiltered
Pacific Lake Partners,https://www.pacificlake.com/operating-companies,Stanley Ruth,,Unknown from approved source,Operating companies,Unknown from approved source,Unknown from approved source,Unknown from approved source,Unknown from approved source; requires enrichment,Unknown from approved source; requires enrichment,Unknown from approved source; requires enrichment,Listed on Kay-approved source page (Operating companies; item type: operating company).,Preserve for pattern recognition; fit not yet assessed.,"Enrich website, industry, niche, customer type, revenue model, recurrence, criticality, fragmentation, and acquisition context from approved primary sources.",Medium,source_complete_unfiltered
Pacific Lake Partners,https://www.pacificlake.com/operating-companies,Skillwell,,Unknown from approved source,Operating companies,Unknown from approved source,Unknown from approved source,Unknown from approved source,Unknown from approved source; requires enrichment,Unknown from approved source; requires enrichment,Unknown from approved source; requires enrichment,Listed on Kay-approved source page (Operating companies; item type: operating company).,Preserve for pattern recognition; fit not yet assessed.,"Enrich website, industry, niche, customer type, revenue model, recurrence, criticality, fragmentation, and acquisition context from approved primary sources.",Medium,source_complete_unfiltered
Pacific Lake Partners,https://www.pacificlake.com/operating-companies,Morningside,,Unknown from approved source,Operating companies,Unknown from approved source,Unknown from approved source,Unknown from approved source,Unknown from approved source; requires enrichment,Unknown from approved source; requires enrichment,Unknown from approved source; requires enrichment,Listed on Kay-approved source page (Operating companies; item type: operating company).,Preserve for pattern recognition; fit not yet assessed.,"Enrich website, industry, niche, customer type, revenue model, recurrence, criticality, fragmentation, and acquisition context from approved primary sources.",Medium,source_complete_unfiltered
Pacific Lake Partners,https://www.pacificlake.com/operating-companies,Kantola,,Unknown from approved source,Operating companies,Unknown from approved source,Unknown from approved source,Unknown from approved source,Unknown from approved source; requires enrichment,Unknown from approved source; requires enrichment,Unknown from approved source; requires enrichment,Listed on Kay-approved source page (Operating companies; item type: operating company).,Preserve for pattern recognition; fit not yet assessed.,"Enrich website, industry, niche, customer type, revenue model, recurrence, criticality, fragmentation, and acquisition context from approved primary sources.",Medium,source_complete_unfiltered
Pacific Lake Partners,https://www.pacificlake.com/operating-companies,NovoPath,,Unknown from approved source,Operating companies,Unknown from approved source,Unknown from approved source,Unknown from approved source,Unknown from approved source; requires enrichment,Unknown from approved source; requires enrichment,Unknown from approved source; requires enrichment,Listed on Kay-approved source page (Operating companies; item type: operating company).,Preserve for pattern recognition; fit not yet assessed.,"Enrich website, industry, niche, customer type, revenue model, recurrence, criticality, fragmentation, and acquisition context from approved primary sources.",Medium,source_complete_unfiltered
Pacific Lake Partners,https://www.pacificlake.com/operating-companies,Message Digital,https://www.messagedigital.com,B2B services,Digital communications for social impact organizations agencies and campaigns,Communications services/platform,Nonprofits agencies campaigns,Unknown,Likely campaign/organization communications repeat usage; verify contract model,Communications to stakeholders can be operationally important; verify urgency and switching costs,Unknown,Pacific Lake long-term hold; active; 2026 investment,B2B services with potential recurring communications demand; less obviously mission-critical than compliance/infrastructure,"Check company site for revenue model, customer retention, vertical focus, and contract structure",High,seed
Pacific Lake Partners,https://www.pacificlake.com/operating-companies,Heartwood Family,https://heartwoodfamily.ca,Education,Childcare center operator and acquirer,Multi-site childcare services,Families,Canada and North America,Tuition likely recurring but consumer-facing; verify enrollment retention,Childcare is essential for customers but operationally consumer/local-service heavy,Possible local childcare fragmentation; verify market roll-up dynamics,Pacific Lake long-term hold; active; 2026 investment,"Useful pattern for multi-location essential services, but consumer exposure and regulatory complexity may be outside G&B core","Verify EBITDA scale, center economics, retention, labor intensity, and regulatory burden",High,seed
Pacific Lake Partners,https://www.pacificlake.com/operating-companies,CoFi,https://www.cofimd.com,Financial services,Premium elective medical procedure payments,Multi-party payment platform,Medical providers and patients,Unknown,Payment platform suggests recurring transaction revenue; verify,Payment workflow can be embedded in provider operations; elective exposure is a concern,Unknown,Pacific Lake long-term hold; active; 2026 investment,Healthcare-adjacent fintech pattern; potentially attractive if provider-paid recurring platform economics exist,"Clarify payer, take rate, provider retention, procedure categories, and compliance risk",High,seed
Pacific Lake Partners,https://www.pacificlake.com/operating-companies,Merit Holdings,https://www.meritholdings.com,HoldCo,Niche vertical software acquisition and operation,Software holding company,Vertical software businesses,Unknown,Software portfolio implies recurring revenue at acquired companies,Vertical software can be mission-critical depending on workflow depth,Niche vertical software markets can be fragmented,Pacific Lake long-term hold; active; 2026 investment,Strong meta-pattern: niche vertical software acquisition vehicle; informs industry pattern but not a direct operating niche,Map underlying software verticals and acquisition criteria,High,seed
Pacific Lake Partners,https://www.pacificlake.com/operating-companies,A Personal Choice,https://www.tubal-reversal.net,Consumer services,Tubal ligation reversal medical facility,Specialized medical procedure provider,Patients,Unknown,"Procedure revenue likely episodic, not recurring",Medical service but elective/specialty; verify referral dependence,Unknown,Pacific Lake long-term hold; active; 2025 investment,Specialized healthcare services pattern; likely less aligned due to consumer elective/non-recurring demand,"Check referral channels, margins, patient acquisition costs, and procedure repeatability",High,seed
Pacific Lake Partners,https://www.pacificlake.com/operating-companies,FluidSecure,https://www.fluidsecure.com,Software,Fuel and fluid management technology,Industrial/operational software and hardware-enabled platform,Fleet and fuel/fluid operators,Unknown,Management platform likely recurring SaaS/service fees; verify,Fuel/fluid control can be operationally critical for fleets and facilities,Unknown,Pacific Lake long-term hold; active; 2025 investment,"Strong G&B pattern: boring operational infrastructure, usage control, possible recurring software revenue","Validate customer segments, hardware/service mix, churn, and compliance drivers",High,seed
Pacific Lake Partners,https://www.pacificlake.com/operating-companies,FreeBalance,https://www.freebalance.com,Professional services / government technology,Public financial management software and advisory,Government software plus advisory services,Government agencies,Global/Unknown,Government software likely contract recurring; advisory may be project-based,Public financial management is mission-critical,Government technology markets may be fragmented by jurisdiction; verify,Pacific Lake long-term hold; active; 2025 investment,"Attractive mission-critical software/services pattern, but government procurement cycles may be a fit constraint","Review revenue mix, retention, procurement complexity, implementation services, and geography",High,seed
Pacific Lake Partners,https://www.pacificlake.com/operating-companies,Sector 7 Energy,https://www.sector7energy.com,Professional services,Energy consulting,Consulting services,Commercial/industrial energy customers,Unknown,Consulting may be project-based; verify managed-service or recurring monitoring components,Energy cost/compliance work can be important but criticality depends on service line,Unknown,Pacific Lake long-term hold; active; 2025 investment,Potential energy-services niche signal; needs caution if revenue is advisory/project-heavy,"Check customer type, contract repeatability, regulatory drivers, and EBITDA profile",High,seed
Pacific Lake Partners,https://www.pacificlake.com/operating-companies,CyberData Pros,https://www.cyberdatapros.com,Professional services,Cybersecurity data privacy and security consulting,Compliance/security consulting,Businesses,Unknown,Privacy/security programs may create repeat assessments and retained services; verify,Cybersecurity and privacy are compliance-critical,Cyber/privacy services market fragmented; verify local/niche specialization,Pacific Lake long-term hold; active; 2025 investment,Strong signal for compliance-driven B2B services with recurring advisory potential,"Verify managed services vs consulting, client retention, vertical specialization, and regulatory exposure",High,seed
Pacific Lake Partners,https://www.pacificlake.com/operating-companies,O&W Heat Treat,https://www.owheattreat.com,B2B services,Specialized heat treating and brazing,Industrial processing services,Manufacturers,Unknown,Repeat production/customer programs possible; verify,Heat treating can be mission-critical in manufacturing supply chains,Specialized industrial service providers may be fragmented regionally,Pacific Lake long-term hold; active; 2025 investment,Very strong boring B2B industrial services signal; likely worth pattern review,"Study end markets, certifications, customer concentration, capacity utilization, and regional fragmentation",High,seed
Pacific Lake Partners,https://www.pacificlake.com/operating-companies,ADAS Safe,https://www.adas-safe.com,Consumer services / automotive,ADAS calibration and recalibration,Automotive service center,Auto repair/body shops and vehicle owners,Unknown,Recalibration demand repeats with repairs; verify B2B referral/channel mix,Safety-critical calibration after repairs is mission-critical,ADAS calibration market likely fragmented; verify,Pacific Lake long-term hold; active; 2025 investment,Attractive if B2B collision-shop channel and recurring referral network dominate; consumer label needs diligence,"Clarify customer mix, insurance/body-shop relationships, equipment intensity, and market fragmentation",High,seed
Pacific Lake Partners,https://www.pacificlake.com/operating-companies,ASI Group,https://www.asi-group.com,B2B services,Underwater inspection repair and maintenance,Specialized infrastructure services,Infrastructure/marine/industrial customers,Unknown,Inspection and maintenance cycles suggest repeat work; verify contract structure,Inspection/repair/maintenance of underwater assets is mission-critical,Specialized regional providers may be fragmented; verify,Pacific Lake long-term hold; active; 2025 investment,Strong G&B-fit pattern: technical B2B infrastructure services with recurring maintenance demand,"Research asset types, regulatory inspection cycles, customer concentration, safety certifications, and geographic fragmentation",High,seed
Pacific Lake Partners,https://www.pacificlake.com/operating-companies,Wayleadr,https://www.wayleadr.com,B2B services / software,Smart parking and arrival management platform,Workplace mobility/parking software,Enterprises/property operators,Unknown,Platform suggests SaaS or subscription revenue; verify,Parking/arrival workflow important but criticality may be moderate,Unknown,Pacific Lake long-term hold; active; 2025 investment,"Potential vertical workflow software, but workplace real estate exposure needs review","Validate buyer, churn, deployment depth, and office utilization sensitivity",High,seed
Pacific Lake Partners,https://www.pacificlake.com/operating-companies,Gendler Dermatology,https://www.gendlerdermatology.com,Consumer services / healthcare,Cosmetic and medical dermatology,Specialty medical practice,Patients,Unknown,Patient repeat visits possible but mix may be elective; verify,Medical dermatology can be important; cosmetic services less mission-critical,Dermatology practices are fragmented; verify consolidation dynamics,Pacific Lake long-term hold; active; 2025 investment,Healthcare services roll-up signal but likely outside core if consumer/elective heavy,"Check medical vs cosmetic mix, referral channels, recurring treatment cadence, and provider dependence",High,seed
Pacific Lake Partners,https://www.pacificlake.com/operating-companies,WonderPlay Brands,https://www.wonderplaybrands.com,Consumer services,Art and science experiences for children and adults,Experiential education/entertainment,Families/children/adults,Unknown,Class/membership repeat possible; verify,Low to moderate criticality,Local experiential services may be fragmented; verify,Pacific Lake long-term hold; active; 2025 investment,Pattern worth preserving but likely lower G&B fit due to consumer/discretionary exposure,"Verify revenue mix, membership model, seasonality, and location economics",High,seed
BK Growth,https://www.bkgrowth.com/portfolio,4EverYoung,https://4everyoungantiaging.com/,Unknown from approved source,Portfolio gallery,Unknown from approved source,Unknown from approved source,Unknown from approved source,Unknown from approved source; requires enrichment,Unknown from approved source; requires enrichment,Unknown from approved source; requires enrichment,Listed on Kay-approved source page (Portfolio gallery; item type: operating company).,Preserve for pattern recognition; fit not yet assessed.,"Enrich website, industry, niche, customer type, revenue model, recurrence, criticality, fragmentation, and acquisition context from approved primary sources.",High,source_complete_unfiltered
BK Growth,https://www.bkgrowth.com/portfolio,Advanced Aircrew Academy,https://www.aircrewacademy.com,Aviation training,Aircrew training,Training/eLearning,Aircraft operators/flight departments,Unknown,Training likely repeat/compliance-driven; verify,Aviation training can be safety/compliance-critical,Specialized training providers may be fragmented,BK Growth portfolio logo/link from approved page HTML,Strong compliance/safety training signal; possible niche-intelligence candidate after enrichment,"Review training cadence, regulations, customer type, revenue model, and EBITDA profile",Medium,seed
BK Growth,https://www.bkgrowth.com/portfolio,Allied Electric,https://alliedelectricinc.com,B2B services / trades,Electrical services,Trade services,Commercial/industrial/residential unknown,Unknown,Repeat service/maintenance possible; verify,Electrical work can be mission-critical,Electrical contractors are fragmented regionally,BK Growth portfolio logo/link from approved page HTML,Boring services fit possible; needs customer mix to avoid residential/project-heavy exposure,"Verify customer type, maintenance vs project mix, geography, scale, and licensing",Medium,seed
BK Growth,https://www.bkgrowth.com/portfolio,Anterra Tech,https://anterratech.com/,Unknown from approved source,Portfolio gallery,Unknown from approved source,Unknown from approved source,Unknown from approved source,Unknown from approved source; requires enrichment,Unknown from approved source; requires enrichment,Unknown from approved source; requires enrichment,Listed on Kay-approved source page (Portfolio gallery; item type: operating company).,Preserve for pattern recognition; fit not yet assessed.,"Enrich website, industry, niche, customer type, revenue model, recurrence, criticality, fragmentation, and acquisition context from approved primary sources.",High,source_complete_unfiltered
BK Growth,https://www.bkgrowth.com/portfolio,Apex Fundraiser,https://apexleadershipco.com/,Unknown from approved source,Portfolio gallery,Unknown from approved source,Unknown from approved source,Unknown from approved source,Unknown from approved source; requires enrichment,Unknown from approved source; requires enrichment,Unknown from approved source; requires enrichment,Listed on Kay-approved source page (Portfolio gallery; item type: operating company).,Preserve for pattern recognition; fit not yet assessed.,"Enrich website, industry, niche, customer type, revenue model, recurrence, criticality, fragmentation, and acquisition context from approved primary sources.",High,source_complete_unfiltered
BK Growth,https://www.bkgrowth.com/portfolio,ArborOne,,Unknown from approved source,Portfolio gallery,Unknown from approved source,Unknown from approved source,Unknown from approved source,Unknown from approved source; requires enrichment,Unknown from approved source; requires enrichment,Unknown from approved source; requires enrichment,Listed on Kay-approved source page (Portfolio gallery; item type: operating company).,Preserve for pattern recognition; fit not yet assessed.,"Enrich website, industry, niche, customer type, revenue model, recurrence, criticality, fragmentation, and acquisition context from approved primary sources.",High,source_complete_unfiltered
BK Growth,https://www.bkgrowth.com/portfolio,Ascend,https://www.ascendsoftware.com/,Unknown from approved source,Portfolio gallery,Unknown from approved source,Unknown from approved source,Unknown from approved source,Unknown from approved source; requires enrichment,Unknown from approved source; requires enrichment,Unknown from approved source; requires enrichment,Listed on Kay-approved source page (Portfolio gallery; item type: operating company).,Preserve for pattern recognition; fit not yet assessed.,"Enrich website, industry, niche, customer type, revenue model, recurrence, criticality, fragmentation, and acquisition context from approved primary sources.",High,source_complete_unfiltered
BK Growth,https://www.bkgrowth.com/portfolio,Atlantic Duct Cleaning,https://www.atlanticductcleaning.com,B2B services / facilities,Duct cleaning,Facilities maintenance services,Commercial/residential unknown,Unknown,Maintenance cycles can repeat; verify contract mix,Indoor air quality/HVAC cleaning can be important but criticality varies,Local service market likely fragmented,BK Growth portfolio logo/link from approved page HTML,Potential recurring facilities-services pattern if commercial contracts dominate,"Check commercial mix, recurrence, route density, and customer concentration",Medium,seed
BK Growth,https://www.bkgrowth.com/portfolio,Auronix,https://www.auronix.mx/,Unknown from approved source,Portfolio gallery,Unknown from approved source,Unknown from approved source,Unknown from approved source,Unknown from approved source; requires enrichment,Unknown from approved source; requires enrichment,Unknown from approved source; requires enrichment,Listed on Kay-approved source page (Portfolio gallery; item type: operating company).,Preserve for pattern recognition; fit not yet assessed.,"Enrich website, industry, niche, customer type, revenue model, recurrence, criticality, fragmentation, and acquisition context from approved primary sources.",High,source_complete_unfiltered
BK Growth,https://www.bkgrowth.com/portfolio,Avesta,https://www.avestaketaminewellness.com/,Unknown from approved source,Portfolio gallery,Unknown from approved source,Unknown from approved source,Unknown from approved source,Unknown from approved source; requires enrichment,Unknown from approved source; requires enrichment,Unknown from approved source; requires enrichment,Listed on Kay-approved source page (Portfolio gallery; item type: operating company).,Preserve for pattern recognition; fit not yet assessed.,"Enrich website, industry, niche, customer type, revenue model, recurrence, criticality, fragmentation, and acquisition context from approved primary sources.",High,source_complete_unfiltered
BK Growth,https://www.bkgrowth.com/portfolio,Axero,https://axerosolutions.com/,Unknown from approved source,Portfolio gallery,Unknown from approved source,Unknown from approved source,Unknown from approved source,Unknown from approved source; requires enrichment,Unknown from approved source; requires enrichment,Unknown from approved source; requires enrichment,Listed on Kay-approved source page (Portfolio gallery; item type: operating company).,Preserve for pattern recognition; fit not yet assessed.,"Enrich website, industry, niche, customer type, revenue model, recurrence, criticality, fragmentation, and acquisition context from approved primary sources.",High,source_complete_unfiltered
BK Growth,https://www.bkgrowth.com/portfolio,Beartown Holdings,https://www.smtrs.com/,Unknown from approved source,Portfolio gallery,Unknown from approved source,Unknown from approved source,Unknown from approved source,Unknown from approved source; requires enrichment,Unknown from approved source; requires enrichment,Unknown from approved source; requires enrichment,Listed on Kay-approved source page (Portfolio gallery; item type: operating company).,Preserve for pattern recognition; fit not yet assessed.,"Enrich website, industry, niche, customer type, revenue model, recurrence, criticality, fragmentation, and acquisition context from approved primary sources.",High,source_complete_unfiltered
BK Growth,https://www.bkgrowth.com/portfolio,Beecker,https://www.beeckerco.com/,Unknown from approved source,Portfolio gallery,Unknown from approved source,Unknown from approved source,Unknown from approved source,Unknown from approved source; requires enrichment,Unknown from approved source; requires enrichment,Unknown from approved source; requires enrichment,Listed on Kay-approved source page (Portfolio gallery; item type: operating company).,Preserve for pattern recognition; fit not yet assessed.,"Enrich website, industry, niche, customer type, revenue model, recurrence, criticality, fragmentation, and acquisition context from approved primary sources.",High,source_complete_unfiltered
BK Growth,https://www.bkgrowth.com/portfolio,Canyonlands Camps,https://www.canyonlandsfund.com/,Unknown from approved source,Portfolio gallery,Unknown from approved source,Unknown from approved source,Unknown from approved source,Unknown from approved source; requires enrichment,Unknown from approved source; requires enrichment,Unknown from approved source; requires enrichment,Listed on Kay-approved source page (Portfolio gallery; item type: operating company).,Preserve for pattern recognition; fit not yet assessed.,"Enrich website, industry, niche, customer type, revenue model, recurrence, criticality, fragmentation, and acquisition context from approved primary sources.",High,source_complete_unfiltered
BK Growth,https://www.bkgrowth.com/portfolio,Central Storage & Warehouse,https://www.csw-wi.com,B2B services / logistics,Temperature-controlled warehousing,Warehouse services,Food/industrial customers likely,Wisconsin/Unknown,Storage contracts likely recurring,Cold storage can be mission-critical to customer supply chains,Cold storage market has regional fragmentation; verify,BK Growth portfolio logo/link from approved page HTML,Strong G&B pattern: boring B2B critical infrastructure with recurring storage revenue,"Research customer concentration, facility utilization, capex intensity, and contract duration",Medium,seed
BK Growth,https://www.bkgrowth.com/portfolio,Chesapeake Technology,https://chesapeaketech.com/,Unknown from approved source,Portfolio gallery,Unknown from approved source,Unknown from approved source,Unknown from approved source,Unknown from approved source; requires enrichment,Unknown from approved source; requires enrichment,Unknown from approved source; requires enrichment,Listed on Kay-approved source page (Portfolio gallery; item type: operating company).,Preserve for pattern recognition; fit not yet assessed.,"Enrich website, industry, niche, customer type, revenue model, recurrence, criticality, fragmentation, and acquisition context from approved primary sources.",High,source_complete_unfiltered
BK Growth,https://www.bkgrowth.com/portfolio,Clariti,https://www.claritisoftware.com/,Unknown from approved source,Portfolio gallery,Unknown from approved source,Unknown from approved source,Unknown from approved source,Unknown from approved source; requires enrichment,Unknown from approved source; requires enrichment,Unknown from approved source; requires enrichment,Listed on Kay-approved source page (Portfolio gallery; item type: operating company).,Preserve for pattern recognition; fit not yet assessed.,"Enrich website, industry, niche, customer type, revenue model, recurrence, criticality, fragmentation, and acquisition context from approved primary sources.",High,source_complete_unfiltered
BK Growth,https://www.bkgrowth.com/portfolio,Climate Earth,https://climateearth.com/,Unknown from approved source,Portfolio gallery,Unknown from approved source,Unknown from approved source,Unknown from approved source,Unknown from approved source; requires enrichment,Unknown from approved source; requires enrichment,Unknown from approved source; requires enrichment,Listed on Kay-approved source page (Portfolio gallery; item type: operating company).,Preserve for pattern recognition; fit not yet assessed.,"Enrich website, industry, niche, customer type, revenue model, recurrence, criticality, fragmentation, and acquisition context from approved primary sources.",High,source_complete_unfiltered
BK Growth,https://www.bkgrowth.com/portfolio,Comprehensive Mobile Care,https://www.compmobilecare.com/,Unknown from approved source,Portfolio gallery,Unknown from approved source,Unknown from approved source,Unknown from approved source,Unknown from approved source; requires enrichment,Unknown from approved source; requires enrichment,Unknown from approved source; requires enrichment,Listed on Kay-approved source page (Portfolio gallery; item type: operating company).,Preserve for pattern recognition; fit not yet assessed.,"Enrich website, industry, niche, customer type, revenue model, recurrence, criticality, fragmentation, and acquisition context from approved primary sources.",High,source_complete_unfiltered
BK Growth,https://www.bkgrowth.com/portfolio,Concierge Plus,https://conciergeplus.com/,Unknown from approved source,Portfolio gallery,Unknown from approved source,Unknown from approved source,Unknown from approved source,Unknown from approved source; requires enrichment,Unknown from approved source; requires enrichment,Unknown from approved source; requires enrichment,Listed on Kay-approved source page (Portfolio gallery; item type: operating company).,Preserve for pattern recognition; fit not yet assessed.,"Enrich website, industry, niche, customer type, revenue model, recurrence, criticality, fragmentation, and acquisition context from approved primary sources.",High,source_complete_unfiltered
BK Growth,https://www.bkgrowth.com/portfolio,Crystal Practice Management,https://www.crystalpm.com/,Unknown from approved source,Portfolio gallery,Unknown from approved source,Unknown from approved source,Unknown from approved source,Unknown from approved source; requires enrichment,Unknown from approved source; requires enrichment,Unknown from approved source; requires enrichment,Listed on Kay-approved source page (Portfolio gallery; item type: operating company).,Preserve for pattern recognition; fit not yet assessed.,"Enrich website, industry, niche, customer type, revenue model, recurrence, criticality, fragmentation, and acquisition context from approved primary sources.",High,source_complete_unfiltered
BK Growth,https://www.bkgrowth.com/portfolio,DaVinci,https://wdgcorp.com/,Unknown from approved source,Portfolio gallery,Unknown from approved source,Unknown from approved source,Unknown from approved source,Unknown from approved source; requires enrichment,Unknown from approved source; requires enrichment,Unknown from approved source; requires enrichment,Listed on Kay-approved source page (Portfolio gallery; item type: operating company).,Preserve for pattern recognition; fit not yet assessed.,"Enrich website, industry, niche, customer type, revenue model, recurrence, criticality, fragmentation, and acquisition context from approved primary sources.",High,source_complete_unfiltered
BK Growth,https://www.bkgrowth.com/portfolio,ECP,https://www.ecp123.com/,Unknown from approved source,Portfolio gallery,Unknown from approved source,Unknown from approved source,Unknown from approved source,Unknown from approved source; requires enrichment,Unknown from approved source; requires enrichment,Unknown from approved source; requires enrichment,Listed on Kay-approved source page (Portfolio gallery; item type: operating company).,Preserve for pattern recognition; fit not yet assessed.,"Enrich website, industry, niche, customer type, revenue model, recurrence, criticality, fragmentation, and acquisition context from approved primary sources.",High,source_complete_unfiltered
BK Growth,https://www.bkgrowth.com/portfolio,ELK Analytics,https://elkanalytics.com/,Unknown from approved source,Portfolio gallery,Unknown from approved source,Unknown from approved source,Unknown from approved source,Unknown from approved source; requires enrichment,Unknown from approved source; requires enrichment,Unknown from approved source; requires enrichment,Listed on Kay-approved source page (Portfolio gallery; item type: operating company).,Preserve for pattern recognition; fit not yet assessed.,"Enrich website, industry, niche, customer type, revenue model, recurrence, criticality, fragmentation, and acquisition context from approved primary sources.",High,source_complete_unfiltered
BK Growth,https://www.bkgrowth.com/portfolio,Energy Ogre,https://www.energyogre.com/,Unknown from approved source,Portfolio gallery,Unknown from approved source,Unknown from approved source,Unknown from approved source,Unknown from approved source; requires enrichment,Unknown from approved source; requires enrichment,Unknown from approved source; requires enrichment,Listed on Kay-approved source page (Portfolio gallery; item type: operating company).,Preserve for pattern recognition; fit not yet assessed.,"Enrich website, industry, niche, customer type, revenue model, recurrence, criticality, fragmentation, and acquisition context from approved primary sources.",High,source_complete_unfiltered
BK Growth,https://www.bkgrowth.com/portfolio,Ennoble Care,https://www.ennoblecare.com/,Unknown from approved source,Portfolio gallery,Unknown from approved source,Unknown from approved source,Unknown from approved source,Unknown from approved source; requires enrichment,Unknown from approved source; requires enrichment,Unknown from approved source; requires enrichment,Listed on Kay-approved source page (Portfolio gallery; item type: operating company).,Preserve for pattern recognition; fit not yet assessed.,"Enrich website, industry, niche, customer type, revenue model, recurrence, criticality, fragmentation, and acquisition context from approved primary sources.",High,source_complete_unfiltered
BK Growth,https://www.bkgrowth.com/portfolio,ETU,https://www.etu.co/,Unknown from approved source,Portfolio gallery,Unknown from approved source,Unknown from approved source,Unknown from approved source,Unknown from approved source; requires enrichment,Unknown from approved source; requires enrichment,Unknown from approved source; requires enrichment,Listed on Kay-approved source page (Portfolio gallery; item type: operating company).,Preserve for pattern recognition; fit not yet assessed.,"Enrich website, industry, niche, customer type, revenue model, recurrence, criticality, fragmentation, and acquisition context from approved primary sources.",High,source_complete_unfiltered
BK Growth,https://www.bkgrowth.com/portfolio,Eventus,https://eventussecurity.com,Cybersecurity,Managed security / cybersecurity services,Security services,Businesses,Unknown,Managed security may be recurring; verify,Cybersecurity is mission-critical/compliance-driven,Cybersecurity services market fragmented by segment,BK Growth portfolio logo/link from approved page HTML,Strong recurring mission-critical B2B services candidate,"Verify MSSP vs project mix, retention, verticals, and customer concentration",Medium,seed
BK Growth,https://www.bkgrowth.com/portfolio,ExpensePoint,https://www.expensepoint.com/,Unknown from approved source,Portfolio gallery,Unknown from approved source,Unknown from approved source,Unknown from approved source,Unknown from approved source; requires enrichment,Unknown from approved source; requires enrichment,Unknown from approved source; requires enrichment,Listed on Kay-approved source page (Portfolio gallery; item type: operating company).,Preserve for pattern recognition; fit not yet assessed.,"Enrich website, industry, niche, customer type, revenue model, recurrence, criticality, fragmentation, and acquisition context from approved primary sources.",High,source_complete_unfiltered
BK Growth,https://www.bkgrowth.com/portfolio,Facial Aesthetics,https://facialaestheticsinc.com/,Unknown from approved source,Portfolio gallery,Unknown from approved source,Unknown from approved source,Unknown from approved source,Unknown from approved source; requires enrichment,Unknown from approved source; requires enrichment,Unknown from approved source; requires enrichment,Listed on Kay-approved source page (Portfolio gallery; item type: operating company).,Preserve for pattern recognition; fit not yet assessed.,"Enrich website, industry, niche, customer type, revenue model, recurrence, criticality, fragmentation, and acquisition context from approved primary sources.",High,source_complete_unfiltered
BK Growth,https://www.bkgrowth.com/portfolio,Fleetflo,https://www.fleetflo.com/,Unknown from approved source,Portfolio gallery,Unknown from approved source,Unknown from approved source,Unknown from approved source,Unknown from approved source; requires enrichment,Unknown from approved source; requires enrichment,Unknown from approved source; requires enrichment,Listed on Kay-approved source page (Portfolio gallery; item type: operating company).,Preserve for pattern recognition; fit not yet assessed.,"Enrich website, industry, niche, customer type, revenue model, recurrence, criticality, fragmentation, and acquisition context from approved primary sources.",High,source_complete_unfiltered
BK Growth,https://www.bkgrowth.com/portfolio,FluidSecure,https://www.fluidsecure.com,Software,Fuel and fluid management technology,Industrial/operational software and hardware-enabled platform,Fleet and fuel/fluid operators,Unknown,Likely recurring platform/service fees; verify,Fuel/fluid control can be operationally critical,Unknown,BK Growth portfolio logo/link from approved page HTML; also appears on Pacific Lake,Cross-source signal; strong candidate for pattern analysis around fleet/fuel operations software,Compare BK and Pacific Lake context; validate revenue model and retention,Medium,seed
BK Growth,https://www.bkgrowth.com/portfolio,Frotcom,https://www.frotcom.com/,Unknown from approved source,Portfolio gallery,Unknown from approved source,Unknown from approved source,Unknown from approved source,Unknown from approved source; requires enrichment,Unknown from approved source; requires enrichment,Unknown from approved source; requires enrichment,Listed on Kay-approved source page (Portfolio gallery; item type: operating company).,Preserve for pattern recognition; fit not yet assessed.,"Enrich website, industry, niche, customer type, revenue model, recurrence, criticality, fragmentation, and acquisition context from approved primary sources.",High,source_complete_unfiltered
BK Growth,https://www.bkgrowth.com/portfolio,Gendler & Lewis Dermatology,https://amyblewismd.com/,Unknown from approved source,Portfolio gallery,Unknown from approved source,Unknown from approved source,Unknown from approved source,Unknown from approved source; requires enrichment,Unknown from approved source; requires enrichment,Unknown from approved source; requires enrichment,Listed on Kay-approved source page (Portfolio gallery; item type: operating company).,Preserve for pattern recognition; fit not yet assessed.,"Enrich website, industry, niche, customer type, revenue model, recurrence, criticality, fragmentation, and acquisition context from approved primary sources.",High,source_complete_unfiltered
BK Growth,https://www.bkgrowth.com/portfolio,Gilles Hoppenot,https://www.ghs.fr/,Unknown from approved source,Portfolio gallery,Unknown from approved source,Unknown from approved source,Unknown from approved source,Unknown from approved source; requires enrichment,Unknown from approved source; requires enrichment,Unknown from approved source; requires enrichment,Listed on Kay-approved source page (Portfolio gallery; item type: operating company).,Preserve for pattern recognition; fit not yet assessed.,"Enrich website, industry, niche, customer type, revenue model, recurrence, criticality, fragmentation, and acquisition context from approved primary sources.",High,source_complete_unfiltered
BK Growth,https://www.bkgrowth.com/portfolio,Govineer Solutions,https://www.govineersolutions.com/,Unknown from approved source,Portfolio gallery,Unknown from approved source,Unknown from approved source,Unknown from approved source,Unknown from approved source; requires enrichment,Unknown from approved source; requires enrichment,Unknown from approved source; requires enrichment,Listed on Kay-approved source page (Portfolio gallery; item type: operating company).,Preserve for pattern recognition; fit not yet assessed.,"Enrich website, industry, niche, customer type, revenue model, recurrence, criticality, fragmentation, and acquisition context from approved primary sources.",High,source_complete_unfiltered
BK Growth,https://www.bkgrowth.com/portfolio,Grasp,https://www.grasptech.com/,Unknown from approved source,Portfolio gallery,Unknown from approved source,Unknown from approved source,Unknown from approved source,Unknown from approved source; requires enrichment,Unknown from approved source; requires enrichment,Unknown from approved source; requires enrichment,Listed on Kay-approved source page (Portfolio gallery; item type: operating company).,Preserve for pattern recognition; fit not yet assessed.,"Enrich website, industry, niche, customer type, revenue model, recurrence, criticality, fragmentation, and acquisition context from approved primary sources.",High,source_complete_unfiltered
BK Growth,https://www.bkgrowth.com/portfolio,Halsey Health,https://www.halseyhealth.com/,Unknown from approved source,Portfolio gallery,Unknown from approved source,Unknown from approved source,Unknown from approved source,Unknown from approved source; requires enrichment,Unknown from approved source; requires enrichment,Unknown from approved source; requires enrichment,Listed on Kay-approved source page (Portfolio gallery; item type: operating company).,Preserve for pattern recognition; fit not yet assessed.,"Enrich website, industry, niche, customer type, revenue model, recurrence, criticality, fragmentation, and acquisition context from approved primary sources.",High,source_complete_unfiltered
BK Growth,https://www.bkgrowth.com/portfolio,Happy Paws Vet Partners,https://happypawsveterinarypartners.com/,Unknown from approved source,Portfolio gallery,Unknown from approved source,Unknown from approved source,Unknown from approved source,Unknown from approved source; requires enrichment,Unknown from approved source; requires enrichment,Unknown from approved source; requires enrichment,Listed on Kay-approved source page (Portfolio gallery; item type: operating company).,Preserve for pattern recognition; fit not yet assessed.,"Enrich website, industry, niche, customer type, revenue model, recurrence, criticality, fragmentation, and acquisition context from approved primary sources.",High,source_complete_unfiltered
BK Growth,https://www.bkgrowth.com/portfolio,Honolulu Ship Supply,https://honship.com/,Unknown from approved source,Portfolio gallery,Unknown from approved source,Unknown from approved source,Unknown from approved source,Unknown from approved source; requires enrichment,Unknown from approved source; requires enrichment,Unknown from approved source; requires enrichment,Listed on Kay-approved source page (Portfolio gallery; item type: operating company).,Preserve for pattern recognition; fit not yet assessed.,"Enrich website, industry, niche, customer type, revenue model, recurrence, criticality, fragmentation, and acquisition context from approved primary sources.",High,source_complete_unfiltered
BK Growth,https://www.bkgrowth.com/portfolio,Innovative Lab Services,https://www.innlabserv.com/,Unknown from approved source,Portfolio gallery,Unknown from approved source,Unknown from approved source,Unknown from approved source,Unknown from approved source; requires enrichment,Unknown from approved source; requires enrichment,Unknown from approved source; requires enrichment,Listed on Kay-approved source page (Portfolio gallery; item type: operating company).,Preserve for pattern recognition; fit not yet assessed.,"Enrich website, industry, niche, customer type, revenue model, recurrence, criticality, fragmentation, and acquisition context from approved primary sources.",High,source_complete_unfiltered
BK Growth,https://www.bkgrowth.com/portfolio,IT Pipes,https://itpipes.com,Software / infrastructure,Pipeline inspection software,Infrastructure inspection software,Municipalities/utilities/contractors likely,Unknown,Software likely recurring maintenance/subscription; verify,Infrastructure inspection data is mission-critical for utilities/municipalities,Niche software providers may be fragmented,BK Growth portfolio logo/link from approved page HTML,Strong utility/infrastructure inspection software signal,"Research buyer, regulatory inspection cycles, retention, and market map",Medium,seed
BK Growth,https://www.bkgrowth.com/portfolio,JD2M,https://www.jedeclaremonmeuble.com/,Unknown from approved source,Portfolio gallery,Unknown from approved source,Unknown from approved source,Unknown from approved source,Unknown from approved source; requires enrichment,Unknown from approved source; requires enrichment,Unknown from approved source; requires enrichment,Listed on Kay-approved source page (Portfolio gallery; item type: operating company).,Preserve for pattern recognition; fit not yet assessed.,"Enrich website, industry, niche, customer type, revenue model, recurrence, criticality, fragmentation, and acquisition context from approved primary sources.",High,source_complete_unfiltered
BK Growth,https://www.bkgrowth.com/portfolio,Juvonno,https://www.juvonno.com/,Unknown from approved source,Portfolio gallery,Unknown from approved source,Unknown from approved source,Unknown from approved source,Unknown from approved source; requires enrichment,Unknown from approved source; requires enrichment,Unknown from approved source; requires enrichment,Listed on Kay-approved source page (Portfolio gallery; item type: operating company).,Preserve for pattern recognition; fit not yet assessed.,"Enrich website, industry, niche, customer type, revenue model, recurrence, criticality, fragmentation, and acquisition context from approved primary sources.",High,source_complete_unfiltered
BK Growth,https://www.bkgrowth.com/portfolio,Mas Labor,https://maslabor.com,Professional services / compliance,Labor and immigration/workforce services,Compliance/workforce services,Employers,Unknown,Compliance/service relationships may repeat annually; verify,Labor compliance can be critical for customers,Specialized compliance services may be fragmented,BK Growth portfolio logo/link from approved page HTML,Strong compliance-driven B2B services pattern if employer contracts recur,"Verify exact services, legal/regulatory exposure, renewal cadence, and customer concentration",Medium,seed
BK Growth,https://www.bkgrowth.com/portfolio,MaxRTE,https://maxrte.com/,Unknown from approved source,Portfolio gallery,Unknown from approved source,Unknown from approved source,Unknown from approved source,Unknown from approved source; requires enrichment,Unknown from approved source; requires enrichment,Unknown from approved source; requires enrichment,Listed on Kay-approved source page (Portfolio gallery; item type: operating company).,Preserve for pattern recognition; fit not yet assessed.,"Enrich website, industry, niche, customer type, revenue model, recurrence, criticality, fragmentation, and acquisition context from approved primary sources.",High,source_complete_unfiltered
BK Growth,https://www.bkgrowth.com/portfolio,MD Clarity,https://www.mdclarity.com/,Unknown from approved source,Portfolio gallery,Unknown from approved source,Unknown from approved source,Unknown from approved source,Unknown from approved source; requires enrichment,Unknown from approved source; requires enrichment,Unknown from approved source; requires enrichment,Listed on Kay-approved source page (Portfolio gallery; item type: operating company).,Preserve for pattern recognition; fit not yet assessed.,"Enrich website, industry, niche, customer type, revenue model, recurrence, criticality, fragmentation, and acquisition context from approved primary sources.",High,source_complete_unfiltered
BK Growth,https://www.bkgrowth.com/portfolio,North American Trade Schools,https://natradeschools.edu/,Unknown from approved source,Portfolio gallery,Unknown from approved source,Unknown from approved source,Unknown from approved source,Unknown from approved source; requires enrichment,Unknown from approved source; requires enrichment,Unknown from approved source; requires enrichment,Listed on Kay-approved source page (Portfolio gallery; item type: operating company).,Preserve for pattern recognition; fit not yet assessed.,"Enrich website, industry, niche, customer type, revenue model, recurrence, criticality, fragmentation, and acquisition context from approved primary sources.",High,source_complete_unfiltered
BK Growth,https://www.bkgrowth.com/portfolio,NovoPath,https://www.novopath.com,Healthcare software,Laboratory information system,Healthcare/lab software,Pathology/laboratories,Unknown,LIS software likely recurring,Lab information systems are mission-critical,Specialty healthcare software markets can be fragmented,BK Growth portfolio logo/link from approved page HTML,Strong vertical healthcare software pattern; cross-check with Pacific Lake healthcare software theme,"Research customer retention, implementation complexity, regulatory drivers, and TAM",Medium,seed
BK Growth,https://www.bkgrowth.com/portfolio,Nutrishare,https://nutrishare.com/,Unknown from approved source,Portfolio gallery,Unknown from approved source,Unknown from approved source,Unknown from approved source,Unknown from approved source; requires enrichment,Unknown from approved source; requires enrichment,Unknown from approved source; requires enrichment,Listed on Kay-approved source page (Portfolio gallery; item type: operating company).,Preserve for pattern recognition; fit not yet assessed.,"Enrich website, industry, niche, customer type, revenue model, recurrence, criticality, fragmentation, and acquisition context from approved primary sources.",High,source_complete_unfiltered
BK Growth,https://www.bkgrowth.com/portfolio,Objective Management Group,https://www.objectivemanagement.com/,Unknown from approved source,Portfolio gallery,Unknown from approved source,Unknown from approved source,Unknown from approved source,Unknown from approved source; requires enrichment,Unknown from approved source; requires enrichment,Unknown from approved source; requires enrichment,Listed on Kay-approved source page (Portfolio gallery; item type: operating company).,Preserve for pattern recognition; fit not yet assessed.,"Enrich website, industry, niche, customer type, revenue model, recurrence, criticality, fragmentation, and acquisition context from approved primary sources.",High,source_complete_unfiltered
BK Growth,https://www.bkgrowth.com/portfolio,Olea Software,https://www.oleasoftware.com/,Unknown from approved source,Portfolio gallery,Unknown from approved source,Unknown from approved source,Unknown from approved source,Unknown from approved source; requires enrichment,Unknown from approved source; requires enrichment,Unknown from approved source; requires enrichment,Listed on Kay-approved source page (Portfolio gallery; item type: operating company).,Preserve for pattern recognition; fit not yet assessed.,"Enrich website, industry, niche, customer type, revenue model, recurrence, criticality, fragmentation, and acquisition context from approved primary sources.",High,source_complete_unfiltered
BK Growth,https://www.bkgrowth.com/portfolio,P3 Works,https://www.p3-works.com/home,Professional services / government,Public-private partnership advisory/administration,Advisory/administrative services,Public entities/developers,Unknown,May have recurring administration fees; verify,Public infrastructure financing/admin can be important,Specialized advisory providers may be fragmented,BK Growth portfolio logo/link from approved page HTML,Potential niche professional services pattern but project/advisory risk needs diligence,"Review recurring admin revenue, customer mix, procurement cycles, and scale",Medium,seed
BK Growth,https://www.bkgrowth.com/portfolio,Pacific Fertility Center,https://www.pfcla.com/,Unknown from approved source,Portfolio gallery,Unknown from approved source,Unknown from approved source,Unknown from approved source,Unknown from approved source; requires enrichment,Unknown from approved source; requires enrichment,Unknown from approved source; requires enrichment,Listed on Kay-approved source page (Portfolio gallery; item type: operating company).,Preserve for pattern recognition; fit not yet assessed.,"Enrich website, industry, niche, customer type, revenue model, recurrence, criticality, fragmentation, and acquisition context from approved primary sources.",High,source_complete_unfiltered
BK Growth,https://www.bkgrowth.com/portfolio,Page Vault,https://www.page-vault.com,Legal technology / software,Web capture and preservation for legal/compliance use,Software/services,Law firms/legal teams,Unknown,Software/service subscriptions possible; verify,Evidence preservation can be mission-critical in legal workflows,Legal tech niches may be fragmented,BK Growth portfolio logo/link from approved page HTML,Attractive niche workflow/legal-compliance software signal,"Research retention, buyer, usage frequency, defensibility, and litigation cycle exposure",Medium,seed
BK Growth,https://www.bkgrowth.com/portfolio,Pathfinder Brands,https://www.pathfinderbrands.co/,Unknown from approved source,Portfolio gallery,Unknown from approved source,Unknown from approved source,Unknown from approved source,Unknown from approved source; requires enrichment,Unknown from approved source; requires enrichment,Unknown from approved source; requires enrichment,Listed on Kay-approved source page (Portfolio gallery; item type: operating company).,Preserve for pattern recognition; fit not yet assessed.,"Enrich website, industry, niche, customer type, revenue model, recurrence, criticality, fragmentation, and acquisition context from approved primary sources.",High,source_complete_unfiltered
BK Growth,https://www.bkgrowth.com/portfolio,Peace Aging Care Experts,https://www.peaceagingcare.com/,Unknown from approved source,Portfolio gallery,Unknown from approved source,Unknown from approved source,Unknown from approved source,Unknown from approved source; requires enrichment,Unknown from approved source; requires enrichment,Unknown from approved source; requires enrichment,Listed on Kay-approved source page (Portfolio gallery; item type: operating company).,Preserve for pattern recognition; fit not yet assessed.,"Enrich website, industry, niche, customer type, revenue model, recurrence, criticality, fragmentation, and acquisition context from approved primary sources.",High,source_complete_unfiltered
BK Growth,https://www.bkgrowth.com/portfolio,Peak Propane,https://www.peakpropane.com,Energy services,Propane delivery/services,Route-based fuel services,Residential/commercial customers,Unknown,Fuel delivery can recur seasonally/contractually; verify,Heating/fuel supply is critical,Local propane distributors are fragmented,BK Growth portfolio logo/link from approved page HTML,Interesting route-based essential services pattern; commodity exposure and residential mix need caution,"Verify commercial mix, margin volatility, route density, tank ownership, and customer concentration",Medium,seed
BK Growth,https://www.bkgrowth.com/portfolio,Pelvic Health Solutions,https://phsfl.com/,Unknown from approved source,Portfolio gallery,Unknown from approved source,Unknown from approved source,Unknown from approved source,Unknown from approved source; requires enrichment,Unknown from approved source; requires enrichment,Unknown from approved source; requires enrichment,Listed on Kay-approved source page (Portfolio gallery; item type: operating company).,Preserve for pattern recognition; fit not yet assessed.,"Enrich website, industry, niche, customer type, revenue model, recurrence, criticality, fragmentation, and acquisition context from approved primary sources.",High,source_complete_unfiltered
BK Growth,https://www.bkgrowth.com/portfolio,Precision Med,https://www.precisionmed.com/,Unknown from approved source,Portfolio gallery,Unknown from approved source,Unknown from approved source,Unknown from approved source,Unknown from approved source; requires enrichment,Unknown from approved source; requires enrichment,Unknown from approved source; requires enrichment,Listed on Kay-approved source page (Portfolio gallery; item type: operating company).,Preserve for pattern recognition; fit not yet assessed.,"Enrich website, industry, niche, customer type, revenue model, recurrence, criticality, fragmentation, and acquisition context from approved primary sources.",High,source_complete_unfiltered
BK Growth,https://www.bkgrowth.com/portfolio,Quality Standard,https://qualitystandard.com/,Unknown from approved source,Portfolio gallery,Unknown from approved source,Unknown from approved source,Unknown from approved source,Unknown from approved source; requires enrichment,Unknown from approved source; requires enrichment,Unknown from approved source; requires enrichment,Listed on Kay-approved source page (Portfolio gallery; item type: operating company).,Preserve for pattern recognition; fit not yet assessed.,"Enrich website, industry, niche, customer type, revenue model, recurrence, criticality, fragmentation, and acquisition context from approved primary sources.",High,source_complete_unfiltered
BK Growth,https://www.bkgrowth.com/portfolio,RDI,,Unknown from approved source,Portfolio gallery,Unknown from approved source,Unknown from approved source,Unknown from approved source,Unknown from approved source; requires enrichment,Unknown from approved source; requires enrichment,Unknown from approved source; requires enrichment,Listed on Kay-approved source page (Portfolio gallery; item type: operating company).,Preserve for pattern recognition; fit not yet assessed.,"Enrich website, industry, niche, customer type, revenue model, recurrence, criticality, fragmentation, and acquisition context from approved primary sources.",High,source_complete_unfiltered
BK Growth,https://www.bkgrowth.com/portfolio,ReVive,https://revive.md/,Unknown from approved source,Portfolio gallery,Unknown from approved source,Unknown from approved source,Unknown from approved source,Unknown from approved source; requires enrichment,Unknown from approved source; requires enrichment,Unknown from approved source; requires enrichment,Listed on Kay-approved source page (Portfolio gallery; item type: operating company).,Preserve for pattern recognition; fit not yet assessed.,"Enrich website, industry, niche, customer type, revenue model, recurrence, criticality, fragmentation, and acquisition context from approved primary sources.",High,source_complete_unfiltered
BK Growth,https://www.bkgrowth.com/portfolio,Route Two Partners,https://www.routetwopartners.com/,Unknown from approved source,Portfolio gallery,Unknown from approved source,Unknown from approved source,Unknown from approved source,Unknown from approved source; requires enrichment,Unknown from approved source; requires enrichment,Unknown from approved source; requires enrichment,Listed on Kay-approved source page (Portfolio gallery; item type: operating company).,Preserve for pattern recognition; fit not yet assessed.,"Enrich website, industry, niche, customer type, revenue model, recurrence, criticality, fragmentation, and acquisition context from approved primary sources.",High,source_complete_unfiltered
BK Growth,https://www.bkgrowth.com/portfolio,SAMS,https://njbsoft.com/,Unknown from approved source,Portfolio gallery,Unknown from approved source,Unknown from approved source,Unknown from approved source,Unknown from approved source; requires enrichment,Unknown from approved source; requires enrichment,Unknown from approved source; requires enrichment,Listed on Kay-approved source page (Portfolio gallery; item type: operating company).,Preserve for pattern recognition; fit not yet assessed.,"Enrich website, industry, niche, customer type, revenue model, recurrence, criticality, fragmentation, and acquisition context from approved primary sources.",High,source_complete_unfiltered
BK Growth,https://www.bkgrowth.com/portfolio,Scribbles Software,https://www.scribsoft.com,Education software,Student records/document management,Software,Schools/districts,Unknown,Education software likely recurring,Records/document workflows can be operationally important/compliance-related,School admin software niches may be fragmented,BK Growth portfolio logo/link from approved page HTML,Good vertical software pattern with public-sector buyer diligence required,"Verify renewal rates, procurement friction, implementation needs, and customer concentration",Medium,seed
BK Growth,https://www.bkgrowth.com/portfolio,Sector 7 Energy,https://www.sector7energy.com,Professional services,Energy consulting,Consulting services,Commercial/industrial energy customers,Unknown,Consulting may be project-based; verify managed-service component,Energy cost/compliance work can be important,Unknown,BK Growth portfolio logo/link from approved page HTML; also appears on Pacific Lake,Cross-source signal but needs caution on repeatability,"Validate contract structure, regulatory drivers, and customer retention",Medium,seed
BK Growth,https://www.bkgrowth.com/portfolio,Smash My Trash,,Unknown from approved source,Portfolio gallery,Unknown from approved source,Unknown from approved source,Unknown from approved source,Unknown from approved source; requires enrichment,Unknown from approved source; requires enrichment,Unknown from approved source; requires enrichment,Listed on Kay-approved source page (Portfolio gallery; item type: operating company).,Preserve for pattern recognition; fit not yet assessed.,"Enrich website, industry, niche, customer type, revenue model, recurrence, criticality, fragmentation, and acquisition context from approved primary sources.",High,source_complete_unfiltered
BK Growth,https://www.bkgrowth.com/portfolio,SoftTrip,https://www.softrip.com/,Unknown from approved source,Portfolio gallery,Unknown from approved source,Unknown from approved source,Unknown from approved source,Unknown from approved source; requires enrichment,Unknown from approved source; requires enrichment,Unknown from approved source; requires enrichment,Listed on Kay-approved source page (Portfolio gallery; item type: operating company).,Preserve for pattern recognition; fit not yet assessed.,"Enrich website, industry, niche, customer type, revenue model, recurrence, criticality, fragmentation, and acquisition context from approved primary sources.",High,source_complete_unfiltered
BK Growth,https://www.bkgrowth.com/portfolio,Spanish Schoolhouse,https://spanishschoolhouse.com/,Unknown from approved source,Portfolio gallery,Unknown from approved source,Unknown from approved source,Unknown from approved source,Unknown from approved source; requires enrichment,Unknown from approved source; requires enrichment,Unknown from approved source; requires enrichment,Listed on Kay-approved source page (Portfolio gallery; item type: operating company).,Preserve for pattern recognition; fit not yet assessed.,"Enrich website, industry, niche, customer type, revenue model, recurrence, criticality, fragmentation, and acquisition context from approved primary sources.",High,source_complete_unfiltered
BK Growth,https://www.bkgrowth.com/portfolio,StaffScheduleCare,https://www.staffschedulecare.com,Healthcare software,Staff scheduling/care workforce management,Software,Senior care/healthcare operators,Unknown,Workforce management software likely recurring,Staff scheduling in care settings is mission-critical,Vertical workforce software markets can be fragmented,BK Growth portfolio logo/link from approved page HTML,Strong vertical software pattern in healthcare operations,"Research customer retention, labor/regulatory drivers, and customer concentration",Medium,seed
BK Growth,https://www.bkgrowth.com/portfolio,Stage2Data,https://stage2data.com,IT services / data protection,Cloud backup and data protection,Managed IT/data services,Businesses,Unknown,Backup/data protection services likely recurring,Data backup and recovery are mission-critical,Managed data services market fragmented,BK Growth portfolio logo/link from approved page HTML,Strong recurring mission-critical IT services pattern,"Verify managed service mix, retention, channel, and customer size",Medium,seed
BK Growth,https://www.bkgrowth.com/portfolio,STAT,http://www.statanalysis.com/,Unknown from approved source,Portfolio gallery,Unknown from approved source,Unknown from approved source,Unknown from approved source,Unknown from approved source; requires enrichment,Unknown from approved source; requires enrichment,Unknown from approved source; requires enrichment,Listed on Kay-approved source page (Portfolio gallery; item type: operating company).,Preserve for pattern recognition; fit not yet assessed.,"Enrich website, industry, niche, customer type, revenue model, recurrence, criticality, fragmentation, and acquisition context from approved primary sources.",High,source_complete_unfiltered
BK Growth,https://www.bkgrowth.com/portfolio,Tank Track,https://tank-track.com,Software / industrial,Fuel tank monitoring / tracking likely,Industrial monitoring software/services,Fuel/industrial operators,Unknown,Monitoring platforms may be recurring; verify,Tank/fuel monitoring can be operationally critical,Unknown,BK Growth portfolio logo/link from approved page HTML,Pairs with FluidSecure; possible fuel/fluid management cluster,"Confirm exact product, customers, recurring model, and hardware/service mix",Medium,seed
BK Growth,https://www.bkgrowth.com/portfolio,TaskRay,https://taskray.com/,Unknown from approved source,Portfolio gallery,Unknown from approved source,Unknown from approved source,Unknown from approved source,Unknown from approved source; requires enrichment,Unknown from approved source; requires enrichment,Unknown from approved source; requires enrichment,Listed on Kay-approved source page (Portfolio gallery; item type: operating company).,Preserve for pattern recognition; fit not yet assessed.,"Enrich website, industry, niche, customer type, revenue model, recurrence, criticality, fragmentation, and acquisition context from approved primary sources.",High,source_complete_unfiltered
BK Growth,https://www.bkgrowth.com/portfolio,Team Management Systems,https://teamservice.com,Software / field services,Field service management software,Software,Service contractors,Unknown,Field-service software likely recurring,Operating software can be mission-critical,Field-service software niches can be fragmented,BK Growth portfolio logo/link from approved page HTML,Strong vertical workflow software signal for service businesses,"Research vertical focus, customer retention, and implementation depth",Medium,seed
BK Growth,https://www.bkgrowth.com/portfolio,Triyam,https://www.triyam.com,Healthcare software / data management,Healthcare data archival and management,Software/services,Healthcare organizations,Unknown,Data archive services may be recurring; verify,Healthcare records retention is compliance-critical,Healthcare data migration/archive providers may be fragmented,BK Growth portfolio logo/link from approved page HTML; also appears on TTCER,Cross-source compliance healthcare-data signal; strong niche-intelligence candidate,"Research regulatory drivers, renewal rates, switching costs, and market fragmentation",Medium,seed
BK Growth,https://www.bkgrowth.com/portfolio,TopQuadrant,https://www.topquadrant.com/,Unknown from approved source,Portfolio gallery,Unknown from approved source,Unknown from approved source,Unknown from approved source,Unknown from approved source; requires enrichment,Unknown from approved source; requires enrichment,Unknown from approved source; requires enrichment,Listed on Kay-approved source page (Portfolio gallery; item type: operating company).,Preserve for pattern recognition; fit not yet assessed.,"Enrich website, industry, niche, customer type, revenue model, recurrence, criticality, fragmentation, and acquisition context from approved primary sources.",High,source_complete_unfiltered
BK Growth,https://www.bkgrowth.com/portfolio,Tortorella Group,https://www.tortorella.com/,Unknown from approved source,Portfolio gallery,Unknown from approved source,Unknown from approved source,Unknown from approved source,Unknown from approved source; requires enrichment,Unknown from approved source; requires enrichment,Unknown from approved source; requires enrichment,Listed on Kay-approved source page (Portfolio gallery; item type: operating company).,Preserve for pattern recognition; fit not yet assessed.,"Enrich website, industry, niche, customer type, revenue model, recurrence, criticality, fragmentation, and acquisition context from approved primary sources.",High,source_complete_unfiltered
BK Growth,https://www.bkgrowth.com/portfolio,Utility Management Solutions,https://utilitymanage.com,Professional services / utilities,Utility management,Services/software unknown,Property owners/businesses unknown,Unknown,Utility management may involve recurring service fees; verify,Utility cost/admin work can be important,Unknown,BK Growth portfolio logo/link from approved page HTML,Potential boring B2B utility/admin services pattern,"Clarify customer type, recurring revenue, savings model, and regulatory complexity",Medium,seed
BK Growth,https://www.bkgrowth.com/portfolio,Voice Friend,http://www.voicefriend.net/,Unknown from approved source,Portfolio gallery,Unknown from approved source,Unknown from approved source,Unknown from approved source,Unknown from approved source; requires enrichment,Unknown from approved source; requires enrichment,Unknown from approved source; requires enrichment,Listed on Kay-approved source page (Portfolio gallery; item type: operating company).,Preserve for pattern recognition; fit not yet assessed.,"Enrich website, industry, niche, customer type, revenue model, recurrence, criticality, fragmentation, and acquisition context from approved primary sources.",High,source_complete_unfiltered
BK Growth,https://www.bkgrowth.com/portfolio,Wu Consulting Group,https://wuconsulting.com/,Unknown from approved source,Portfolio gallery,Unknown from approved source,Unknown from approved source,Unknown from approved source,Unknown from approved source; requires enrichment,Unknown from approved source; requires enrichment,Unknown from approved source; requires enrichment,Listed on Kay-approved source page (Portfolio gallery; item type: operating company).,Preserve for pattern recognition; fit not yet assessed.,"Enrich website, industry, niche, customer type, revenue model, recurrence, criticality, fragmentation, and acquisition context from approved primary sources.",High,source_complete_unfiltered
TTCER Partners,https://ttcerpartners.com/,Neul Capital Holdings,,Holding company,Unknown from source,Unknown,Unknown,Unknown,TTCER states emphasis on recurring revenues at firm level; company-specific signal unknown,Unknown,Unknown,TTCER select partner; company where TTCER holds board seat,Preserve as approved-source signal; needs company-level enrichment before pattern use,Find company website and business description from approved follow-up sources,Medium,needs_enrichment
TTCER Partners,https://ttcerpartners.com/,QMC Telecom,,Telecommunications,Wireless/telecom infrastructure,Unknown,Telecom carriers/infrastructure users,Unknown,Infrastructure revenue may be recurring; verify,Telecom infrastructure can be mission-critical,Unknown,TTCER select partner; company where TTCER holds board seat,Potential infrastructure/services pattern; likely worth enrichment,"Verify business model, geography, contract duration, and customer concentration",Medium,needs_enrichment
TTCER Partners,https://ttcerpartners.com/,Christopher Kimball Milk Street,,Unknown from approved source,Select Partners,Unknown from approved source,Unknown from approved source,Unknown from approved source,Unknown from approved source; requires enrichment,Unknown from approved source; requires enrichment,Unknown from approved source; requires enrichment,Listed on Kay-approved source page (Select Partners; item type: operating company).,Preserve for pattern recognition; fit not yet assessed.,"Enrich website, industry, niche, customer type, revenue model, recurrence, criticality, fragmentation, and acquisition context from approved primary sources.",Medium,source_complete_unfiltered
TTCER Partners,https://ttcerpartners.com/,Banyan Software,,Software,Vertical software holding company,Software acquisition and operation,Vertical software companies/customers,Unknown,Vertical software often subscription/maintenance recurring,Workflow software can be mission-critical,Fragmented niche software markets likely,TTCER select partner; company where TTCER holds board seat,Strong cross-source signal with Pacific Lake: niche vertical software holdco pattern,Map Banyan verticals and recurring-revenue characteristics,Medium,needs_enrichment
TTCER Partners,https://ttcerpartners.com/,Mercury Roadway,,Unknown from approved source,Select Partners,Unknown from approved source,Unknown from approved source,Unknown from approved source,Unknown from approved source; requires enrichment,Unknown from approved source; requires enrichment,Unknown from approved source; requires enrichment,Listed on Kay-approved source page (Select Partners; item type: operating company).,Preserve for pattern recognition; fit not yet assessed.,"Enrich website, industry, niche, customer type, revenue model, recurrence, criticality, fragmentation, and acquisition context from approved primary sources.",Medium,source_complete_unfiltered
TTCER Partners,https://ttcerpartners.com/,Frotcom Intelligent Fleet,,Unknown from approved source,Select Partners,Unknown from approved source,Unknown from approved source,Unknown from approved source,Unknown from approved source; requires enrichment,Unknown from approved source; requires enrichment,Unknown from approved source; requires enrichment,Listed on Kay-approved source page (Select Partners; item type: operating company).,Preserve for pattern recognition; fit not yet assessed.,"Enrich website, industry, niche, customer type, revenue model, recurrence, criticality, fragmentation, and acquisition context from approved primary sources.",Medium,source_complete_unfiltered
TTCER Partners,https://ttcerpartners.com/,Datacor,,Software,Process manufacturing and distribution software,Vertical ERP/software,Chemical manufacturers and distributors,Unknown,Enterprise software likely recurring maintenance/SaaS; verify,ERP for process manufacturing/distribution is mission-critical,Vertical software markets can be fragmented by niche,TTCER select partner; company where TTCER holds board seat,Strong G&B market-pattern signal: niche vertical software for regulated/technical B2B industries,"Research Datacor verticals, retention, implementation complexity, and customer concentration",Medium,needs_enrichment
TTCER Partners,https://ttcerpartners.com/,ESPYR,,Healthcare / employee services,Behavioral health and employee support services,Services/platform,Employers/organizations,Unknown,Employer support programs may be contract recurring; verify,Employee mental health/support can be important but buyer criticality varies,Unknown,TTCER select partner; company where TTCER holds board seat,Potential B2B healthcare services pattern; needs fit work,"Verify model, contract length, utilization, outcomes, and customer concentration",Medium,needs_enrichment
TTCER Partners,https://ttcerpartners.com/,Auronix,,Software / communications,Business messaging/communications,Software/platform,Businesses,Unknown,Communications platforms often recurring; verify,Customer/business communication can be operationally important,Unknown,TTCER select partner; company where TTCER holds board seat,Potential recurring B2B communications software signal; compare to Message Digital,"Verify customer type, vertical focus, retention, and regulatory use cases",Medium,needs_enrichment
TTCER Partners,https://ttcerpartners.com/,Eyeq Monitoring,,Security / monitoring,Remote video/security monitoring,Monitoring services,Businesses/properties,Unknown,Monitoring services likely recurring monthly contracts; verify,Security monitoring is mission-critical for many customers,Security services market often fragmented; verify,TTCER select partner; company where TTCER holds board seat,"Strong candidate pattern for niche-intelligence: recurring, mission-critical monitoring services","Research end markets, contract length, false-alarm ops, labor intensity, and fragmentation",Medium,needs_enrichment
TTCER Partners,https://ttcerpartners.com/,Beeckerco,,Software / automation,Intelligent automation services/software,Implementation/services platform,Enterprises,Unknown,Automation work may be project plus managed services; verify,Workflow automation can be important but varies by process,Unknown,TTCER select partner; company where TTCER holds board seat,Interesting B2B automation pattern but may be services-heavy and enterprise-sales-heavy,"Verify revenue mix, repeatability, specialization, and customer concentration",Medium,needs_enrichment
TTCER Partners,https://ttcerpartners.com/,OI Infusion Services,,Healthcare services,Infusion therapy services,Specialty healthcare services,Patients/providers/payers,Unknown,Infusion care may be repeat treatment revenue; verify payer model,Healthcare delivery can be mission-critical,Specialty infusion sites may be fragmented regionally; verify,TTCER select partner; company where TTCER holds board seat,Strong healthcare services pattern if recurring treatments and payer contracts support durability,"Research payer mix, site economics, referral sources, regulation, and provider dependence",Medium,needs_enrichment
TTCER Partners,https://ttcerpartners.com/,Kantola,,Education / compliance training,Harassment prevention and DEI compliance training,eLearning/software,Businesses and government organizations,Unknown,Compliance training likely recurring annual/seat-based demand; verify,Compliance training is regulatory-driven and recurring,Training providers are fragmented; verify,TTCER select partner; company where TTCER holds board seat,Strong pattern: compliance-driven B2B training/eLearning with recurring demand,"Verify renewal rates, regulatory drivers, customer size, and content update burden",Medium,needs_enrichment
TTCER Partners,https://ttcerpartners.com/,Revive,,Healthcare / consumer services,Unknown from source,Unknown,Unknown,Unknown,Unknown,Unknown,Unknown,TTCER select partner; company where TTCER holds board seat,Preserve but avoid fit conclusion until enriched,"Identify exact company, service line, and revenue model",Medium,needs_enrichment
TTCER Partners,https://ttcerpartners.com/,Vitana Pediatric Dental Partners,,Healthcare services,Pediatric dental services,Multi-site dental practice/DSO,Patients/families,Unknown,Patient recall cycles suggest recurring demand; verify,Dental care is important but consumer/payer dynamics vary,Dental practices are fragmented; verify,TTCER select partner; company where TTCER holds board seat,Healthcare roll-up pattern; likely adjacent but may be outside G&B core due to consumer/provider dependence,"Research DSO economics, retention, payer mix, clinician dependence, and market concentration",Medium,needs_enrichment
TTCER Partners,https://ttcerpartners.com/,Shandy Clinic,,Healthcare services,Pediatric therapy/clinic services likely,Clinic services,Patients/families,Unknown,Therapy services can be recurring episodes of care; verify,Clinical therapy services can be important to patients/families,Clinic markets may be fragmented locally; verify,TTCER select partner; company where TTCER holds board seat,Potential recurring healthcare services pattern; needs fit review,"Verify exact services, reimbursement model, clinician dependence, retention, and capacity constraints",Medium,needs_enrichment
TTCER Partners,https://ttcerpartners.com/,Sunburn,,Unknown,Unknown from source,Unknown,Unknown,Unknown,Unknown,Unknown,Unknown,TTCER select partner; company where TTCER holds board seat,Insufficient evidence for G&B relevance yet,Identify company website and business model from approved follow-up sources,Medium,needs_enrichment
TTCER Partners,https://ttcerpartners.com/,Taskray,,Software,Project management/customer onboarding software,Vertical/workflow software,Businesses using Salesforce/customer onboarding workflows,Unknown,Software likely subscription; verify,Customer onboarding workflow can be operationally important,Unknown,TTCER select partner; company where TTCER holds board seat,"Good B2B workflow SaaS pattern, though likely more software than G&B services core","Verify vertical focus, retention, Salesforce dependency, and customer size",Medium,needs_enrichment
TTCER Partners,https://ttcerpartners.com/,Triyam Data Management Solutions,,Healthcare software / data management,Healthcare data archival and management,Software/services,Healthcare organizations,Unknown,Data management software/services may be recurring; verify,Healthcare records/data retention can be compliance-critical,Healthcare data migration/archive providers may be fragmented; verify,TTCER select partner; company where TTCER holds board seat,Strong compliance/data-retention pattern worth niche-intelligence consideration,"Research regulatory demand, renewal rates, customer concentration, and switching costs",Medium,needs_enrichment
Saltoun Capital Partners,https://www.saltouncapital.com/portfolio,2020 Innovation,,Unknown from approved source,Portfolio,Unknown from approved source,Unknown from approved source,Unknown from approved source,Unknown from approved source; requires enrichment,Unknown from approved source; requires enrichment,Unknown from approved source; requires enrichment,Listed on Kay-approved source page (Portfolio; item type: operating company).,Preserve for pattern recognition; fit not yet assessed.,"Enrich website, industry, niche, customer type, revenue model, recurrence, criticality, fragmentation, and acquisition context from approved primary sources.",High,source_complete_unfiltered
Saltoun Capital Partners,https://www.saltouncapital.com/portfolio,4EverYoung Anti-Aging Solutions,,Unknown from approved source,Portfolio,Unknown from approved source,Unknown from approved source,Unknown from approved source,Unknown from approved source; requires enrichment,Unknown from approved source; requires enrichment,Unknown from approved source; requires enrichment,Listed on Kay-approved source page (Portfolio; item type: operating company).,Preserve for pattern recognition; fit not yet assessed.,"Enrich website, industry, niche, customer type, revenue model, recurrence, criticality, fragmentation, and acquisition context from approved primary sources.",High,source_complete_unfiltered
Saltoun Capital Partners,https://www.saltouncapital.com/portfolio,"Anovia Health, LLC",,Unknown from approved source,Portfolio,Unknown from approved source,Unknown from approved source,Unknown from approved source,Unknown from approved source; requires enrichment,Unknown from approved source; requires enrichment,Unknown from approved source; requires enrichment,Listed on Kay-approved source page (Portfolio; item type: operating company).,Preserve for pattern recognition; fit not yet assessed.,"Enrich website, industry, niche, customer type, revenue model, recurrence, criticality, fragmentation, and acquisition context from approved primary sources.",High,source_complete_unfiltered
Saltoun Capital Partners,https://www.saltouncapital.com/portfolio,Apex Fun Run,,Unknown from approved source,Portfolio,Unknown from approved source,Unknown from approved source,Unknown from approved source,Unknown from approved source; requires enrichment,Unknown from approved source; requires enrichment,Unknown from approved source; requires enrichment,Listed on Kay-approved source page (Portfolio; item type: operating company).,Preserve for pattern recognition; fit not yet assessed.,"Enrich website, industry, niche, customer type, revenue model, recurrence, criticality, fragmentation, and acquisition context from approved primary sources.",High,source_complete_unfiltered
Saltoun Capital Partners,https://www.saltouncapital.com/portfolio,Ascend Software,,Unknown from approved source,Portfolio,Unknown from approved source,Unknown from approved source,Unknown from approved source,Unknown from approved source; requires enrichment,Unknown from approved source; requires enrichment,Unknown from approved source; requires enrichment,Listed on Kay-approved source page (Portfolio; item type: operating company).,Preserve for pattern recognition; fit not yet assessed.,"Enrich website, industry, niche, customer type, revenue model, recurrence, criticality, fragmentation, and acquisition context from approved primary sources.",High,source_complete_unfiltered
Saltoun Capital Partners,https://www.saltouncapital.com/portfolio,Atlantic Duct Cleaning,,Unknown from approved source,Portfolio,Unknown from approved source,Unknown from approved source,Unknown from approved source,Unknown from approved source; requires enrichment,Unknown from approved source; requires enrichment,Unknown from approved source; requires enrichment,Listed on Kay-approved source page (Portfolio; item type: operating company).,Preserve for pattern recognition; fit not yet assessed.,"Enrich website, industry, niche, customer type, revenue model, recurrence, criticality, fragmentation, and acquisition context from approved primary sources.",High,source_complete_unfiltered
Saltoun Capital Partners,https://www.saltouncapital.com/portfolio,Avesta Ketamine,,Unknown from approved source,Portfolio,Unknown from approved source,Unknown from approved source,Unknown from approved source,Unknown from approved source; requires enrichment,Unknown from approved source; requires enrichment,Unknown from approved source; requires enrichment,Listed on Kay-approved source page (Portfolio; item type: operating company).,Preserve for pattern recognition; fit not yet assessed.,"Enrich website, industry, niche, customer type, revenue model, recurrence, criticality, fragmentation, and acquisition context from approved primary sources.",High,source_complete_unfiltered
Saltoun Capital Partners,https://www.saltouncapital.com/portfolio,B4All,,Unknown from approved source,Portfolio,Unknown from approved source,Unknown from approved source,Unknown from approved source,Unknown from approved source; requires enrichment,Unknown from approved source; requires enrichment,Unknown from approved source; requires enrichment,Listed on Kay-approved source page (Portfolio; item type: operating company).,Preserve for pattern recognition; fit not yet assessed.,"Enrich website, industry, niche, customer type, revenue model, recurrence, criticality, fragmentation, and acquisition context from approved primary sources.",High,source_complete_unfiltered
Saltoun Capital Partners,https://www.saltouncapital.com/portfolio,Banyan Software,https://banyansoftware.com,Software / HoldCo,Vertical software holding company,Software acquisition and operation,Vertical software companies/customers,Unknown,Saltoun stated vertical market software theme; Banyan model implies recurring software at portfolio level,Vertical software can be mission-critical depending on end market,Fragmented niche software markets likely,Saltoun portfolio row; investment March 2010,Cross-source repeated meta-pattern: vertical software holdco as respected investor favorite,Map underlying verticals to identify service-adjacent niches G&B can study,High,seed
Saltoun Capital Partners,https://www.saltouncapital.com/portfolio,Beryllium,,Unknown from approved source,Portfolio,Unknown from approved source,Unknown from approved source,Unknown from approved source,Unknown from approved source; requires enrichment,Unknown from approved source; requires enrichment,Unknown from approved source; requires enrichment,Listed on Kay-approved source page (Portfolio; item type: operating company).,Preserve for pattern recognition; fit not yet assessed.,"Enrich website, industry, niche, customer type, revenue model, recurrence, criticality, fragmentation, and acquisition context from approved primary sources.",High,source_complete_unfiltered
Saltoun Capital Partners,https://www.saltouncapital.com/portfolio,"Bleecker Street Group, LLC",,Unknown from approved source,Portfolio,Unknown from approved source,Unknown from approved source,Unknown from approved source,Unknown from approved source; requires enrichment,Unknown from approved source; requires enrichment,Unknown from approved source; requires enrichment,Listed on Kay-approved source page (Portfolio; item type: operating company).,Preserve for pattern recognition; fit not yet assessed.,"Enrich website, industry, niche, customer type, revenue model, recurrence, criticality, fragmentation, and acquisition context from approved primary sources.",High,source_complete_unfiltered
Saltoun Capital Partners,https://www.saltouncapital.com/portfolio,Calcom Software Solutions,,Unknown from approved source,Portfolio,Unknown from approved source,Unknown from approved source,Unknown from approved source,Unknown from approved source; requires enrichment,Unknown from approved source; requires enrichment,Unknown from approved source; requires enrichment,Listed on Kay-approved source page (Portfolio; item type: operating company).,Preserve for pattern recognition; fit not yet assessed.,"Enrich website, industry, niche, customer type, revenue model, recurrence, criticality, fragmentation, and acquisition context from approved primary sources.",High,source_complete_unfiltered
Saltoun Capital Partners,https://www.saltouncapital.com/portfolio,"Canyonlands Fund, LLC",,Unknown from approved source,Portfolio,Unknown from approved source,Unknown from approved source,Unknown from approved source,Unknown from approved source; requires enrichment,Unknown from approved source; requires enrichment,Unknown from approved source; requires enrichment,Listed on Kay-approved source page (Portfolio; item type: operating company).,Preserve for pattern recognition; fit not yet assessed.,"Enrich website, industry, niche, customer type, revenue model, recurrence, criticality, fragmentation, and acquisition context from approved primary sources.",High,source_complete_unfiltered
Saltoun Capital Partners,https://www.saltouncapital.com/portfolio,Central Storage & Warehouse Co.,,Unknown from approved source,Portfolio,Unknown from approved source,Unknown from approved source,Unknown from approved source,Unknown from approved source; requires enrichment,Unknown from approved source; requires enrichment,Unknown from approved source; requires enrichment,Listed on Kay-approved source page (Portfolio; item type: operating company).,Preserve for pattern recognition; fit not yet assessed.,"Enrich website, industry, niche, customer type, revenue model, recurrence, criticality, fragmentation, and acquisition context from approved primary sources.",High,source_complete_unfiltered
Saltoun Capital Partners,https://www.saltouncapital.com/portfolio,Choice Water Solutions,,Unknown from approved source,Portfolio,Unknown from approved source,Unknown from approved source,Unknown from approved source,Unknown from approved source; requires enrichment,Unknown from approved source; requires enrichment,Unknown from approved source; requires enrichment,Listed on Kay-approved source page (Portfolio; item type: operating company).,Preserve for pattern recognition; fit not yet assessed.,"Enrich website, industry, niche, customer type, revenue model, recurrence, criticality, fragmentation, and acquisition context from approved primary sources.",High,source_complete_unfiltered
Saltoun Capital Partners,https://www.saltouncapital.com/portfolio,"Church Mutual Insurance Company, S.I.",,Unknown from approved source,Portfolio,Unknown from approved source,Unknown from approved source,Unknown from approved source,Unknown from approved source; requires enrichment,Unknown from approved source; requires enrichment,Unknown from approved source; requires enrichment,Listed on Kay-approved source page (Portfolio; item type: operating company).,Preserve for pattern recognition; fit not yet assessed.,"Enrich website, industry, niche, customer type, revenue model, recurrence, criticality, fragmentation, and acquisition context from approved primary sources.",High,source_complete_unfiltered
Saltoun Capital Partners,https://www.saltouncapital.com/portfolio,Cicero Therapies,,Unknown from approved source,Portfolio,Unknown from approved source,Unknown from approved source,Unknown from approved source,Unknown from approved source; requires enrichment,Unknown from approved source; requires enrichment,Unknown from approved source; requires enrichment,Listed on Kay-approved source page (Portfolio; item type: operating company).,Preserve for pattern recognition; fit not yet assessed.,"Enrich website, industry, niche, customer type, revenue model, recurrence, criticality, fragmentation, and acquisition context from approved primary sources.",High,source_complete_unfiltered
Saltoun Capital Partners,https://www.saltouncapital.com/portfolio,Crystal Practice Management,,Unknown from approved source,Portfolio,Unknown from approved source,Unknown from approved source,Unknown from approved source,Unknown from approved source; requires enrichment,Unknown from approved source; requires enrichment,Unknown from approved source; requires enrichment,Listed on Kay-approved source page (Portfolio; item type: operating company).,Preserve for pattern recognition; fit not yet assessed.,"Enrich website, industry, niche, customer type, revenue model, recurrence, criticality, fragmentation, and acquisition context from approved primary sources.",High,source_complete_unfiltered
Saltoun Capital Partners,https://www.saltouncapital.com/portfolio,Ctaima,https://www.ctaima.com,Software / compliance,OHS and contractor compliance management likely,Compliance SaaS,Businesses with safety/compliance obligations,Unknown,Compliance software usually recurring; verify,Health and safety compliance can be regulatory critical,Compliance software/service markets may be fragmented by vertical and geography,Saltoun portfolio row; investment November 2018,Adds weight to compliance/safety software as a recurring portfolio pattern,Validate product scope regulatory drivers customer retention and vertical focus,Medium,seed
Saltoun Capital Partners,https://www.saltouncapital.com/portfolio,Curious Software,,Unknown from approved source,Portfolio,Unknown from approved source,Unknown from approved source,Unknown from approved source,Unknown from approved source; requires enrichment,Unknown from approved source; requires enrichment,Unknown from approved source; requires enrichment,Listed on Kay-approved source page (Portfolio; item type: operating company).,Preserve for pattern recognition; fit not yet assessed.,"Enrich website, industry, niche, customer type, revenue model, recurrence, criticality, fragmentation, and acquisition context from approved primary sources.",High,source_complete_unfiltered
Saltoun Capital Partners,https://www.saltouncapital.com/portfolio,Datacor,https://www.datacor.com,Software,Process manufacturing software,Vertical market software,Process manufacturers and distributors,Unknown,Saltoun says focus includes vertical market software; Datacor likely recurring software but verify,Process manufacturing software is operationally critical,Niche vertical software markets can be fragmented,Saltoun investor and partner to Datacor since 2017; Saltoun page highlights Datacor as leading process manufacturing software company,Strong repeated signal across Saltoun TTCER and Pacific Lake for vertical software in technical B2B markets,Research customer retention regulatory drivers ERP adjacency and chemical/process manufacturing niches,High,seed
Saltoun Capital Partners,https://www.saltouncapital.com/portfolio,Ecp (Extended Care Professional,,Unknown from approved source,Portfolio,Unknown from approved source,Unknown from approved source,Unknown from approved source,Unknown from approved source; requires enrichment,Unknown from approved source; requires enrichment,Unknown from approved source; requires enrichment,Listed on Kay-approved source page (Portfolio; item type: operating company).,Preserve for pattern recognition; fit not yet assessed.,"Enrich website, industry, niche, customer type, revenue model, recurrence, criticality, fragmentation, and acquisition context from approved primary sources.",High,source_complete_unfiltered
Saltoun Capital Partners,https://www.saltouncapital.com/portfolio,Eleven Software,,Unknown from approved source,Portfolio,Unknown from approved source,Unknown from approved source,Unknown from approved source,Unknown from approved source; requires enrichment,Unknown from approved source; requires enrichment,Unknown from approved source; requires enrichment,Listed on Kay-approved source page (Portfolio; item type: operating company).,Preserve for pattern recognition; fit not yet assessed.,"Enrich website, industry, niche, customer type, revenue model, recurrence, criticality, fragmentation, and acquisition context from approved primary sources.",High,source_complete_unfiltered
Saltoun Capital Partners,https://www.saltouncapital.com/portfolio,Elk Analytics-Security SMEs,,Unknown from approved source,Portfolio,Unknown from approved source,Unknown from approved source,Unknown from approved source,Unknown from approved source; requires enrichment,Unknown from approved source; requires enrichment,Unknown from approved source; requires enrichment,Listed on Kay-approved source page (Portfolio; item type: operating company).,Preserve for pattern recognition; fit not yet assessed.,"Enrich website, industry, niche, customer type, revenue model, recurrence, criticality, fragmentation, and acquisition context from approved primary sources.",High,source_complete_unfiltered
Saltoun Capital Partners,https://www.saltouncapital.com/portfolio,Energy Savings Partners,,Unknown from approved source,Portfolio,Unknown from approved source,Unknown from approved source,Unknown from approved source,Unknown from approved source; requires enrichment,Unknown from approved source; requires enrichment,Unknown from approved source; requires enrichment,Listed on Kay-approved source page (Portfolio; item type: operating company).,Preserve for pattern recognition; fit not yet assessed.,"Enrich website, industry, niche, customer type, revenue model, recurrence, criticality, fragmentation, and acquisition context from approved primary sources.",High,source_complete_unfiltered
Saltoun Capital Partners,https://www.saltouncapital.com/portfolio,Ennoble Care Hospice,,Unknown from approved source,Portfolio,Unknown from approved source,Unknown from approved source,Unknown from approved source,Unknown from approved source; requires enrichment,Unknown from approved source; requires enrichment,Unknown from approved source; requires enrichment,Listed on Kay-approved source page (Portfolio; item type: operating company).,Preserve for pattern recognition; fit not yet assessed.,"Enrich website, industry, niche, customer type, revenue model, recurrence, criticality, fragmentation, and acquisition context from approved primary sources.",High,source_complete_unfiltered
Saltoun Capital Partners,https://www.saltouncapital.com/portfolio,"Erthwrks, LLC",,Unknown from approved source,Portfolio,Unknown from approved source,Unknown from approved source,Unknown from approved source,Unknown from approved source; requires enrichment,Unknown from approved source; requires enrichment,Unknown from approved source; requires enrichment,Listed on Kay-approved source page (Portfolio; item type: operating company).,Preserve for pattern recognition; fit not yet assessed.,"Enrich website, industry, niche, customer type, revenue model, recurrence, criticality, fragmentation, and acquisition context from approved primary sources.",High,source_complete_unfiltered
Saltoun Capital Partners,https://www.saltouncapital.com/portfolio,"Facial Aesthetics, LLC",,Unknown from approved source,Portfolio,Unknown from approved source,Unknown from approved source,Unknown from approved source,Unknown from approved source; requires enrichment,Unknown from approved source; requires enrichment,Unknown from approved source; requires enrichment,Listed on Kay-approved source page (Portfolio; item type: operating company).,Preserve for pattern recognition; fit not yet assessed.,"Enrich website, industry, niche, customer type, revenue model, recurrence, criticality, fragmentation, and acquisition context from approved primary sources.",High,source_complete_unfiltered
Saltoun Capital Partners,https://www.saltouncapital.com/portfolio,FileOnQ,https://fileonq.com,Software,Records/evidence/inventory management software likely,Vertical workflow software,Public safety/government/enterprise customers likely,Unknown,Software likely recurring maintenance/subscription; verify,Records and evidence workflows can be mission-critical,Niche public-sector workflow software may be fragmented,Saltoun portfolio row,Potential public-sector workflow software pattern adjacent to compliance/legal records,Confirm customer segment retention procurement friction and implementation requirements,Medium,seed
Saltoun Capital Partners,https://www.saltouncapital.com/portfolio,"Forio Holdings, Inc.",,Unknown from approved source,Portfolio,Unknown from approved source,Unknown from approved source,Unknown from approved source,Unknown from approved source; requires enrichment,Unknown from approved source; requires enrichment,Unknown from approved source; requires enrichment,Listed on Kay-approved source page (Portfolio; item type: operating company).,Preserve for pattern recognition; fit not yet assessed.,"Enrich website, industry, niche, customer type, revenue model, recurrence, criticality, fragmentation, and acquisition context from approved primary sources.",High,source_complete_unfiltered
Saltoun Capital Partners,https://www.saltouncapital.com/portfolio,Frazil,,Unknown from approved source,Portfolio,Unknown from approved source,Unknown from approved source,Unknown from approved source,Unknown from approved source; requires enrichment,Unknown from approved source; requires enrichment,Unknown from approved source; requires enrichment,Listed on Kay-approved source page (Portfolio; item type: operating company).,Preserve for pattern recognition; fit not yet assessed.,"Enrich website, industry, niche, customer type, revenue model, recurrence, criticality, fragmentation, and acquisition context from approved primary sources.",High,source_complete_unfiltered
Saltoun Capital Partners,https://www.saltouncapital.com/portfolio,"Gastro Center of Maryland, LLC",,Unknown from approved source,Portfolio,Unknown from approved source,Unknown from approved source,Unknown from approved source,Unknown from approved source; requires enrichment,Unknown from approved source; requires enrichment,Unknown from approved source; requires enrichment,Listed on Kay-approved source page (Portfolio; item type: operating company).,Preserve for pattern recognition; fit not yet assessed.,"Enrich website, industry, niche, customer type, revenue model, recurrence, criticality, fragmentation, and acquisition context from approved primary sources.",High,source_complete_unfiltered
Saltoun Capital Partners,https://www.saltouncapital.com/portfolio,Govineer Solutions,,Unknown from approved source,Portfolio,Unknown from approved source,Unknown from approved source,Unknown from approved source,Unknown from approved source; requires enrichment,Unknown from approved source; requires enrichment,Unknown from approved source; requires enrichment,Listed on Kay-approved source page (Portfolio; item type: operating company).,Preserve for pattern recognition; fit not yet assessed.,"Enrich website, industry, niche, customer type, revenue model, recurrence, criticality, fragmentation, and acquisition context from approved primary sources.",High,source_complete_unfiltered
Saltoun Capital Partners,https://www.saltouncapital.com/portfolio,HCIM (Health Care Information Management),,Unknown from approved source,Portfolio,Unknown from approved source,Unknown from approved source,Unknown from approved source,Unknown from approved source; requires enrichment,Unknown from approved source; requires enrichment,Unknown from approved source; requires enrichment,Listed on Kay-approved source page (Portfolio; item type: operating company).,Preserve for pattern recognition; fit not yet assessed.,"Enrich website, industry, niche, customer type, revenue model, recurrence, criticality, fragmentation, and acquisition context from approved primary sources.",High,source_complete_unfiltered
Saltoun Capital Partners,https://www.saltouncapital.com/portfolio,Healthmark Group,https://www.healthmark-group.com,Healthcare services / data,Healthcare information release and records services likely,Healthcare data/workflow services,Healthcare providers,Unknown,Provider workflow services likely repeat/contracted; verify,Medical records and health information workflows are compliance-critical,Healthcare admin services can be fragmented,Saltoun portfolio row; investor Holland Course Capital; investment November 2019,Healthcare compliance/admin services pattern worth comparing with Triyam RRS Medical and MaxRTE,Research revenue model HIPAA/regulatory drivers customer concentration and retention,Medium,seed
Saltoun Capital Partners,https://www.saltouncapital.com/portfolio,"HigherMe, Inc.",,Unknown from approved source,Portfolio,Unknown from approved source,Unknown from approved source,Unknown from approved source,Unknown from approved source; requires enrichment,Unknown from approved source; requires enrichment,Unknown from approved source; requires enrichment,Listed on Kay-approved source page (Portfolio; item type: operating company).,Preserve for pattern recognition; fit not yet assessed.,"Enrich website, industry, niche, customer type, revenue model, recurrence, criticality, fragmentation, and acquisition context from approved primary sources.",High,source_complete_unfiltered
Saltoun Capital Partners,https://www.saltouncapital.com/portfolio,Infosel,,Unknown from approved source,Portfolio,Unknown from approved source,Unknown from approved source,Unknown from approved source,Unknown from approved source; requires enrichment,Unknown from approved source; requires enrichment,Unknown from approved source; requires enrichment,Listed on Kay-approved source page (Portfolio; item type: operating company).,Preserve for pattern recognition; fit not yet assessed.,"Enrich website, industry, niche, customer type, revenue model, recurrence, criticality, fragmentation, and acquisition context from approved primary sources.",High,source_complete_unfiltered
Saltoun Capital Partners,https://www.saltouncapital.com/portfolio,Innovative Lab Services,,Unknown from approved source,Portfolio,Unknown from approved source,Unknown from approved source,Unknown from approved source,Unknown from approved source; requires enrichment,Unknown from approved source; requires enrichment,Unknown from approved source; requires enrichment,Listed on Kay-approved source page (Portfolio; item type: operating company).,Preserve for pattern recognition; fit not yet assessed.,"Enrich website, industry, niche, customer type, revenue model, recurrence, criticality, fragmentation, and acquisition context from approved primary sources.",High,source_complete_unfiltered
Saltoun Capital Partners,https://www.saltouncapital.com/portfolio,IntellaTriage,https://intellatriage.com,Healthcare services,Healthcare triage services,Outsourced clinical/call service,Healthcare organizations,Unknown,Triage/call coverage may be recurring contracted service; verify,Patient triage can be mission-critical,Specialized healthcare outsourced service markets may be fragmented,Saltoun portfolio row; Reese; investment November 2019,Attractive healthcare outsourced services pattern if B2B contracted and provider-independent,Validate staffing intensity clinician dependence contract length and customer concentration,Medium,seed
Saltoun Capital Partners,https://www.saltouncapital.com/portfolio,Mas Labor,,Unknown from approved source,Portfolio,Unknown from approved source,Unknown from approved source,Unknown from approved source,Unknown from approved source; requires enrichment,Unknown from approved source; requires enrichment,Unknown from approved source; requires enrichment,Listed on Kay-approved source page (Portfolio; item type: operating company).,Preserve for pattern recognition; fit not yet assessed.,"Enrich website, industry, niche, customer type, revenue model, recurrence, criticality, fragmentation, and acquisition context from approved primary sources.",High,source_complete_unfiltered
Saltoun Capital Partners,https://www.saltouncapital.com/portfolio,Max RTE,https://www.maxrte.com,Healthcare software / RCM,Insurance discovery and eligibility SaaS,Revenue-cycle software,Healthcare RCM companies/providers,Unknown,Anacapa describes MaxRTE as SaaS; recurring likely,Eligibility and insurance discovery are critical to healthcare revenue cycle,Healthcare RCM software niches can be fragmented,Saltoun portfolio row; also Anacapa description confirms insurance discovery and eligibility SaaS,Strong healthcare workflow software pattern with clear revenue-cycle criticality,Research retention payer data dependencies RCM buyer concentration and integration depth,High,seed
Saltoun Capital Partners,https://www.saltouncapital.com/portfolio,Md Clarity,,Unknown from approved source,Portfolio,Unknown from approved source,Unknown from approved source,Unknown from approved source,Unknown from approved source; requires enrichment,Unknown from approved source; requires enrichment,Unknown from approved source; requires enrichment,Listed on Kay-approved source page (Portfolio; item type: operating company).,Preserve for pattern recognition; fit not yet assessed.,"Enrich website, industry, niche, customer type, revenue model, recurrence, criticality, fragmentation, and acquisition context from approved primary sources.",High,source_complete_unfiltered
Saltoun Capital Partners,https://www.saltouncapital.com/portfolio,Mechcan LLC,,Unknown from approved source,Portfolio,Unknown from approved source,Unknown from approved source,Unknown from approved source,Unknown from approved source; requires enrichment,Unknown from approved source; requires enrichment,Unknown from approved source; requires enrichment,Listed on Kay-approved source page (Portfolio; item type: operating company).,Preserve for pattern recognition; fit not yet assessed.,"Enrich website, industry, niche, customer type, revenue model, recurrence, criticality, fragmentation, and acquisition context from approved primary sources.",High,source_complete_unfiltered
Saltoun Capital Partners,https://www.saltouncapital.com/portfolio,Metabolic Solutions (MSI),,Unknown from approved source,Portfolio,Unknown from approved source,Unknown from approved source,Unknown from approved source,Unknown from approved source; requires enrichment,Unknown from approved source; requires enrichment,Unknown from approved source; requires enrichment,Listed on Kay-approved source page (Portfolio; item type: operating company).,Preserve for pattern recognition; fit not yet assessed.,"Enrich website, industry, niche, customer type, revenue model, recurrence, criticality, fragmentation, and acquisition context from approved primary sources.",High,source_complete_unfiltered
Saltoun Capital Partners,https://www.saltouncapital.com/portfolio,MeterNet,,Unknown from approved source,Portfolio,Unknown from approved source,Unknown from approved source,Unknown from approved source,Unknown from approved source; requires enrichment,Unknown from approved source; requires enrichment,Unknown from approved source; requires enrichment,Listed on Kay-approved source page (Portfolio; item type: operating company).,Preserve for pattern recognition; fit not yet assessed.,"Enrich website, industry, niche, customer type, revenue model, recurrence, criticality, fragmentation, and acquisition context from approved primary sources.",High,source_complete_unfiltered
Saltoun Capital Partners,https://www.saltouncapital.com/portfolio,Motum,,Unknown from approved source,Portfolio,Unknown from approved source,Unknown from approved source,Unknown from approved source,Unknown from approved source; requires enrichment,Unknown from approved source; requires enrichment,Unknown from approved source; requires enrichment,Listed on Kay-approved source page (Portfolio; item type: operating company).,Preserve for pattern recognition; fit not yet assessed.,"Enrich website, industry, niche, customer type, revenue model, recurrence, criticality, fragmentation, and acquisition context from approved primary sources.",High,source_complete_unfiltered
Saltoun Capital Partners,https://www.saltouncapital.com/portfolio,Nearshore Company,,Unknown from approved source,Portfolio,Unknown from approved source,Unknown from approved source,Unknown from approved source,Unknown from approved source; requires enrichment,Unknown from approved source; requires enrichment,Unknown from approved source; requires enrichment,Listed on Kay-approved source page (Portfolio; item type: operating company).,Preserve for pattern recognition; fit not yet assessed.,"Enrich website, industry, niche, customer type, revenue model, recurrence, criticality, fragmentation, and acquisition context from approved primary sources.",High,source_complete_unfiltered
Saltoun Capital Partners,https://www.saltouncapital.com/portfolio,Nutrishare,,Unknown from approved source,Portfolio,Unknown from approved source,Unknown from approved source,Unknown from approved source,Unknown from approved source; requires enrichment,Unknown from approved source; requires enrichment,Unknown from approved source; requires enrichment,Listed on Kay-approved source page (Portfolio; item type: operating company).,Preserve for pattern recognition; fit not yet assessed.,"Enrich website, industry, niche, customer type, revenue model, recurrence, criticality, fragmentation, and acquisition context from approved primary sources.",High,source_complete_unfiltered
Saltoun Capital Partners,https://www.saltouncapital.com/portfolio,Objective Management Group,,Unknown from approved source,Portfolio,Unknown from approved source,Unknown from approved source,Unknown from approved source,Unknown from approved source; requires enrichment,Unknown from approved source; requires enrichment,Unknown from approved source; requires enrichment,Listed on Kay-approved source page (Portfolio; item type: operating company).,Preserve for pattern recognition; fit not yet assessed.,"Enrich website, industry, niche, customer type, revenue model, recurrence, criticality, fragmentation, and acquisition context from approved primary sources.",High,source_complete_unfiltered
Saltoun Capital Partners,https://www.saltouncapital.com/portfolio,OneShield,,Unknown from approved source,Portfolio,Unknown from approved source,Unknown from approved source,Unknown from approved source,Unknown from approved source; requires enrichment,Unknown from approved source; requires enrichment,Unknown from approved source; requires enrichment,Listed on Kay-approved source page (Portfolio; item type: operating company).,Preserve for pattern recognition; fit not yet assessed.,"Enrich website, industry, niche, customer type, revenue model, recurrence, criticality, fragmentation, and acquisition context from approved primary sources.",High,source_complete_unfiltered
Saltoun Capital Partners,https://www.saltouncapital.com/portfolio,Orion Cordage,,Unknown from approved source,Portfolio,Unknown from approved source,Unknown from approved source,Unknown from approved source,Unknown from approved source; requires enrichment,Unknown from approved source; requires enrichment,Unknown from approved source; requires enrichment,Listed on Kay-approved source page (Portfolio; item type: operating company).,Preserve for pattern recognition; fit not yet assessed.,"Enrich website, industry, niche, customer type, revenue model, recurrence, criticality, fragmentation, and acquisition context from approved primary sources.",High,source_complete_unfiltered
Saltoun Capital Partners,https://www.saltouncapital.com/portfolio,P3Works LLC,,Unknown from approved source,Portfolio,Unknown from approved source,Unknown from approved source,Unknown from approved source,Unknown from approved source; requires enrichment,Unknown from approved source; requires enrichment,Unknown from approved source; requires enrichment,Listed on Kay-approved source page (Portfolio; item type: operating company).,Preserve for pattern recognition; fit not yet assessed.,"Enrich website, industry, niche, customer type, revenue model, recurrence, criticality, fragmentation, and acquisition context from approved primary sources.",High,source_complete_unfiltered
Saltoun Capital Partners,https://www.saltouncapital.com/portfolio,Page Vault,,Unknown from approved source,Portfolio,Unknown from approved source,Unknown from approved source,Unknown from approved source,Unknown from approved source; requires enrichment,Unknown from approved source; requires enrichment,Unknown from approved source; requires enrichment,Listed on Kay-approved source page (Portfolio; item type: operating company).,Preserve for pattern recognition; fit not yet assessed.,"Enrich website, industry, niche, customer type, revenue model, recurrence, criticality, fragmentation, and acquisition context from approved primary sources.",High,source_complete_unfiltered
Saltoun Capital Partners,https://www.saltouncapital.com/portfolio,Performio,,Unknown from approved source,Portfolio,Unknown from approved source,Unknown from approved source,Unknown from approved source,Unknown from approved source; requires enrichment,Unknown from approved source; requires enrichment,Unknown from approved source; requires enrichment,Listed on Kay-approved source page (Portfolio; item type: operating company).,Preserve for pattern recognition; fit not yet assessed.,"Enrich website, industry, niche, customer type, revenue model, recurrence, criticality, fragmentation, and acquisition context from approved primary sources.",High,source_complete_unfiltered
Saltoun Capital Partners,https://www.saltouncapital.com/portfolio,"Radiant Health Partners, LLC",,Unknown from approved source,Portfolio,Unknown from approved source,Unknown from approved source,Unknown from approved source,Unknown from approved source; requires enrichment,Unknown from approved source; requires enrichment,Unknown from approved source; requires enrichment,Listed on Kay-approved source page (Portfolio; item type: operating company).,Preserve for pattern recognition; fit not yet assessed.,"Enrich website, industry, niche, customer type, revenue model, recurrence, criticality, fragmentation, and acquisition context from approved primary sources.",High,source_complete_unfiltered
Saltoun Capital Partners,https://www.saltouncapital.com/portfolio,Real Power Industries LLC,,Unknown from approved source,Portfolio,Unknown from approved source,Unknown from approved source,Unknown from approved source,Unknown from approved source; requires enrichment,Unknown from approved source; requires enrichment,Unknown from approved source; requires enrichment,Listed on Kay-approved source page (Portfolio; item type: operating company).,Preserve for pattern recognition; fit not yet assessed.,"Enrich website, industry, niche, customer type, revenue model, recurrence, criticality, fragmentation, and acquisition context from approved primary sources.",High,source_complete_unfiltered
Saltoun Capital Partners,https://www.saltouncapital.com/portfolio,RescueStat,,Unknown from approved source,Portfolio,Unknown from approved source,Unknown from approved source,Unknown from approved source,Unknown from approved source; requires enrichment,Unknown from approved source; requires enrichment,Unknown from approved source; requires enrichment,Listed on Kay-approved source page (Portfolio; item type: operating company).,Preserve for pattern recognition; fit not yet assessed.,"Enrich website, industry, niche, customer type, revenue model, recurrence, criticality, fragmentation, and acquisition context from approved primary sources.",High,source_complete_unfiltered
Saltoun Capital Partners,https://www.saltouncapital.com/portfolio,Revive MedSpa,,Unknown from approved source,Portfolio,Unknown from approved source,Unknown from approved source,Unknown from approved source,Unknown from approved source; requires enrichment,Unknown from approved source; requires enrichment,Unknown from approved source; requires enrichment,Listed on Kay-approved source page (Portfolio; item type: operating company).,Preserve for pattern recognition; fit not yet assessed.,"Enrich website, industry, niche, customer type, revenue model, recurrence, criticality, fragmentation, and acquisition context from approved primary sources.",High,source_complete_unfiltered
Saltoun Capital Partners,https://www.saltouncapital.com/portfolio,Safewaze,,Unknown from approved source,Portfolio,Unknown from approved source,Unknown from approved source,Unknown from approved source,Unknown from approved source; requires enrichment,Unknown from approved source; requires enrichment,Unknown from approved source; requires enrichment,Listed on Kay-approved source page (Portfolio; item type: operating company).,Preserve for pattern recognition; fit not yet assessed.,"Enrich website, industry, niche, customer type, revenue model, recurrence, criticality, fragmentation, and acquisition context from approved primary sources.",High,source_complete_unfiltered
Saltoun Capital Partners,https://www.saltouncapital.com/portfolio,"SAMS (NJBSoft, LLC)",,Unknown from approved source,Portfolio,Unknown from approved source,Unknown from approved source,Unknown from approved source,Unknown from approved source; requires enrichment,Unknown from approved source; requires enrichment,Unknown from approved source; requires enrichment,Listed on Kay-approved source page (Portfolio; item type: operating company).,Preserve for pattern recognition; fit not yet assessed.,"Enrich website, industry, niche, customer type, revenue model, recurrence, criticality, fragmentation, and acquisition context from approved primary sources.",High,source_complete_unfiltered
Saltoun Capital Partners,https://www.saltouncapital.com/portfolio,Shandy Clinic,,Unknown from approved source,Portfolio,Unknown from approved source,Unknown from approved source,Unknown from approved source,Unknown from approved source; requires enrichment,Unknown from approved source; requires enrichment,Unknown from approved source; requires enrichment,Listed on Kay-approved source page (Portfolio; item type: operating company).,Preserve for pattern recognition; fit not yet assessed.,"Enrich website, industry, niche, customer type, revenue model, recurrence, criticality, fragmentation, and acquisition context from approved primary sources.",High,source_complete_unfiltered
Saltoun Capital Partners,https://www.saltouncapital.com/portfolio,ShipCo Transport,,Unknown from approved source,Portfolio,Unknown from approved source,Unknown from approved source,Unknown from approved source,Unknown from approved source; requires enrichment,Unknown from approved source; requires enrichment,Unknown from approved source; requires enrichment,Listed on Kay-approved source page (Portfolio; item type: operating company).,Preserve for pattern recognition; fit not yet assessed.,"Enrich website, industry, niche, customer type, revenue model, recurrence, criticality, fragmentation, and acquisition context from approved primary sources.",High,source_complete_unfiltered
Saltoun Capital Partners,https://www.saltouncapital.com/portfolio,Softrip,,Unknown from approved source,Portfolio,Unknown from approved source,Unknown from approved source,Unknown from approved source,Unknown from approved source; requires enrichment,Unknown from approved source; requires enrichment,Unknown from approved source; requires enrichment,Listed on Kay-approved source page (Portfolio; item type: operating company).,Preserve for pattern recognition; fit not yet assessed.,"Enrich website, industry, niche, customer type, revenue model, recurrence, criticality, fragmentation, and acquisition context from approved primary sources.",High,source_complete_unfiltered
Saltoun Capital Partners,https://www.saltouncapital.com/portfolio,Spanish Schoolhouse,,Unknown from approved source,Portfolio,Unknown from approved source,Unknown from approved source,Unknown from approved source,Unknown from approved source; requires enrichment,Unknown from approved source; requires enrichment,Unknown from approved source; requires enrichment,Listed on Kay-approved source page (Portfolio; item type: operating company).,Preserve for pattern recognition; fit not yet assessed.,"Enrich website, industry, niche, customer type, revenue model, recurrence, criticality, fragmentation, and acquisition context from approved primary sources.",High,source_complete_unfiltered
Saltoun Capital Partners,https://www.saltouncapital.com/portfolio,"Sunscape Landscaping, LLC",,Unknown from approved source,Portfolio,Unknown from approved source,Unknown from approved source,Unknown from approved source,Unknown from approved source; requires enrichment,Unknown from approved source; requires enrichment,Unknown from approved source; requires enrichment,Listed on Kay-approved source page (Portfolio; item type: operating company).,Preserve for pattern recognition; fit not yet assessed.,"Enrich website, industry, niche, customer type, revenue model, recurrence, criticality, fragmentation, and acquisition context from approved primary sources.",High,source_complete_unfiltered
Saltoun Capital Partners,https://www.saltouncapital.com/portfolio,Task Ray,,Unknown from approved source,Portfolio,Unknown from approved source,Unknown from approved source,Unknown from approved source,Unknown from approved source; requires enrichment,Unknown from approved source; requires enrichment,Unknown from approved source; requires enrichment,Listed on Kay-approved source page (Portfolio; item type: operating company).,Preserve for pattern recognition; fit not yet assessed.,"Enrich website, industry, niche, customer type, revenue model, recurrence, criticality, fragmentation, and acquisition context from approved primary sources.",High,source_complete_unfiltered
Saltoun Capital Partners,https://www.saltouncapital.com/portfolio,"TopQuadrant, Inc.",,Unknown from approved source,Portfolio,Unknown from approved source,Unknown from approved source,Unknown from approved source,Unknown from approved source; requires enrichment,Unknown from approved source; requires enrichment,Unknown from approved source; requires enrichment,Listed on Kay-approved source page (Portfolio; item type: operating company).,Preserve for pattern recognition; fit not yet assessed.,"Enrich website, industry, niche, customer type, revenue model, recurrence, criticality, fragmentation, and acquisition context from approved primary sources.",High,source_complete_unfiltered
Saltoun Capital Partners,https://www.saltouncapital.com/portfolio,Tortorella Group,,Unknown from approved source,Portfolio,Unknown from approved source,Unknown from approved source,Unknown from approved source,Unknown from approved source; requires enrichment,Unknown from approved source; requires enrichment,Unknown from approved source; requires enrichment,Listed on Kay-approved source page (Portfolio; item type: operating company).,Preserve for pattern recognition; fit not yet assessed.,"Enrich website, industry, niche, customer type, revenue model, recurrence, criticality, fragmentation, and acquisition context from approved primary sources.",High,source_complete_unfiltered
Saltoun Capital Partners,https://www.saltouncapital.com/portfolio,TransTech Inc.,,Unknown from approved source,Portfolio,Unknown from approved source,Unknown from approved source,Unknown from approved source,Unknown from approved source; requires enrichment,Unknown from approved source; requires enrichment,Unknown from approved source; requires enrichment,Listed on Kay-approved source page (Portfolio; item type: operating company).,Preserve for pattern recognition; fit not yet assessed.,"Enrich website, industry, niche, customer type, revenue model, recurrence, criticality, fragmentation, and acquisition context from approved primary sources.",High,source_complete_unfiltered
Saltoun Capital Partners,https://www.saltouncapital.com/portfolio,UMS (Utility Management Sources),,Unknown from approved source,Portfolio,Unknown from approved source,Unknown from approved source,Unknown from approved source,Unknown from approved source; requires enrichment,Unknown from approved source; requires enrichment,Unknown from approved source; requires enrichment,Listed on Kay-approved source page (Portfolio; item type: operating company).,Preserve for pattern recognition; fit not yet assessed.,"Enrich website, industry, niche, customer type, revenue model, recurrence, criticality, fragmentation, and acquisition context from approved primary sources.",High,source_complete_unfiltered
Saltoun Capital Partners,https://www.saltouncapital.com/portfolio,Attainia,,Unknown from approved source,Portfolio,Unknown from approved source,Unknown from approved source,Unknown from approved source,Unknown from approved source; requires enrichment,Unknown from approved source; requires enrichment,Unknown from approved source; requires enrichment,Listed on Kay-approved source page (Portfolio; item type: operating company).,Preserve for pattern recognition; fit not yet assessed.,"Enrich website, industry, niche, customer type, revenue model, recurrence, criticality, fragmentation, and acquisition context from approved primary sources.",High,source_complete_unfiltered
Saltoun Capital Partners,https://www.saltouncapital.com/portfolio,Briscoe Protective,,Unknown from approved source,Portfolio,Unknown from approved source,Unknown from approved source,Unknown from approved source,Unknown from approved source; requires enrichment,Unknown from approved source; requires enrichment,Unknown from approved source; requires enrichment,Listed on Kay-approved source page (Portfolio; item type: operating company).,Preserve for pattern recognition; fit not yet assessed.,"Enrich website, industry, niche, customer type, revenue model, recurrence, criticality, fragmentation, and acquisition context from approved primary sources.",High,source_complete_unfiltered
Saltoun Capital Partners,https://www.saltouncapital.com/portfolio,Circle Surrogacy,,Unknown from approved source,Portfolio,Unknown from approved source,Unknown from approved source,Unknown from approved source,Unknown from approved source; requires enrichment,Unknown from approved source; requires enrichment,Unknown from approved source; requires enrichment,Listed on Kay-approved source page (Portfolio; item type: operating company).,Preserve for pattern recognition; fit not yet assessed.,"Enrich website, industry, niche, customer type, revenue model, recurrence, criticality, fragmentation, and acquisition context from approved primary sources.",High,source_complete_unfiltered
Saltoun Capital Partners,https://www.saltouncapital.com/portfolio,Echosec Systems,,Unknown from approved source,Portfolio,Unknown from approved source,Unknown from approved source,Unknown from approved source,Unknown from approved source; requires enrichment,Unknown from approved source; requires enrichment,Unknown from approved source; requires enrichment,Listed on Kay-approved source page (Portfolio; item type: operating company).,Preserve for pattern recognition; fit not yet assessed.,"Enrich website, industry, niche, customer type, revenue model, recurrence, criticality, fragmentation, and acquisition context from approved primary sources.",High,source_complete_unfiltered
Saltoun Capital Partners,https://www.saltouncapital.com/portfolio,Flint Group,,Unknown from approved source,Portfolio,Unknown from approved source,Unknown from approved source,Unknown from approved source,Unknown from approved source; requires enrichment,Unknown from approved source; requires enrichment,Unknown from approved source; requires enrichment,Listed on Kay-approved source page (Portfolio; item type: operating company).,Preserve for pattern recognition; fit not yet assessed.,"Enrich website, industry, niche, customer type, revenue model, recurrence, criticality, fragmentation, and acquisition context from approved primary sources.",High,source_complete_unfiltered
Saltoun Capital Partners,https://www.saltouncapital.com/portfolio,IMS Analysis,,Unknown from approved source,Portfolio,Unknown from approved source,Unknown from approved source,Unknown from approved source,Unknown from approved source; requires enrichment,Unknown from approved source; requires enrichment,Unknown from approved source; requires enrichment,Listed on Kay-approved source page (Portfolio; item type: operating company).,Preserve for pattern recognition; fit not yet assessed.,"Enrich website, industry, niche, customer type, revenue model, recurrence, criticality, fragmentation, and acquisition context from approved primary sources.",High,source_complete_unfiltered
Saltoun Capital Partners,https://www.saltouncapital.com/portfolio,Lightwave Dental,,Unknown from approved source,Portfolio,Unknown from approved source,Unknown from approved source,Unknown from approved source,Unknown from approved source; requires enrichment,Unknown from approved source; requires enrichment,Unknown from approved source; requires enrichment,Listed on Kay-approved source page (Portfolio; item type: operating company).,Preserve for pattern recognition; fit not yet assessed.,"Enrich website, industry, niche, customer type, revenue model, recurrence, criticality, fragmentation, and acquisition context from approved primary sources.",High,source_complete_unfiltered
Saltoun Capital Partners,https://www.saltouncapital.com/portfolio,Merchants Capital,,Unknown from approved source,Portfolio,Unknown from approved source,Unknown from approved source,Unknown from approved source,Unknown from approved source; requires enrichment,Unknown from approved source; requires enrichment,Unknown from approved source; requires enrichment,Listed on Kay-approved source page (Portfolio; item type: operating company).,Preserve for pattern recognition; fit not yet assessed.,"Enrich website, industry, niche, customer type, revenue model, recurrence, criticality, fragmentation, and acquisition context from approved primary sources.",High,source_complete_unfiltered
Saltoun Capital Partners,https://www.saltouncapital.com/portfolio,Morningside Translations,https://www.morningtrans.com,Professional services / language,Patent and IP translations,Specialized translation services,Corporate legal departments / IP law,Unknown,Translation projects recur with IP filings; verify contracted accounts,Patent/IP translation is deadline and compliance-sensitive,Specialized translation providers are fragmented,Saltoun portfolio row; Greenwich Point Capital; investment May 2017,Strong specialized B2B professional services signal adjacent to legal/IP compliance,Validate account recurrence customer concentration margin profile and machine translation pressure,Medium,seed
Saltoun Capital Partners,https://www.saltouncapital.com/portfolio,Mtab,,Unknown from approved source,Portfolio,Unknown from approved source,Unknown from approved source,Unknown from approved source,Unknown from approved source; requires enrichment,Unknown from approved source; requires enrichment,Unknown from approved source; requires enrichment,Listed on Kay-approved source page (Portfolio; item type: operating company).,Preserve for pattern recognition; fit not yet assessed.,"Enrich website, industry, niche, customer type, revenue model, recurrence, criticality, fragmentation, and acquisition context from approved primary sources.",High,source_complete_unfiltered
Saltoun Capital Partners,https://www.saltouncapital.com/portfolio,Pacific Fertility Center,,Unknown from approved source,Portfolio,Unknown from approved source,Unknown from approved source,Unknown from approved source,Unknown from approved source; requires enrichment,Unknown from approved source; requires enrichment,Unknown from approved source; requires enrichment,Listed on Kay-approved source page (Portfolio; item type: operating company).,Preserve for pattern recognition; fit not yet assessed.,"Enrich website, industry, niche, customer type, revenue model, recurrence, criticality, fragmentation, and acquisition context from approved primary sources.",High,source_complete_unfiltered
Saltoun Capital Partners,https://www.saltouncapital.com/portfolio,Performance Systems Integration,https://www.psintegrated.com,B2B services / safety systems,Fire and life safety systems likely,Inspection/service/installation,Commercial facilities,Unknown,Inspection/service contracts likely recurring; verify,Fire/life safety is mission-critical and code-driven,Local/regional safety service providers are fragmented,Saltoun past investment row; investment December 2014,Strong G&B-fit pattern: code-driven facility services with repeat inspection demand,Research inspection cadence service mix customer concentration and regional fragmentation,Medium,seed
Saltoun Capital Partners,https://www.saltouncapital.com/portfolio,"PrecisionMed, Inc.",,Unknown from approved source,Portfolio,Unknown from approved source,Unknown from approved source,Unknown from approved source,Unknown from approved source; requires enrichment,Unknown from approved source; requires enrichment,Unknown from approved source; requires enrichment,Listed on Kay-approved source page (Portfolio; item type: operating company).,Preserve for pattern recognition; fit not yet assessed.,"Enrich website, industry, niche, customer type, revenue model, recurrence, criticality, fragmentation, and acquisition context from approved primary sources.",High,source_complete_unfiltered
Saltoun Capital Partners,https://www.saltouncapital.com/portfolio,"Ryzer, LLC",,Unknown from approved source,Portfolio,Unknown from approved source,Unknown from approved source,Unknown from approved source,Unknown from approved source; requires enrichment,Unknown from approved source; requires enrichment,Unknown from approved source; requires enrichment,Listed on Kay-approved source page (Portfolio; item type: operating company).,Preserve for pattern recognition; fit not yet assessed.,"Enrich website, industry, niche, customer type, revenue model, recurrence, criticality, fragmentation, and acquisition context from approved primary sources.",High,source_complete_unfiltered
Saltoun Capital Partners,https://www.saltouncapital.com/portfolio,Scribsoft,,Unknown from approved source,Portfolio,Unknown from approved source,Unknown from approved source,Unknown from approved source,Unknown from approved source; requires enrichment,Unknown from approved source; requires enrichment,Unknown from approved source; requires enrichment,Listed on Kay-approved source page (Portfolio; item type: operating company).,Preserve for pattern recognition; fit not yet assessed.,"Enrich website, industry, niche, customer type, revenue model, recurrence, criticality, fragmentation, and acquisition context from approved primary sources.",High,source_complete_unfiltered
Saltoun Capital Partners,https://www.saltouncapital.com/portfolio,Ticketech,,Unknown from approved source,Portfolio,Unknown from approved source,Unknown from approved source,Unknown from approved source,Unknown from approved source; requires enrichment,Unknown from approved source; requires enrichment,Unknown from approved source; requires enrichment,Listed on Kay-approved source page (Portfolio; item type: operating company).,Preserve for pattern recognition; fit not yet assessed.,"Enrich website, industry, niche, customer type, revenue model, recurrence, criticality, fragmentation, and acquisition context from approved primary sources.",High,source_complete_unfiltered
Saltoun Capital Partners,https://www.saltouncapital.com/portfolio,Transifex OpCo LLC,,Unknown from approved source,Portfolio,Unknown from approved source,Unknown from approved source,Unknown from approved source,Unknown from approved source; requires enrichment,Unknown from approved source; requires enrichment,Unknown from approved source; requires enrichment,Listed on Kay-approved source page (Portfolio; item type: operating company).,Preserve for pattern recognition; fit not yet assessed.,"Enrich website, industry, niche, customer type, revenue model, recurrence, criticality, fragmentation, and acquisition context from approved primary sources.",High,source_complete_unfiltered
Saltoun Capital Partners,https://www.saltouncapital.com/portfolio,Triyam,,Unknown from approved source,Portfolio,Unknown from approved source,Unknown from approved source,Unknown from approved source,Unknown from approved source; requires enrichment,Unknown from approved source; requires enrichment,Unknown from approved source; requires enrichment,Listed on Kay-approved source page (Portfolio; item type: operating company).,Preserve for pattern recognition; fit not yet assessed.,"Enrich website, industry, niche, customer type, revenue model, recurrence, criticality, fragmentation, and acquisition context from approved primary sources.",High,source_complete_unfiltered
Saltoun Capital Partners,https://www.saltouncapital.com/portfolio,Workplace Answers,https://www.everfi.com,Compliance training,Workplace compliance training,eLearning / compliance training,Businesses,Unknown,Training demand likely recurring annual/compliance-driven; verify historical model,Compliance training is regulatory and HR-risk critical,Training providers can be fragmented by niche and vertical,Saltoun past investment row; investment September 2019,Reinforces Kantola and Advanced Aircrew Academy compliance-training pattern,Research renewal cadence regulatory requirements and buyer retention,Medium,seed
Anacapa Partners,https://anacapapartners.com/site/global/anacapa/portfolio/index.gsp,CPS Management Partners,,Unknown from approved source,Portfolio,Unknown from approved source,Unknown from approved source,Unknown from approved source,Unknown from approved source; requires enrichment,Unknown from approved source; requires enrichment,Unknown from approved source; requires enrichment,Listed on Kay-approved source page (Portfolio; item type: portfolio entity / search fund or operating company).,Preserve for pattern recognition; fit not yet assessed.,"Enrich website, industry, niche, customer type, revenue model, recurrence, criticality, fragmentation, and acquisition context from approved primary sources.",High,source_complete_unfiltered
Anacapa Partners,https://anacapapartners.com/site/global/anacapa/portfolio/index.gsp,Advanced Network Solutions,https://www.ansolutions.com,IT services,Outsourced IT services in mid-Tennessee,Managed IT services,SMBs healthcare facilities and financial institutions,Mid-Tennessee,Managed IT typically recurring monthly contracts; verify,IT/security needs are critical to SMB operations,Regional MSP markets are fragmented,Anacapa operating company; page says outsourced IT services in mid-Tennessee,Strong boring B2B recurring services pattern with local fragmentation,Research MSP margins churn customer concentration and healthcare/financial vertical exposure,High,seed
Anacapa Partners,https://anacapapartners.com/site/global/anacapa/portfolio/index.gsp,Light Beam Capital,,Unknown from approved source,Portfolio,Unknown from approved source,Unknown from approved source,Unknown from approved source,Unknown from approved source; requires enrichment,Unknown from approved source; requires enrichment,Unknown from approved source; requires enrichment,Listed on Kay-approved source page (Portfolio; item type: portfolio entity / search fund or operating company).,Preserve for pattern recognition; fit not yet assessed.,"Enrich website, industry, niche, customer type, revenue model, recurrence, criticality, fragmentation, and acquisition context from approved primary sources.",High,source_complete_unfiltered
Anacapa Partners,https://anacapapartners.com/site/global/anacapa/portfolio/index.gsp,ESPYR,,Unknown from approved source,Portfolio,Unknown from approved source,Unknown from approved source,Unknown from approved source,Unknown from approved source; requires enrichment,Unknown from approved source; requires enrichment,Unknown from approved source; requires enrichment,Listed on Kay-approved source page (Portfolio; item type: portfolio entity / search fund or operating company).,Preserve for pattern recognition; fit not yet assessed.,"Enrich website, industry, niche, customer type, revenue model, recurrence, criticality, fragmentation, and acquisition context from approved primary sources.",High,source_complete_unfiltered
Anacapa Partners,https://anacapapartners.com/site/global/anacapa/portfolio/index.gsp,Blue Ocean Equity Partners,,Unknown from approved source,Portfolio,Unknown from approved source,Unknown from approved source,Unknown from approved source,Unknown from approved source; requires enrichment,Unknown from approved source; requires enrichment,Unknown from approved source; requires enrichment,Listed on Kay-approved source page (Portfolio; item type: portfolio entity / search fund or operating company).,Preserve for pattern recognition; fit not yet assessed.,"Enrich website, industry, niche, customer type, revenue model, recurrence, criticality, fragmentation, and acquisition context from approved primary sources.",High,source_complete_unfiltered
Anacapa Partners,https://anacapapartners.com/site/global/anacapa/portfolio/index.gsp,eCompliance,https://www.ecompliance.com,Software / compliance,Occupational health and safety software,OHS SaaS,Businesses with safety operations,North America,SaaS likely recurring,Worker safety/OHS compliance is regulatory critical,OHS software/service providers fragmented by segment and geography,Anacapa operating company with detailed page text and approved link,Very strong compliance/safety software pattern; reinforces Ctaima PEC Safety Kantola,Research buyer verticals retention implementation and services attach,High,seed
Anacapa Partners,https://anacapapartners.com/site/global/anacapa/portfolio/index.gsp,Changemaker Capital Partners,,Unknown from approved source,Portfolio,Unknown from approved source,Unknown from approved source,Unknown from approved source,Unknown from approved source; requires enrichment,Unknown from approved source; requires enrichment,Unknown from approved source; requires enrichment,Listed on Kay-approved source page (Portfolio; item type: portfolio entity / search fund or operating company).,Preserve for pattern recognition; fit not yet assessed.,"Enrich website, industry, niche, customer type, revenue model, recurrence, criticality, fragmentation, and acquisition context from approved primary sources.",High,source_complete_unfiltered
Anacapa Partners,https://anacapapartners.com/site/global/anacapa/portfolio/index.gsp,Cascadian Capital Partners,,Unknown from approved source,Portfolio,Unknown from approved source,Unknown from approved source,Unknown from approved source,Unknown from approved source; requires enrichment,Unknown from approved source; requires enrichment,Unknown from approved source; requires enrichment,Listed on Kay-approved source page (Portfolio; item type: portfolio entity / search fund or operating company).,Preserve for pattern recognition; fit not yet assessed.,"Enrich website, industry, niche, customer type, revenue model, recurrence, criticality, fragmentation, and acquisition context from approved primary sources.",High,source_complete_unfiltered
Anacapa Partners,https://anacapapartners.com/site/global/anacapa/portfolio/index.gsp,Castle Capital,,Unknown from approved source,Portfolio,Unknown from approved source,Unknown from approved source,Unknown from approved source,Unknown from approved source; requires enrichment,Unknown from approved source; requires enrichment,Unknown from approved source; requires enrichment,Listed on Kay-approved source page (Portfolio; item type: portfolio entity / search fund or operating company).,Preserve for pattern recognition; fit not yet assessed.,"Enrich website, industry, niche, customer type, revenue model, recurrence, criticality, fragmentation, and acquisition context from approved primary sources.",High,source_complete_unfiltered
Anacapa Partners,https://anacapapartners.com/site/global/anacapa/portfolio/index.gsp,Charlson Capital,,Unknown from approved source,Portfolio,Unknown from approved source,Unknown from approved source,Unknown from approved source,Unknown from approved source; requires enrichment,Unknown from approved source; requires enrichment,Unknown from approved source; requires enrichment,Listed on Kay-approved source page (Portfolio; item type: portfolio entity / search fund or operating company).,Preserve for pattern recognition; fit not yet assessed.,"Enrich website, industry, niche, customer type, revenue model, recurrence, criticality, fragmentation, and acquisition context from approved primary sources.",High,source_complete_unfiltered
Anacapa Partners,https://anacapapartners.com/site/global/anacapa/portfolio/index.gsp,Claremont Square,,Unknown from approved source,Portfolio,Unknown from approved source,Unknown from approved source,Unknown from approved source,Unknown from approved source; requires enrichment,Unknown from approved source; requires enrichment,Unknown from approved source; requires enrichment,Listed on Kay-approved source page (Portfolio; item type: portfolio entity / search fund or operating company).,Preserve for pattern recognition; fit not yet assessed.,"Enrich website, industry, niche, customer type, revenue model, recurrence, criticality, fragmentation, and acquisition context from approved primary sources.",High,source_complete_unfiltered
Anacapa Partners,https://anacapapartners.com/site/global/anacapa/portfolio/index.gsp,Cornerstone Continuity Partners,,Unknown from approved source,Portfolio,Unknown from approved source,Unknown from approved source,Unknown from approved source,Unknown from approved source; requires enrichment,Unknown from approved source; requires enrichment,Unknown from approved source; requires enrichment,Listed on Kay-approved source page (Portfolio; item type: portfolio entity / search fund or operating company).,Preserve for pattern recognition; fit not yet assessed.,"Enrich website, industry, niche, customer type, revenue model, recurrence, criticality, fragmentation, and acquisition context from approved primary sources.",High,source_complete_unfiltered
Anacapa Partners,https://anacapapartners.com/site/global/anacapa/portfolio/index.gsp,Elk Capital Partner,,Unknown from approved source,Portfolio,Unknown from approved source,Unknown from approved source,Unknown from approved source,Unknown from approved source; requires enrichment,Unknown from approved source; requires enrichment,Unknown from approved source; requires enrichment,Listed on Kay-approved source page (Portfolio; item type: portfolio entity / search fund or operating company).,Preserve for pattern recognition; fit not yet assessed.,"Enrich website, industry, niche, customer type, revenue model, recurrence, criticality, fragmentation, and acquisition context from approved primary sources.",High,source_complete_unfiltered
Anacapa Partners,https://anacapapartners.com/site/global/anacapa/portfolio/index.gsp,FastSpring,,Unknown from approved source,Portfolio,Unknown from approved source,Unknown from approved source,Unknown from approved source,Unknown from approved source; requires enrichment,Unknown from approved source; requires enrichment,Unknown from approved source; requires enrichment,Listed on Kay-approved source page (Portfolio; item type: portfolio entity / search fund or operating company).,Preserve for pattern recognition; fit not yet assessed.,"Enrich website, industry, niche, customer type, revenue model, recurrence, criticality, fragmentation, and acquisition context from approved primary sources.",High,source_complete_unfiltered
Anacapa Partners,https://anacapapartners.com/site/global/anacapa/portfolio/index.gsp,ARP Capital Partners,,Unknown from approved source,Portfolio,Unknown from approved source,Unknown from approved source,Unknown from approved source,Unknown from approved source; requires enrichment,Unknown from approved source; requires enrichment,Unknown from approved source; requires enrichment,Listed on Kay-approved source page (Portfolio; item type: portfolio entity / search fund or operating company).,Preserve for pattern recognition; fit not yet assessed.,"Enrich website, industry, niche, customer type, revenue model, recurrence, criticality, fragmentation, and acquisition context from approved primary sources.",High,source_complete_unfiltered
Anacapa Partners,https://anacapapartners.com/site/global/anacapa/portfolio/index.gsp,Eagle Ridge Growth Partners,,Unknown from approved source,Portfolio,Unknown from approved source,Unknown from approved source,Unknown from approved source,Unknown from approved source; requires enrichment,Unknown from approved source; requires enrichment,Unknown from approved source; requires enrichment,Listed on Kay-approved source page (Portfolio; item type: portfolio entity / search fund or operating company).,Preserve for pattern recognition; fit not yet assessed.,"Enrich website, industry, niche, customer type, revenue model, recurrence, criticality, fragmentation, and acquisition context from approved primary sources.",High,source_complete_unfiltered
Anacapa Partners,https://anacapapartners.com/site/global/anacapa/portfolio/index.gsp,Infinitas Ventures,,Unknown from approved source,Portfolio,Unknown from approved source,Unknown from approved source,Unknown from approved source,Unknown from approved source; requires enrichment,Unknown from approved source; requires enrichment,Unknown from approved source; requires enrichment,Listed on Kay-approved source page (Portfolio; item type: portfolio entity / search fund or operating company).,Preserve for pattern recognition; fit not yet assessed.,"Enrich website, industry, niche, customer type, revenue model, recurrence, criticality, fragmentation, and acquisition context from approved primary sources.",High,source_complete_unfiltered
Anacapa Partners,https://anacapapartners.com/site/global/anacapa/portfolio/index.gsp,Integra Partners,,Unknown from approved source,Portfolio,Unknown from approved source,Unknown from approved source,Unknown from approved source,Unknown from approved source; requires enrichment,Unknown from approved source; requires enrichment,Unknown from approved source; requires enrichment,Listed on Kay-approved source page (Portfolio; item type: portfolio entity / search fund or operating company).,Preserve for pattern recognition; fit not yet assessed.,"Enrich website, industry, niche, customer type, revenue model, recurrence, criticality, fragmentation, and acquisition context from approved primary sources.",High,source_complete_unfiltered
Anacapa Partners,https://anacapapartners.com/site/global/anacapa/portfolio/index.gsp,LECORPIO,,Unknown from approved source,Portfolio,Unknown from approved source,Unknown from approved source,Unknown from approved source,Unknown from approved source; requires enrichment,Unknown from approved source; requires enrichment,Unknown from approved source; requires enrichment,Listed on Kay-approved source page (Portfolio; item type: portfolio entity / search fund or operating company).,Preserve for pattern recognition; fit not yet assessed.,"Enrich website, industry, niche, customer type, revenue model, recurrence, criticality, fragmentation, and acquisition context from approved primary sources.",High,source_complete_unfiltered
Anacapa Partners,https://anacapapartners.com/site/global/anacapa/portfolio/index.gsp,Ironclad Capital,,Unknown from approved source,Portfolio,Unknown from approved source,Unknown from approved source,Unknown from approved source,Unknown from approved source; requires enrichment,Unknown from approved source; requires enrichment,Unknown from approved source; requires enrichment,Listed on Kay-approved source page (Portfolio; item type: portfolio entity / search fund or operating company).,Preserve for pattern recognition; fit not yet assessed.,"Enrich website, industry, niche, customer type, revenue model, recurrence, criticality, fragmentation, and acquisition context from approved primary sources.",High,source_complete_unfiltered
Anacapa Partners,https://anacapapartners.com/site/global/anacapa/portfolio/index.gsp,January Partners,,Unknown from approved source,Portfolio,Unknown from approved source,Unknown from approved source,Unknown from approved source,Unknown from approved source; requires enrichment,Unknown from approved source; requires enrichment,Unknown from approved source; requires enrichment,Listed on Kay-approved source page (Portfolio; item type: portfolio entity / search fund or operating company).,Preserve for pattern recognition; fit not yet assessed.,"Enrich website, industry, niche, customer type, revenue model, recurrence, criticality, fragmentation, and acquisition context from approved primary sources.",High,source_complete_unfiltered
Anacapa Partners,https://anacapapartners.com/site/global/anacapa/portfolio/index.gsp,Leonidas Capital Partners,,Unknown from approved source,Portfolio,Unknown from approved source,Unknown from approved source,Unknown from approved source,Unknown from approved source; requires enrichment,Unknown from approved source; requires enrichment,Unknown from approved source; requires enrichment,Listed on Kay-approved source page (Portfolio; item type: portfolio entity / search fund or operating company).,Preserve for pattern recognition; fit not yet assessed.,"Enrich website, industry, niche, customer type, revenue model, recurrence, criticality, fragmentation, and acquisition context from approved primary sources.",High,source_complete_unfiltered
Anacapa Partners,https://anacapapartners.com/site/global/anacapa/portfolio/index.gsp,Leonis Partners,,Unknown from approved source,Portfolio,Unknown from approved source,Unknown from approved source,Unknown from approved source,Unknown from approved source; requires enrichment,Unknown from approved source; requires enrichment,Unknown from approved source; requires enrichment,Listed on Kay-approved source page (Portfolio; item type: portfolio entity / search fund or operating company).,Preserve for pattern recognition; fit not yet assessed.,"Enrich website, industry, niche, customer type, revenue model, recurrence, criticality, fragmentation, and acquisition context from approved primary sources.",High,source_complete_unfiltered
Anacapa Partners,https://anacapapartners.com/site/global/anacapa/portfolio/index.gsp,mlt Capital,,Unknown from approved source,Portfolio,Unknown from approved source,Unknown from approved source,Unknown from approved source,Unknown from approved source; requires enrichment,Unknown from approved source; requires enrichment,Unknown from approved source; requires enrichment,Listed on Kay-approved source page (Portfolio; item type: portfolio entity / search fund or operating company).,Preserve for pattern recognition; fit not yet assessed.,"Enrich website, industry, niche, customer type, revenue model, recurrence, criticality, fragmentation, and acquisition context from approved primary sources.",High,source_complete_unfiltered
Anacapa Partners,https://anacapapartners.com/site/global/anacapa/portfolio/index.gsp,Oakhill Equity,,Unknown from approved source,Portfolio,Unknown from approved source,Unknown from approved source,Unknown from approved source,Unknown from approved source; requires enrichment,Unknown from approved source; requires enrichment,Unknown from approved source; requires enrichment,Listed on Kay-approved source page (Portfolio; item type: portfolio entity / search fund or operating company).,Preserve for pattern recognition; fit not yet assessed.,"Enrich website, industry, niche, customer type, revenue model, recurrence, criticality, fragmentation, and acquisition context from approved primary sources.",High,source_complete_unfiltered
Anacapa Partners,https://anacapapartners.com/site/global/anacapa/portfolio/index.gsp,Midwest Supplies,,Unknown from approved source,Portfolio,Unknown from approved source,Unknown from approved source,Unknown from approved source,Unknown from approved source; requires enrichment,Unknown from approved source; requires enrichment,Unknown from approved source; requires enrichment,Listed on Kay-approved source page (Portfolio; item type: portfolio entity / search fund or operating company).,Preserve for pattern recognition; fit not yet assessed.,"Enrich website, industry, niche, customer type, revenue model, recurrence, criticality, fragmentation, and acquisition context from approved primary sources.",High,source_complete_unfiltered
Anacapa Partners,https://anacapapartners.com/site/global/anacapa/portfolio/index.gsp,PEC Safety,https://www.pecsafety.com,Compliance training / safety,Safety and skills training for oil and gas contractors,Training/compliance platform,Oil and gas contractor workforce,Unknown,Safety training recurs with certifications and contractor compliance; verify,Safety credentials are compliance-critical,Training providers fragmented by industry and region,Anacapa operating company with description on approved page,Very strong safety/compliance training pattern with industrial end market,Research certification cadence customer concentration cyclicality and O&G exposure,High,seed
Anacapa Partners,https://anacapapartners.com/site/global/anacapa/portfolio/index.gsp,Perigee Capital Partners,,Unknown from approved source,Portfolio,Unknown from approved source,Unknown from approved source,Unknown from approved source,Unknown from approved source; requires enrichment,Unknown from approved source; requires enrichment,Unknown from approved source; requires enrichment,Listed on Kay-approved source page (Portfolio; item type: portfolio entity / search fund or operating company).,Preserve for pattern recognition; fit not yet assessed.,"Enrich website, industry, niche, customer type, revenue model, recurrence, criticality, fragmentation, and acquisition context from approved primary sources.",High,source_complete_unfiltered
Anacapa Partners,https://anacapapartners.com/site/global/anacapa/portfolio/index.gsp,Oak Stream Partners,,Unknown from approved source,Portfolio,Unknown from approved source,Unknown from approved source,Unknown from approved source,Unknown from approved source; requires enrichment,Unknown from approved source; requires enrichment,Unknown from approved source; requires enrichment,Listed on Kay-approved source page (Portfolio; item type: portfolio entity / search fund or operating company).,Preserve for pattern recognition; fit not yet assessed.,"Enrich website, industry, niche, customer type, revenue model, recurrence, criticality, fragmentation, and acquisition context from approved primary sources.",High,source_complete_unfiltered
Anacapa Partners,https://anacapapartners.com/site/global/anacapa/portfolio/index.gsp,Olmo Capital,,Unknown from approved source,Portfolio,Unknown from approved source,Unknown from approved source,Unknown from approved source,Unknown from approved source; requires enrichment,Unknown from approved source; requires enrichment,Unknown from approved source; requires enrichment,Listed on Kay-approved source page (Portfolio; item type: portfolio entity / search fund or operating company).,Preserve for pattern recognition; fit not yet assessed.,"Enrich website, industry, niche, customer type, revenue model, recurrence, criticality, fragmentation, and acquisition context from approved primary sources.",High,source_complete_unfiltered
Anacapa Partners,https://anacapapartners.com/site/global/anacapa/portfolio/index.gsp,Recruit Military,,Unknown from approved source,Portfolio,Unknown from approved source,Unknown from approved source,Unknown from approved source,Unknown from approved source; requires enrichment,Unknown from approved source; requires enrichment,Unknown from approved source; requires enrichment,Listed on Kay-approved source page (Portfolio; item type: portfolio entity / search fund or operating company).,Preserve for pattern recognition; fit not yet assessed.,"Enrich website, industry, niche, customer type, revenue model, recurrence, criticality, fragmentation, and acquisition context from approved primary sources.",High,source_complete_unfiltered
Anacapa Partners,https://anacapapartners.com/site/global/anacapa/portfolio/index.gsp,Poplar Capital Partners,,Unknown from approved source,Portfolio,Unknown from approved source,Unknown from approved source,Unknown from approved source,Unknown from approved source; requires enrichment,Unknown from approved source; requires enrichment,Unknown from approved source; requires enrichment,Listed on Kay-approved source page (Portfolio; item type: portfolio entity / search fund or operating company).,Preserve for pattern recognition; fit not yet assessed.,"Enrich website, industry, niche, customer type, revenue model, recurrence, criticality, fragmentation, and acquisition context from approved primary sources.",High,source_complete_unfiltered
Anacapa Partners,https://anacapapartners.com/site/global/anacapa/portfolio/index.gsp,Seneca Creek Partners,,Unknown from approved source,Portfolio,Unknown from approved source,Unknown from approved source,Unknown from approved source,Unknown from approved source; requires enrichment,Unknown from approved source; requires enrichment,Unknown from approved source; requires enrichment,Listed on Kay-approved source page (Portfolio; item type: portfolio entity / search fund or operating company).,Preserve for pattern recognition; fit not yet assessed.,"Enrich website, industry, niche, customer type, revenue model, recurrence, criticality, fragmentation, and acquisition context from approved primary sources.",High,source_complete_unfiltered
Anacapa Partners,https://anacapapartners.com/site/global/anacapa/portfolio/index.gsp,Silver Field Capital,,Unknown from approved source,Portfolio,Unknown from approved source,Unknown from approved source,Unknown from approved source,Unknown from approved source; requires enrichment,Unknown from approved source; requires enrichment,Unknown from approved source; requires enrichment,Listed on Kay-approved source page (Portfolio; item type: portfolio entity / search fund or operating company).,Preserve for pattern recognition; fit not yet assessed.,"Enrich website, industry, niche, customer type, revenue model, recurrence, criticality, fragmentation, and acquisition context from approved primary sources.",High,source_complete_unfiltered
Anacapa Partners,https://anacapapartners.com/site/global/anacapa/portfolio/index.gsp,Sage Data Security,,Unknown from approved source,Portfolio,Unknown from approved source,Unknown from approved source,Unknown from approved source,Unknown from approved source; requires enrichment,Unknown from approved source; requires enrichment,Unknown from approved source; requires enrichment,Listed on Kay-approved source page (Portfolio; item type: portfolio entity / search fund or operating company).,Preserve for pattern recognition; fit not yet assessed.,"Enrich website, industry, niche, customer type, revenue model, recurrence, criticality, fragmentation, and acquisition context from approved primary sources.",High,source_complete_unfiltered
Anacapa Partners,https://anacapapartners.com/site/global/anacapa/portfolio/index.gsp,The Bison Companies,,Unknown from approved source,Portfolio,Unknown from approved source,Unknown from approved source,Unknown from approved source,Unknown from approved source; requires enrichment,Unknown from approved source; requires enrichment,Unknown from approved source; requires enrichment,Listed on Kay-approved source page (Portfolio; item type: portfolio entity / search fund or operating company).,Preserve for pattern recognition; fit not yet assessed.,"Enrich website, industry, niche, customer type, revenue model, recurrence, criticality, fragmentation, and acquisition context from approved primary sources.",High,source_complete_unfiltered
Anacapa Partners,https://anacapapartners.com/site/global/anacapa/portfolio/index.gsp,Toma Capital Management,,Unknown from approved source,Portfolio,Unknown from approved source,Unknown from approved source,Unknown from approved source,Unknown from approved source; requires enrichment,Unknown from approved source; requires enrichment,Unknown from approved source; requires enrichment,Listed on Kay-approved source page (Portfolio; item type: portfolio entity / search fund or operating company).,Preserve for pattern recognition; fit not yet assessed.,"Enrich website, industry, niche, customer type, revenue model, recurrence, criticality, fragmentation, and acquisition context from approved primary sources.",High,source_complete_unfiltered
Anacapa Partners,https://anacapapartners.com/site/global/anacapa/portfolio/index.gsp,United Layer,,Unknown from approved source,Portfolio,Unknown from approved source,Unknown from approved source,Unknown from approved source,Unknown from approved source; requires enrichment,Unknown from approved source; requires enrichment,Unknown from approved source; requires enrichment,Listed on Kay-approved source page (Portfolio; item type: portfolio entity / search fund or operating company).,Preserve for pattern recognition; fit not yet assessed.,"Enrich website, industry, niche, customer type, revenue model, recurrence, criticality, fragmentation, and acquisition context from approved primary sources.",High,source_complete_unfiltered
Anacapa Partners,https://anacapapartners.com/site/global/anacapa/portfolio/index.gsp,Tribula Group,,Unknown from approved source,Portfolio,Unknown from approved source,Unknown from approved source,Unknown from approved source,Unknown from approved source; requires enrichment,Unknown from approved source; requires enrichment,Unknown from approved source; requires enrichment,Listed on Kay-approved source page (Portfolio; item type: portfolio entity / search fund or operating company).,Preserve for pattern recognition; fit not yet assessed.,"Enrich website, industry, niche, customer type, revenue model, recurrence, criticality, fragmentation, and acquisition context from approved primary sources.",High,source_complete_unfiltered
Anacapa Partners,https://anacapapartners.com/site/global/anacapa/portfolio/index.gsp,Wolf Point Growth Partners,,Unknown from approved source,Portfolio,Unknown from approved source,Unknown from approved source,Unknown from approved source,Unknown from approved source; requires enrichment,Unknown from approved source; requires enrichment,Unknown from approved source; requires enrichment,Listed on Kay-approved source page (Portfolio; item type: portfolio entity / search fund or operating company).,Preserve for pattern recognition; fit not yet assessed.,"Enrich website, industry, niche, customer type, revenue model, recurrence, criticality, fragmentation, and acquisition context from approved primary sources.",High,source_complete_unfiltered
Anacapa Partners,https://anacapapartners.com/site/global/anacapa/portfolio/index.gsp,Valent Capital Partners,,Unknown from approved source,Portfolio,Unknown from approved source,Unknown from approved source,Unknown from approved source,Unknown from approved source; requires enrichment,Unknown from approved source; requires enrichment,Unknown from approved source; requires enrichment,Listed on Kay-approved source page (Portfolio; item type: portfolio entity / search fund or operating company).,Preserve for pattern recognition; fit not yet assessed.,"Enrich website, industry, niche, customer type, revenue model, recurrence, criticality, fragmentation, and acquisition context from approved primary sources.",High,source_complete_unfiltered
Anacapa Partners,https://anacapapartners.com/site/global/anacapa/portfolio/index.gsp,Vector Disease Control International,,Unknown from approved source,Portfolio,Unknown from approved source,Unknown from approved source,Unknown from approved source,Unknown from approved source; requires enrichment,Unknown from approved source; requires enrichment,Unknown from approved source; requires enrichment,Listed on Kay-approved source page (Portfolio; item type: portfolio entity / search fund or operating company).,Preserve for pattern recognition; fit not yet assessed.,"Enrich website, industry, niche, customer type, revenue model, recurrence, criticality, fragmentation, and acquisition context from approved primary sources.",High,source_complete_unfiltered
Anacapa Partners,https://anacapapartners.com/site/global/anacapa/portfolio/index.gsp,Virtual Officeware,,Unknown from approved source,Portfolio,Unknown from approved source,Unknown from approved source,Unknown from approved source,Unknown from approved source; requires enrichment,Unknown from approved source; requires enrichment,Unknown from approved source; requires enrichment,Listed on Kay-approved source page (Portfolio; item type: portfolio entity / search fund or operating company).,Preserve for pattern recognition; fit not yet assessed.,"Enrich website, industry, niche, customer type, revenue model, recurrence, criticality, fragmentation, and acquisition context from approved primary sources.",High,source_complete_unfiltered
Anacapa Partners,https://anacapapartners.com/site/global/anacapa/portfolio/index.gsp,Volley Partners,,Unknown from approved source,Portfolio,Unknown from approved source,Unknown from approved source,Unknown from approved source,Unknown from approved source; requires enrichment,Unknown from approved source; requires enrichment,Unknown from approved source; requires enrichment,Listed on Kay-approved source page (Portfolio; item type: portfolio entity / search fund or operating company).,Preserve for pattern recognition; fit not yet assessed.,"Enrich website, industry, niche, customer type, revenue model, recurrence, criticality, fragmentation, and acquisition context from approved primary sources.",High,source_complete_unfiltered
Anacapa Partners,https://anacapapartners.com/site/global/anacapa/portfolio/index.gsp,developerprogram.com,,Unknown from approved source,Portfolio,Unknown from approved source,Unknown from approved source,Unknown from approved source,Unknown from approved source; requires enrichment,Unknown from approved source; requires enrichment,Unknown from approved source; requires enrichment,Listed on Kay-approved source page (Portfolio; item type: portfolio entity / search fund or operating company).,Preserve for pattern recognition; fit not yet assessed.,"Enrich website, industry, niche, customer type, revenue model, recurrence, criticality, fragmentation, and acquisition context from approved primary sources.",High,source_complete_unfiltered
Anacapa Partners,https://anacapapartners.com/site/global/anacapa/portfolio/index.gsp,DCI Design Communications,,Unknown from approved source,Portfolio,Unknown from approved source,Unknown from approved source,Unknown from approved source,Unknown from approved source; requires enrichment,Unknown from approved source; requires enrichment,Unknown from approved source; requires enrichment,Listed on Kay-approved source page (Portfolio; item type: portfolio entity / search fund or operating company).,Preserve for pattern recognition; fit not yet assessed.,"Enrich website, industry, niche, customer type, revenue model, recurrence, criticality, fragmentation, and acquisition context from approved primary sources.",High,source_complete_unfiltered
Anacapa Partners,https://anacapapartners.com/site/global/anacapa/portfolio/index.gsp,Krueger-Gilbert Health Physics,,Unknown from approved source,Portfolio,Unknown from approved source,Unknown from approved source,Unknown from approved source,Unknown from approved source; requires enrichment,Unknown from approved source; requires enrichment,Unknown from approved source; requires enrichment,Listed on Kay-approved source page (Portfolio; item type: portfolio entity / search fund or operating company).,Preserve for pattern recognition; fit not yet assessed.,"Enrich website, industry, niche, customer type, revenue model, recurrence, criticality, fragmentation, and acquisition context from approved primary sources.",High,source_complete_unfiltered
Anacapa Partners,https://anacapapartners.com/site/global/anacapa/portfolio/index.gsp,Neuro International,,Unknown from approved source,Portfolio,Unknown from approved source,Unknown from approved source,Unknown from approved source,Unknown from approved source; requires enrichment,Unknown from approved source; requires enrichment,Unknown from approved source; requires enrichment,Listed on Kay-approved source page (Portfolio; item type: portfolio entity / search fund or operating company).,Preserve for pattern recognition; fit not yet assessed.,"Enrich website, industry, niche, customer type, revenue model, recurrence, criticality, fragmentation, and acquisition context from approved primary sources.",High,source_complete_unfiltered
Anacapa Partners,https://anacapapartners.com/site/global/anacapa/portfolio/index.gsp,Windley Ely,,Unknown from approved source,Portfolio,Unknown from approved source,Unknown from approved source,Unknown from approved source,Unknown from approved source; requires enrichment,Unknown from approved source; requires enrichment,Unknown from approved source; requires enrichment,Listed on Kay-approved source page (Portfolio; item type: portfolio entity / search fund or operating company).,Preserve for pattern recognition; fit not yet assessed.,"Enrich website, industry, niche, customer type, revenue model, recurrence, criticality, fragmentation, and acquisition context from approved primary sources.",High,source_complete_unfiltered
Anacapa Partners,https://anacapapartners.com/site/global/anacapa/portfolio/index.gsp,AltEquity,,Unknown from approved source,Portfolio,Unknown from approved source,Unknown from approved source,Unknown from approved source,Unknown from approved source; requires enrichment,Unknown from approved source; requires enrichment,Unknown from approved source; requires enrichment,Listed on Kay-approved source page (Portfolio; item type: portfolio entity / search fund or operating company).,Preserve for pattern recognition; fit not yet assessed.,"Enrich website, industry, niche, customer type, revenue model, recurrence, criticality, fragmentation, and acquisition context from approved primary sources.",High,source_complete_unfiltered
Anacapa Partners,https://anacapapartners.com/site/global/anacapa/portfolio/index.gsp,American Security Systems,,Unknown from approved source,Portfolio,Unknown from approved source,Unknown from approved source,Unknown from approved source,Unknown from approved source; requires enrichment,Unknown from approved source; requires enrichment,Unknown from approved source; requires enrichment,Listed on Kay-approved source page (Portfolio; item type: portfolio entity / search fund or operating company).,Preserve for pattern recognition; fit not yet assessed.,"Enrich website, industry, niche, customer type, revenue model, recurrence, criticality, fragmentation, and acquisition context from approved primary sources.",High,source_complete_unfiltered
Anacapa Partners,https://anacapapartners.com/site/global/anacapa/portfolio/index.gsp,Annison Capital Partners,,Unknown from approved source,Portfolio,Unknown from approved source,Unknown from approved source,Unknown from approved source,Unknown from approved source; requires enrichment,Unknown from approved source; requires enrichment,Unknown from approved source; requires enrichment,Listed on Kay-approved source page (Portfolio; item type: portfolio entity / search fund or operating company).,Preserve for pattern recognition; fit not yet assessed.,"Enrich website, industry, niche, customer type, revenue model, recurrence, criticality, fragmentation, and acquisition context from approved primary sources.",High,source_complete_unfiltered
Anacapa Partners,https://anacapapartners.com/site/global/anacapa/portfolio/index.gsp,Ascension Point Capital,,Unknown from approved source,Portfolio,Unknown from approved source,Unknown from approved source,Unknown from approved source,Unknown from approved source; requires enrichment,Unknown from approved source; requires enrichment,Unknown from approved source; requires enrichment,Listed on Kay-approved source page (Portfolio; item type: portfolio entity / search fund or operating company).,Preserve for pattern recognition; fit not yet assessed.,"Enrich website, industry, niche, customer type, revenue model, recurrence, criticality, fragmentation, and acquisition context from approved primary sources.",High,source_complete_unfiltered
Anacapa Partners,https://anacapapartners.com/site/global/anacapa/portfolio/index.gsp,Big Tree Capital Partners,,Unknown from approved source,Portfolio,Unknown from approved source,Unknown from approved source,Unknown from approved source,Unknown from approved source; requires enrichment,Unknown from approved source; requires enrichment,Unknown from approved source; requires enrichment,Listed on Kay-approved source page (Portfolio; item type: portfolio entity / search fund or operating company).,Preserve for pattern recognition; fit not yet assessed.,"Enrich website, industry, niche, customer type, revenue model, recurrence, criticality, fragmentation, and acquisition context from approved primary sources.",High,source_complete_unfiltered
Anacapa Partners,https://anacapapartners.com/site/global/anacapa/portfolio/index.gsp,Convex Investing,,Unknown from approved source,Portfolio,Unknown from approved source,Unknown from approved source,Unknown from approved source,Unknown from approved source; requires enrichment,Unknown from approved source; requires enrichment,Unknown from approved source; requires enrichment,Listed on Kay-approved source page (Portfolio; item type: portfolio entity / search fund or operating company).,Preserve for pattern recognition; fit not yet assessed.,"Enrich website, industry, niche, customer type, revenue model, recurrence, criticality, fragmentation, and acquisition context from approved primary sources.",High,source_complete_unfiltered
Anacapa Partners,https://anacapapartners.com/site/global/anacapa/portfolio/index.gsp,Crescent Park Capital Partners,,Unknown from approved source,Portfolio,Unknown from approved source,Unknown from approved source,Unknown from approved source,Unknown from approved source; requires enrichment,Unknown from approved source; requires enrichment,Unknown from approved source; requires enrichment,Listed on Kay-approved source page (Portfolio; item type: portfolio entity / search fund or operating company).,Preserve for pattern recognition; fit not yet assessed.,"Enrich website, industry, niche, customer type, revenue model, recurrence, criticality, fragmentation, and acquisition context from approved primary sources.",High,source_complete_unfiltered
Anacapa Partners,https://anacapapartners.com/site/global/anacapa/portfolio/index.gsp,EZ Shipper Racks,,Unknown from approved source,Portfolio,Unknown from approved source,Unknown from approved source,Unknown from approved source,Unknown from approved source; requires enrichment,Unknown from approved source; requires enrichment,Unknown from approved source; requires enrichment,Listed on Kay-approved source page (Portfolio; item type: portfolio entity / search fund or operating company).,Preserve for pattern recognition; fit not yet assessed.,"Enrich website, industry, niche, customer type, revenue model, recurrence, criticality, fragmentation, and acquisition context from approved primary sources.",High,source_complete_unfiltered
Anacapa Partners,https://anacapapartners.com/site/global/anacapa/portfolio/index.gsp,Glanstone Capital,,Unknown from approved source,Portfolio,Unknown from approved source,Unknown from approved source,Unknown from approved source,Unknown from approved source; requires enrichment,Unknown from approved source; requires enrichment,Unknown from approved source; requires enrichment,Listed on Kay-approved source page (Portfolio; item type: portfolio entity / search fund or operating company).,Preserve for pattern recognition; fit not yet assessed.,"Enrich website, industry, niche, customer type, revenue model, recurrence, criticality, fragmentation, and acquisition context from approved primary sources.",High,source_complete_unfiltered
Anacapa Partners,https://anacapapartners.com/site/global/anacapa/portfolio/index.gsp,Glass Lake Capital,,Unknown from approved source,Portfolio,Unknown from approved source,Unknown from approved source,Unknown from approved source,Unknown from approved source; requires enrichment,Unknown from approved source; requires enrichment,Unknown from approved source; requires enrichment,Listed on Kay-approved source page (Portfolio; item type: portfolio entity / search fund or operating company).,Preserve for pattern recognition; fit not yet assessed.,"Enrich website, industry, niche, customer type, revenue model, recurrence, criticality, fragmentation, and acquisition context from approved primary sources.",High,source_complete_unfiltered
Anacapa Partners,https://anacapapartners.com/site/global/anacapa/portfolio/index.gsp,Glevum Heating,,Unknown from approved source,Portfolio,Unknown from approved source,Unknown from approved source,Unknown from approved source,Unknown from approved source; requires enrichment,Unknown from approved source; requires enrichment,Unknown from approved source; requires enrichment,Listed on Kay-approved source page (Portfolio; item type: portfolio entity / search fund or operating company).,Preserve for pattern recognition; fit not yet assessed.,"Enrich website, industry, niche, customer type, revenue model, recurrence, criticality, fragmentation, and acquisition context from approved primary sources.",High,source_complete_unfiltered
Anacapa Partners,https://anacapapartners.com/site/global/anacapa/portfolio/index.gsp,GreenStreet Growth Management,,Unknown from approved source,Portfolio,Unknown from approved source,Unknown from approved source,Unknown from approved source,Unknown from approved source; requires enrichment,Unknown from approved source; requires enrichment,Unknown from approved source; requires enrichment,Listed on Kay-approved source page (Portfolio; item type: portfolio entity / search fund or operating company).,Preserve for pattern recognition; fit not yet assessed.,"Enrich website, industry, niche, customer type, revenue model, recurrence, criticality, fragmentation, and acquisition context from approved primary sources.",High,source_complete_unfiltered
Anacapa Partners,https://anacapapartners.com/site/global/anacapa/portfolio/index.gsp,Guardian Growth Fund,,Unknown from approved source,Portfolio,Unknown from approved source,Unknown from approved source,Unknown from approved source,Unknown from approved source; requires enrichment,Unknown from approved source; requires enrichment,Unknown from approved source; requires enrichment,Listed on Kay-approved source page (Portfolio; item type: portfolio entity / search fund or operating company).,Preserve for pattern recognition; fit not yet assessed.,"Enrich website, industry, niche, customer type, revenue model, recurrence, criticality, fragmentation, and acquisition context from approved primary sources.",High,source_complete_unfiltered
Anacapa Partners,https://anacapapartners.com/site/global/anacapa/portfolio/index.gsp,Lakeside Management Partners,,Unknown from approved source,Portfolio,Unknown from approved source,Unknown from approved source,Unknown from approved source,Unknown from approved source; requires enrichment,Unknown from approved source; requires enrichment,Unknown from approved source; requires enrichment,Listed on Kay-approved source page (Portfolio; item type: portfolio entity / search fund or operating company).,Preserve for pattern recognition; fit not yet assessed.,"Enrich website, industry, niche, customer type, revenue model, recurrence, criticality, fragmentation, and acquisition context from approved primary sources.",High,source_complete_unfiltered
Anacapa Partners,https://anacapapartners.com/site/global/anacapa/portfolio/index.gsp,Leonid Capital,,Unknown from approved source,Portfolio,Unknown from approved source,Unknown from approved source,Unknown from approved source,Unknown from approved source; requires enrichment,Unknown from approved source; requires enrichment,Unknown from approved source; requires enrichment,Listed on Kay-approved source page (Portfolio; item type: portfolio entity / search fund or operating company).,Preserve for pattern recognition; fit not yet assessed.,"Enrich website, industry, niche, customer type, revenue model, recurrence, criticality, fragmentation, and acquisition context from approved primary sources.",High,source_complete_unfiltered
Anacapa Partners,https://anacapapartners.com/site/global/anacapa/portfolio/index.gsp,Maximus Capital Partners,,Unknown from approved source,Portfolio,Unknown from approved source,Unknown from approved source,Unknown from approved source,Unknown from approved source; requires enrichment,Unknown from approved source; requires enrichment,Unknown from approved source; requires enrichment,Listed on Kay-approved source page (Portfolio; item type: portfolio entity / search fund or operating company).,Preserve for pattern recognition; fit not yet assessed.,"Enrich website, industry, niche, customer type, revenue model, recurrence, criticality, fragmentation, and acquisition context from approved primary sources.",High,source_complete_unfiltered
Anacapa Partners,https://anacapapartners.com/site/global/anacapa/portfolio/index.gsp,Meridional Equity,,Unknown from approved source,Portfolio,Unknown from approved source,Unknown from approved source,Unknown from approved source,Unknown from approved source; requires enrichment,Unknown from approved source; requires enrichment,Unknown from approved source; requires enrichment,Listed on Kay-approved source page (Portfolio; item type: portfolio entity / search fund or operating company).,Preserve for pattern recognition; fit not yet assessed.,"Enrich website, industry, niche, customer type, revenue model, recurrence, criticality, fragmentation, and acquisition context from approved primary sources.",High,source_complete_unfiltered
Anacapa Partners,https://anacapapartners.com/site/global/anacapa/portfolio/index.gsp,Montserrat Capital,,Unknown from approved source,Portfolio,Unknown from approved source,Unknown from approved source,Unknown from approved source,Unknown from approved source; requires enrichment,Unknown from approved source; requires enrichment,Unknown from approved source; requires enrichment,Listed on Kay-approved source page (Portfolio; item type: portfolio entity / search fund or operating company).,Preserve for pattern recognition; fit not yet assessed.,"Enrich website, industry, niche, customer type, revenue model, recurrence, criticality, fragmentation, and acquisition context from approved primary sources.",High,source_complete_unfiltered
Anacapa Partners,https://anacapapartners.com/site/global/anacapa/portfolio/index.gsp,Mugello Group,,Unknown from approved source,Portfolio,Unknown from approved source,Unknown from approved source,Unknown from approved source,Unknown from approved source; requires enrichment,Unknown from approved source; requires enrichment,Unknown from approved source; requires enrichment,Listed on Kay-approved source page (Portfolio; item type: portfolio entity / search fund or operating company).,Preserve for pattern recognition; fit not yet assessed.,"Enrich website, industry, niche, customer type, revenue model, recurrence, criticality, fragmentation, and acquisition context from approved primary sources.",High,source_complete_unfiltered
Anacapa Partners,https://anacapapartners.com/site/global/anacapa/portfolio/index.gsp,One Line Partners,,Unknown from approved source,Portfolio,Unknown from approved source,Unknown from approved source,Unknown from approved source,Unknown from approved source; requires enrichment,Unknown from approved source; requires enrichment,Unknown from approved source; requires enrichment,Listed on Kay-approved source page (Portfolio; item type: portfolio entity / search fund or operating company).,Preserve for pattern recognition; fit not yet assessed.,"Enrich website, industry, niche, customer type, revenue model, recurrence, criticality, fragmentation, and acquisition context from approved primary sources.",High,source_complete_unfiltered
Anacapa Partners,https://anacapapartners.com/site/global/anacapa/portfolio/index.gsp,Praetorian Equity Partners,,Unknown from approved source,Portfolio,Unknown from approved source,Unknown from approved source,Unknown from approved source,Unknown from approved source; requires enrichment,Unknown from approved source; requires enrichment,Unknown from approved source; requires enrichment,Listed on Kay-approved source page (Portfolio; item type: portfolio entity / search fund or operating company).,Preserve for pattern recognition; fit not yet assessed.,"Enrich website, industry, niche, customer type, revenue model, recurrence, criticality, fragmentation, and acquisition context from approved primary sources.",High,source_complete_unfiltered
Anacapa Partners,https://anacapapartners.com/site/global/anacapa/portfolio/index.gsp,quatrefoil capital,,Unknown from approved source,Portfolio,Unknown from approved source,Unknown from approved source,Unknown from approved source,Unknown from approved source; requires enrichment,Unknown from approved source; requires enrichment,Unknown from approved source; requires enrichment,Listed on Kay-approved source page (Portfolio; item type: portfolio entity / search fund or operating company).,Preserve for pattern recognition; fit not yet assessed.,"Enrich website, industry, niche, customer type, revenue model, recurrence, criticality, fragmentation, and acquisition context from approved primary sources.",High,source_complete_unfiltered
Anacapa Partners,https://anacapapartners.com/site/global/anacapa/portfolio/index.gsp,Riomar Capital,,Unknown from approved source,Portfolio,Unknown from approved source,Unknown from approved source,Unknown from approved source,Unknown from approved source; requires enrichment,Unknown from approved source; requires enrichment,Unknown from approved source; requires enrichment,Listed on Kay-approved source page (Portfolio; item type: portfolio entity / search fund or operating company).,Preserve for pattern recognition; fit not yet assessed.,"Enrich website, industry, niche, customer type, revenue model, recurrence, criticality, fragmentation, and acquisition context from approved primary sources.",High,source_complete_unfiltered
Anacapa Partners,https://anacapapartners.com/site/global/anacapa/portfolio/index.gsp,Taqia Capital,,Unknown from approved source,Portfolio,Unknown from approved source,Unknown from approved source,Unknown from approved source,Unknown from approved source; requires enrichment,Unknown from approved source; requires enrichment,Unknown from approved source; requires enrichment,Listed on Kay-approved source page (Portfolio; item type: portfolio entity / search fund or operating company).,Preserve for pattern recognition; fit not yet assessed.,"Enrich website, industry, niche, customer type, revenue model, recurrence, criticality, fragmentation, and acquisition context from approved primary sources.",High,source_complete_unfiltered
Anacapa Partners,https://anacapapartners.com/site/global/anacapa/portfolio/index.gsp,Timpanogos Capital Partners,,Unknown from approved source,Portfolio,Unknown from approved source,Unknown from approved source,Unknown from approved source,Unknown from approved source; requires enrichment,Unknown from approved source; requires enrichment,Unknown from approved source; requires enrichment,Listed on Kay-approved source page (Portfolio; item type: portfolio entity / search fund or operating company).,Preserve for pattern recognition; fit not yet assessed.,"Enrich website, industry, niche, customer type, revenue model, recurrence, criticality, fragmentation, and acquisition context from approved primary sources.",High,source_complete_unfiltered
Anacapa Partners,https://anacapapartners.com/site/global/anacapa/portfolio/index.gsp,Accretia Capital,,Unknown from approved source,Portfolio,Unknown from approved source,Unknown from approved source,Unknown from approved source,Unknown from approved source; requires enrichment,Unknown from approved source; requires enrichment,Unknown from approved source; requires enrichment,Listed on Kay-approved source page (Portfolio; item type: portfolio entity / search fund or operating company).,Preserve for pattern recognition; fit not yet assessed.,"Enrich website, industry, niche, customer type, revenue model, recurrence, criticality, fragmentation, and acquisition context from approved primary sources.",High,source_complete_unfiltered
Anacapa Partners,https://anacapapartners.com/site/global/anacapa/portfolio/index.gsp,BackCountry Capital,,Unknown from approved source,Portfolio,Unknown from approved source,Unknown from approved source,Unknown from approved source,Unknown from approved source; requires enrichment,Unknown from approved source; requires enrichment,Unknown from approved source; requires enrichment,Listed on Kay-approved source page (Portfolio; item type: portfolio entity / search fund or operating company).,Preserve for pattern recognition; fit not yet assessed.,"Enrich website, industry, niche, customer type, revenue model, recurrence, criticality, fragmentation, and acquisition context from approved primary sources.",High,source_complete_unfiltered
Anacapa Partners,https://anacapapartners.com/site/global/anacapa/portfolio/index.gsp,Brass Tower Equity Partners,,Unknown from approved source,Portfolio,Unknown from approved source,Unknown from approved source,Unknown from approved source,Unknown from approved source; requires enrichment,Unknown from approved source; requires enrichment,Unknown from approved source; requires enrichment,Listed on Kay-approved source page (Portfolio; item type: portfolio entity / search fund or operating company).,Preserve for pattern recognition; fit not yet assessed.,"Enrich website, industry, niche, customer type, revenue model, recurrence, criticality, fragmentation, and acquisition context from approved primary sources.",High,source_complete_unfiltered
Anacapa Partners,https://anacapapartners.com/site/global/anacapa/portfolio/index.gsp,Greenwich Point Capital,,Unknown from approved source,Portfolio,Unknown from approved source,Unknown from approved source,Unknown from approved source,Unknown from approved source; requires enrichment,Unknown from approved source; requires enrichment,Unknown from approved source; requires enrichment,Listed on Kay-approved source page (Portfolio; item type: portfolio entity / search fund or operating company).,Preserve for pattern recognition; fit not yet assessed.,"Enrich website, industry, niche, customer type, revenue model, recurrence, criticality, fragmentation, and acquisition context from approved primary sources.",High,source_complete_unfiltered
Anacapa Partners,https://anacapapartners.com/site/global/anacapa/portfolio/index.gsp,High Park Capital Partners,,Unknown from approved source,Portfolio,Unknown from approved source,Unknown from approved source,Unknown from approved source,Unknown from approved source; requires enrichment,Unknown from approved source; requires enrichment,Unknown from approved source; requires enrichment,Listed on Kay-approved source page (Portfolio; item type: portfolio entity / search fund or operating company).,Preserve for pattern recognition; fit not yet assessed.,"Enrich website, industry, niche, customer type, revenue model, recurrence, criticality, fragmentation, and acquisition context from approved primary sources.",High,source_complete_unfiltered
Anacapa Partners,https://anacapapartners.com/site/global/anacapa/portfolio/index.gsp,Sophia Partners,,Unknown from approved source,Portfolio,Unknown from approved source,Unknown from approved source,Unknown from approved source,Unknown from approved source; requires enrichment,Unknown from approved source; requires enrichment,Unknown from approved source; requires enrichment,Listed on Kay-approved source page (Portfolio; item type: portfolio entity / search fund or operating company).,Preserve for pattern recognition; fit not yet assessed.,"Enrich website, industry, niche, customer type, revenue model, recurrence, criticality, fragmentation, and acquisition context from approved primary sources.",High,source_complete_unfiltered
Anacapa Partners,https://anacapapartners.com/site/global/anacapa/portfolio/index.gsp,Rosemore Capital,,Unknown from approved source,Portfolio,Unknown from approved source,Unknown from approved source,Unknown from approved source,Unknown from approved source; requires enrichment,Unknown from approved source; requires enrichment,Unknown from approved source; requires enrichment,Listed on Kay-approved source page (Portfolio; item type: portfolio entity / search fund or operating company).,Preserve for pattern recognition; fit not yet assessed.,"Enrich website, industry, niche, customer type, revenue model, recurrence, criticality, fragmentation, and acquisition context from approved primary sources.",High,source_complete_unfiltered
Anacapa Partners,https://anacapapartners.com/site/global/anacapa/portfolio/index.gsp,RailFence Capital,,Unknown from approved source,Portfolio,Unknown from approved source,Unknown from approved source,Unknown from approved source,Unknown from approved source; requires enrichment,Unknown from approved source; requires enrichment,Unknown from approved source; requires enrichment,Listed on Kay-approved source page (Portfolio; item type: portfolio entity / search fund or operating company).,Preserve for pattern recognition; fit not yet assessed.,"Enrich website, industry, niche, customer type, revenue model, recurrence, criticality, fragmentation, and acquisition context from approved primary sources.",High,source_complete_unfiltered
Anacapa Partners,https://anacapapartners.com/site/global/anacapa/portfolio/index.gsp,Trek Partners,,Unknown from approved source,Portfolio,Unknown from approved source,Unknown from approved source,Unknown from approved source,Unknown from approved source; requires enrichment,Unknown from approved source; requires enrichment,Unknown from approved source; requires enrichment,Listed on Kay-approved source page (Portfolio; item type: portfolio entity / search fund or operating company).,Preserve for pattern recognition; fit not yet assessed.,"Enrich website, industry, niche, customer type, revenue model, recurrence, criticality, fragmentation, and acquisition context from approved primary sources.",High,source_complete_unfiltered
Anacapa Partners,https://anacapapartners.com/site/global/anacapa/portfolio/index.gsp,Western Ridge Partners,,Unknown from approved source,Portfolio,Unknown from approved source,Unknown from approved source,Unknown from approved source,Unknown from approved source; requires enrichment,Unknown from approved source; requires enrichment,Unknown from approved source; requires enrichment,Listed on Kay-approved source page (Portfolio; item type: portfolio entity / search fund or operating company).,Preserve for pattern recognition; fit not yet assessed.,"Enrich website, industry, niche, customer type, revenue model, recurrence, criticality, fragmentation, and acquisition context from approved primary sources.",High,source_complete_unfiltered
Anacapa Partners,https://anacapapartners.com/site/global/anacapa/portfolio/index.gsp,Horsemen Partners,,Unknown from approved source,Portfolio,Unknown from approved source,Unknown from approved source,Unknown from approved source,Unknown from approved source; requires enrichment,Unknown from approved source; requires enrichment,Unknown from approved source; requires enrichment,Listed on Kay-approved source page (Portfolio; item type: portfolio entity / search fund or operating company).,Preserve for pattern recognition; fit not yet assessed.,"Enrich website, industry, niche, customer type, revenue model, recurrence, criticality, fragmentation, and acquisition context from approved primary sources.",High,source_complete_unfiltered
Anacapa Partners,https://anacapapartners.com/site/global/anacapa/portfolio/index.gsp,Metanoia Capital,,Unknown from approved source,Portfolio,Unknown from approved source,Unknown from approved source,Unknown from approved source,Unknown from approved source; requires enrichment,Unknown from approved source; requires enrichment,Unknown from approved source; requires enrichment,Listed on Kay-approved source page (Portfolio; item type: portfolio entity / search fund or operating company).,Preserve for pattern recognition; fit not yet assessed.,"Enrich website, industry, niche, customer type, revenue model, recurrence, criticality, fragmentation, and acquisition context from approved primary sources.",High,source_complete_unfiltered
Anacapa Partners,https://anacapapartners.com/site/global/anacapa/portfolio/index.gsp,Rivet Capital Partners,,Unknown from approved source,Portfolio,Unknown from approved source,Unknown from approved source,Unknown from approved source,Unknown from approved source; requires enrichment,Unknown from approved source; requires enrichment,Unknown from approved source; requires enrichment,Listed on Kay-approved source page (Portfolio; item type: portfolio entity / search fund or operating company).,Preserve for pattern recognition; fit not yet assessed.,"Enrich website, industry, niche, customer type, revenue model, recurrence, criticality, fragmentation, and acquisition context from approved primary sources.",High,source_complete_unfiltered
Anacapa Partners,https://anacapapartners.com/site/global/anacapa/portfolio/index.gsp,Logcap Partners,,Unknown from approved source,Portfolio,Unknown from approved source,Unknown from approved source,Unknown from approved source,Unknown from approved source; requires enrichment,Unknown from approved source; requires enrichment,Unknown from approved source; requires enrichment,Listed on Kay-approved source page (Portfolio; item type: portfolio entity / search fund or operating company).,Preserve for pattern recognition; fit not yet assessed.,"Enrich website, industry, niche, customer type, revenue model, recurrence, criticality, fragmentation, and acquisition context from approved primary sources.",High,source_complete_unfiltered
Anacapa Partners,https://anacapapartners.com/site/global/anacapa/portfolio/index.gsp,Trident Holding Group,,Unknown from approved source,Portfolio,Unknown from approved source,Unknown from approved source,Unknown from approved source,Unknown from approved source; requires enrichment,Unknown from approved source; requires enrichment,Unknown from approved source; requires enrichment,Listed on Kay-approved source page (Portfolio; item type: portfolio entity / search fund or operating company).,Preserve for pattern recognition; fit not yet assessed.,"Enrich website, industry, niche, customer type, revenue model, recurrence, criticality, fragmentation, and acquisition context from approved primary sources.",High,source_complete_unfiltered
Anacapa Partners,https://anacapapartners.com/site/global/anacapa/portfolio/index.gsp,Commencement Bay Partners,,Unknown from approved source,Portfolio,Unknown from approved source,Unknown from approved source,Unknown from approved source,Unknown from approved source; requires enrichment,Unknown from approved source; requires enrichment,Unknown from approved source; requires enrichment,Listed on Kay-approved source page (Portfolio; item type: portfolio entity / search fund or operating company).,Preserve for pattern recognition; fit not yet assessed.,"Enrich website, industry, niche, customer type, revenue model, recurrence, criticality, fragmentation, and acquisition context from approved primary sources.",High,source_complete_unfiltered
Anacapa Partners,https://anacapapartners.com/site/global/anacapa/portfolio/index.gsp,Chinook Capital Group,,Unknown from approved source,Portfolio,Unknown from approved source,Unknown from approved source,Unknown from approved source,Unknown from approved source; requires enrichment,Unknown from approved source; requires enrichment,Unknown from approved source; requires enrichment,Listed on Kay-approved source page (Portfolio; item type: portfolio entity / search fund or operating company).,Preserve for pattern recognition; fit not yet assessed.,"Enrich website, industry, niche, customer type, revenue model, recurrence, criticality, fragmentation, and acquisition context from approved primary sources.",High,source_complete_unfiltered
Anacapa Partners,https://anacapapartners.com/site/global/anacapa/portfolio/index.gsp,Chronus,,Unknown from approved source,Portfolio,Unknown from approved source,Unknown from approved source,Unknown from approved source,Unknown from approved source; requires enrichment,Unknown from approved source; requires enrichment,Unknown from approved source; requires enrichment,Listed on Kay-approved source page (Portfolio; item type: portfolio entity / search fund or operating company).,Preserve for pattern recognition; fit not yet assessed.,"Enrich website, industry, niche, customer type, revenue model, recurrence, criticality, fragmentation, and acquisition context from approved primary sources.",High,source_complete_unfiltered
Anacapa Partners,https://anacapapartners.com/site/global/anacapa/portfolio/index.gsp,ClaimTrak,,Unknown from approved source,Portfolio,Unknown from approved source,Unknown from approved source,Unknown from approved source,Unknown from approved source; requires enrichment,Unknown from approved source; requires enrichment,Unknown from approved source; requires enrichment,Listed on Kay-approved source page (Portfolio; item type: portfolio entity / search fund or operating company).,Preserve for pattern recognition; fit not yet assessed.,"Enrich website, industry, niche, customer type, revenue model, recurrence, criticality, fragmentation, and acquisition context from approved primary sources.",High,source_complete_unfiltered
Anacapa Partners,https://anacapapartners.com/site/global/anacapa/portfolio/index.gsp,Answer1,https://www.answer1.com,B2B services,Virtual receptionist services,Outsourced call answering/receptionist service,Businesses,Unknown,Receptionist/call answering often subscription or monthly recurring; verify,Inbound call capture can be important but varies by customer,Virtual receptionist market fragmented,Anacapa operating company with description on approved page,Potential recurring outsourced business service but may have labor intensity and low switching costs,Check retention labor model vertical specialization and customer concentration,High,seed
Anacapa Partners,https://anacapapartners.com/site/global/anacapa/portfolio/index.gsp,mTAB,,Unknown from approved source,Portfolio,Unknown from approved source,Unknown from approved source,Unknown from approved source,Unknown from approved source; requires enrichment,Unknown from approved source; requires enrichment,Unknown from approved source; requires enrichment,Listed on Kay-approved source page (Portfolio; item type: portfolio entity / search fund or operating company).,Preserve for pattern recognition; fit not yet assessed.,"Enrich website, industry, niche, customer type, revenue model, recurrence, criticality, fragmentation, and acquisition context from approved primary sources.",High,source_complete_unfiltered
Anacapa Partners,https://anacapapartners.com/site/global/anacapa/portfolio/index.gsp,Dunmore Capital Partners,,Unknown from approved source,Portfolio,Unknown from approved source,Unknown from approved source,Unknown from approved source,Unknown from approved source; requires enrichment,Unknown from approved source; requires enrichment,Unknown from approved source; requires enrichment,Listed on Kay-approved source page (Portfolio; item type: portfolio entity / search fund or operating company).,Preserve for pattern recognition; fit not yet assessed.,"Enrich website, industry, niche, customer type, revenue model, recurrence, criticality, fragmentation, and acquisition context from approved primary sources.",High,source_complete_unfiltered
Anacapa Partners,https://anacapapartners.com/site/global/anacapa/portfolio/index.gsp,Accretive Value Group,,Unknown from approved source,Portfolio,Unknown from approved source,Unknown from approved source,Unknown from approved source,Unknown from approved source; requires enrichment,Unknown from approved source; requires enrichment,Unknown from approved source; requires enrichment,Listed on Kay-approved source page (Portfolio; item type: portfolio entity / search fund or operating company).,Preserve for pattern recognition; fit not yet assessed.,"Enrich website, industry, niche, customer type, revenue model, recurrence, criticality, fragmentation, and acquisition context from approved primary sources.",High,source_complete_unfiltered
WSC & Company,https://wscandcompany.com/portfolio/,Abound Health,,Unknown from approved source,Portfolio companies,Unknown from approved source,Unknown from approved source,Unknown from approved source,Unknown from approved source; requires enrichment,Unknown from approved source; requires enrichment,Unknown from approved source; requires enrichment,Listed on Kay-approved source page (Portfolio companies; item type: operating company).,Preserve for pattern recognition; fit not yet assessed.,"Enrich website, industry, niche, customer type, revenue model, recurrence, criticality, fragmentation, and acquisition context from approved primary sources.",Medium,source_complete_unfiltered
WSC & Company,https://wscandcompany.com/portfolio/,Energy Ogre,,Unknown from approved source,Portfolio companies,Unknown from approved source,Unknown from approved source,Unknown from approved source,Unknown from approved source; requires enrichment,Unknown from approved source; requires enrichment,Unknown from approved source; requires enrichment,Listed on Kay-approved source page (Portfolio companies; item type: operating company).,Preserve for pattern recognition; fit not yet assessed.,"Enrich website, industry, niche, customer type, revenue model, recurrence, criticality, fragmentation, and acquisition context from approved primary sources.",Medium,source_complete_unfiltered
WSC & Company,https://wscandcompany.com/portfolio/,HealthMark Group,,Unknown from approved source,Portfolio companies,Unknown from approved source,Unknown from approved source,Unknown from approved source,Unknown from approved source; requires enrichment,Unknown from approved source; requires enrichment,Unknown from approved source; requires enrichment,Listed on Kay-approved source page (Portfolio companies; item type: operating company).,Preserve for pattern recognition; fit not yet assessed.,"Enrich website, industry, niche, customer type, revenue model, recurrence, criticality, fragmentation, and acquisition context from approved primary sources.",Medium,source_complete_unfiltered
WSC & Company,https://wscandcompany.com/portfolio/,Spivey,,Unknown from approved source,Portfolio companies,Unknown from approved source,Unknown from approved source,Unknown from approved source,Unknown from approved source; requires enrichment,Unknown from approved source; requires enrichment,Unknown from approved source; requires enrichment,Listed on Kay-approved source page (Portfolio companies; item type: operating company).,Preserve for pattern recognition; fit not yet assessed.,"Enrich website, industry, niche, customer type, revenue model, recurrence, criticality, fragmentation, and acquisition context from approved primary sources.",Medium,source_complete_unfiltered
WSC & Company,https://wscandcompany.com/portfolio/,Trans Tech,,Unknown from approved source,Portfolio companies,Unknown from approved source,Unknown from approved source,Unknown from approved source,Unknown from approved source; requires enrichment,Unknown from approved source; requires enrichment,Unknown from approved source; requires enrichment,Listed on Kay-approved source page (Portfolio companies; item type: operating company).,Preserve for pattern recognition; fit not yet assessed.,"Enrich website, industry, niche, customer type, revenue model, recurrence, criticality, fragmentation, and acquisition context from approved primary sources.",Medium,source_complete_unfiltered
WSC & Company,https://wscandcompany.com/portfolio/,ACES Monitoring,,B2B services / safety systems,Gas detection and ventilation control monitoring,System installation maintenance and calibration,Commercial and industrial facilities,Cardiff CA,Monitoring/calibration services likely recurring; verify contract cadence,Gas detection and ventilation control are safety-critical,Specialty facility safety service providers likely fragmented regionally,WSC listed operating company; Trilogy page describes full-lifecycle support for gas detection and ventilation systems,Strong safety/compliance facility-services signal; adjacent to fire/life-safety and OHS clusters,Find company website and verify maintenance contract model customer mix and certification requirements,Medium,seed
WSC & Company,https://wscandcompany.com/portfolio/,Advanced Aircrew Academy,,Unknown from approved source,Portfolio companies,Unknown from approved source,Unknown from approved source,Unknown from approved source,Unknown from approved source; requires enrichment,Unknown from approved source; requires enrichment,Unknown from approved source; requires enrichment,Listed on Kay-approved source page (Portfolio companies; item type: operating company).,Preserve for pattern recognition; fit not yet assessed.,"Enrich website, industry, niche, customer type, revenue model, recurrence, criticality, fragmentation, and acquisition context from approved primary sources.",Medium,source_complete_unfiltered
WSC & Company,https://wscandcompany.com/portfolio/,AdComp Systems,,Unknown from approved source,Portfolio companies,Unknown from approved source,Unknown from approved source,Unknown from approved source,Unknown from approved source; requires enrichment,Unknown from approved source; requires enrichment,Unknown from approved source; requires enrichment,Listed on Kay-approved source page (Portfolio companies; item type: operating company).,Preserve for pattern recognition; fit not yet assessed.,"Enrich website, industry, niche, customer type, revenue model, recurrence, criticality, fragmentation, and acquisition context from approved primary sources.",Medium,source_complete_unfiltered
WSC & Company,https://wscandcompany.com/portfolio/,Allied Electric,,Unknown from approved source,Portfolio companies,Unknown from approved source,Unknown from approved source,Unknown from approved source,Unknown from approved source; requires enrichment,Unknown from approved source; requires enrichment,Unknown from approved source; requires enrichment,Listed on Kay-approved source page (Portfolio companies; item type: operating company).,Preserve for pattern recognition; fit not yet assessed.,"Enrich website, industry, niche, customer type, revenue model, recurrence, criticality, fragmentation, and acquisition context from approved primary sources.",Medium,source_complete_unfiltered
WSC & Company,https://wscandcompany.com/portfolio/,Alus,,Unknown from approved source,Portfolio companies,Unknown from approved source,Unknown from approved source,Unknown from approved source,Unknown from approved source; requires enrichment,Unknown from approved source; requires enrichment,Unknown from approved source; requires enrichment,Listed on Kay-approved source page (Portfolio companies; item type: operating company).,Preserve for pattern recognition; fit not yet assessed.,"Enrich website, industry, niche, customer type, revenue model, recurrence, criticality, fragmentation, and acquisition context from approved primary sources.",Medium,source_complete_unfiltered
WSC & Company,https://wscandcompany.com/portfolio/,Anterra Technology,,Unknown from approved source,Portfolio companies,Unknown from approved source,Unknown from approved source,Unknown from approved source,Unknown from approved source; requires enrichment,Unknown from approved source; requires enrichment,Unknown from approved source; requires enrichment,Listed on Kay-approved source page (Portfolio companies; item type: operating company).,Preserve for pattern recognition; fit not yet assessed.,"Enrich website, industry, niche, customer type, revenue model, recurrence, criticality, fragmentation, and acquisition context from approved primary sources.",Medium,source_complete_unfiltered
WSC & Company,https://wscandcompany.com/portfolio/,APA Medical Equipment,,Unknown from approved source,Portfolio companies,Unknown from approved source,Unknown from approved source,Unknown from approved source,Unknown from approved source; requires enrichment,Unknown from approved source; requires enrichment,Unknown from approved source; requires enrichment,Listed on Kay-approved source page (Portfolio companies; item type: operating company).,Preserve for pattern recognition; fit not yet assessed.,"Enrich website, industry, niche, customer type, revenue model, recurrence, criticality, fragmentation, and acquisition context from approved primary sources.",Medium,source_complete_unfiltered
WSC & Company,https://wscandcompany.com/portfolio/,AppWrap,,Unknown from approved source,Portfolio companies,Unknown from approved source,Unknown from approved source,Unknown from approved source,Unknown from approved source; requires enrichment,Unknown from approved source; requires enrichment,Unknown from approved source; requires enrichment,Listed on Kay-approved source page (Portfolio companies; item type: operating company).,Preserve for pattern recognition; fit not yet assessed.,"Enrich website, industry, niche, customer type, revenue model, recurrence, criticality, fragmentation, and acquisition context from approved primary sources.",Medium,source_complete_unfiltered
WSC & Company,https://wscandcompany.com/portfolio/,APS,,Unknown from approved source,Portfolio companies,Unknown from approved source,Unknown from approved source,Unknown from approved source,Unknown from approved source; requires enrichment,Unknown from approved source; requires enrichment,Unknown from approved source; requires enrichment,Listed on Kay-approved source page (Portfolio companies; item type: operating company).,Preserve for pattern recognition; fit not yet assessed.,"Enrich website, industry, niche, customer type, revenue model, recurrence, criticality, fragmentation, and acquisition context from approved primary sources.",Medium,source_complete_unfiltered
WSC & Company,https://wscandcompany.com/portfolio/,Aspen Ridge Recovery,,Unknown from approved source,Portfolio companies,Unknown from approved source,Unknown from approved source,Unknown from approved source,Unknown from approved source; requires enrichment,Unknown from approved source; requires enrichment,Unknown from approved source; requires enrichment,Listed on Kay-approved source page (Portfolio companies; item type: operating company).,Preserve for pattern recognition; fit not yet assessed.,"Enrich website, industry, niche, customer type, revenue model, recurrence, criticality, fragmentation, and acquisition context from approved primary sources.",Medium,source_complete_unfiltered
WSC & Company,https://wscandcompany.com/portfolio/,Atticus,,Unknown from approved source,Portfolio companies,Unknown from approved source,Unknown from approved source,Unknown from approved source,Unknown from approved source; requires enrichment,Unknown from approved source; requires enrichment,Unknown from approved source; requires enrichment,Listed on Kay-approved source page (Portfolio companies; item type: operating company).,Preserve for pattern recognition; fit not yet assessed.,"Enrich website, industry, niche, customer type, revenue model, recurrence, criticality, fragmentation, and acquisition context from approved primary sources.",Medium,source_complete_unfiltered
WSC & Company,https://wscandcompany.com/portfolio/,Auronix,,Unknown from approved source,Portfolio companies,Unknown from approved source,Unknown from approved source,Unknown from approved source,Unknown from approved source; requires enrichment,Unknown from approved source; requires enrichment,Unknown from approved source; requires enrichment,Listed on Kay-approved source page (Portfolio companies; item type: operating company).,Preserve for pattern recognition; fit not yet assessed.,"Enrich website, industry, niche, customer type, revenue model, recurrence, criticality, fragmentation, and acquisition context from approved primary sources.",Medium,source_complete_unfiltered
WSC & Company,https://wscandcompany.com/portfolio/,Big Box Storage,,Unknown from approved source,Portfolio companies,Unknown from approved source,Unknown from approved source,Unknown from approved source,Unknown from approved source; requires enrichment,Unknown from approved source; requires enrichment,Unknown from approved source; requires enrichment,Listed on Kay-approved source page (Portfolio companies; item type: operating company).,Preserve for pattern recognition; fit not yet assessed.,"Enrich website, industry, niche, customer type, revenue model, recurrence, criticality, fragmentation, and acquisition context from approved primary sources.",Medium,source_complete_unfiltered
WSC & Company,https://wscandcompany.com/portfolio/,Bio Behavioral Institute,,Unknown from approved source,Portfolio companies,Unknown from approved source,Unknown from approved source,Unknown from approved source,Unknown from approved source; requires enrichment,Unknown from approved source; requires enrichment,Unknown from approved source; requires enrichment,Listed on Kay-approved source page (Portfolio companies; item type: operating company).,Preserve for pattern recognition; fit not yet assessed.,"Enrich website, industry, niche, customer type, revenue model, recurrence, criticality, fragmentation, and acquisition context from approved primary sources.",Medium,source_complete_unfiltered
WSC & Company,https://wscandcompany.com/portfolio/,Central Storage & Warehouse,,Unknown from approved source,Portfolio companies,Unknown from approved source,Unknown from approved source,Unknown from approved source,Unknown from approved source; requires enrichment,Unknown from approved source; requires enrichment,Unknown from approved source; requires enrichment,Listed on Kay-approved source page (Portfolio companies; item type: operating company).,Preserve for pattern recognition; fit not yet assessed.,"Enrich website, industry, niche, customer type, revenue model, recurrence, criticality, fragmentation, and acquisition context from approved primary sources.",Medium,source_complete_unfiltered
WSC & Company,https://wscandcompany.com/portfolio/,"Charter Impact, Inc.",,Unknown from approved source,Portfolio companies,Unknown from approved source,Unknown from approved source,Unknown from approved source,Unknown from approved source; requires enrichment,Unknown from approved source; requires enrichment,Unknown from approved source; requires enrichment,Listed on Kay-approved source page (Portfolio companies; item type: operating company).,Preserve for pattern recognition; fit not yet assessed.,"Enrich website, industry, niche, customer type, revenue model, recurrence, criticality, fragmentation, and acquisition context from approved primary sources.",Medium,source_complete_unfiltered
WSC & Company,https://wscandcompany.com/portfolio/,Chesapeake Technology,,Unknown from approved source,Portfolio companies,Unknown from approved source,Unknown from approved source,Unknown from approved source,Unknown from approved source; requires enrichment,Unknown from approved source; requires enrichment,Unknown from approved source; requires enrichment,Listed on Kay-approved source page (Portfolio companies; item type: operating company).,Preserve for pattern recognition; fit not yet assessed.,"Enrich website, industry, niche, customer type, revenue model, recurrence, criticality, fragmentation, and acquisition context from approved primary sources.",Medium,source_complete_unfiltered
WSC & Company,https://wscandcompany.com/portfolio/,CITTA Brokerage,,Unknown from approved source,Portfolio companies,Unknown from approved source,Unknown from approved source,Unknown from approved source,Unknown from approved source; requires enrichment,Unknown from approved source; requires enrichment,Unknown from approved source; requires enrichment,Listed on Kay-approved source page (Portfolio companies; item type: operating company).,Preserve for pattern recognition; fit not yet assessed.,"Enrich website, industry, niche, customer type, revenue model, recurrence, criticality, fragmentation, and acquisition context from approved primary sources.",Medium,source_complete_unfiltered
WSC & Company,https://wscandcompany.com/portfolio/,Desert Services,,B2B services,Unknown service business,Unknown,Unknown,Phoenix AZ,Unknown,Unknown,Unknown,WSC listed operating company with location only,Potential services signal but not enough evidence to classify,Enrich from approved follow-up source before using in pattern analysis,Low,needs_enrichment
WSC & Company,https://wscandcompany.com/portfolio/,Driver Industrial,,Unknown from approved source,Portfolio companies,Unknown from approved source,Unknown from approved source,Unknown from approved source,Unknown from approved source; requires enrichment,Unknown from approved source; requires enrichment,Unknown from approved source; requires enrichment,Listed on Kay-approved source page (Portfolio companies; item type: operating company).,Preserve for pattern recognition; fit not yet assessed.,"Enrich website, industry, niche, customer type, revenue model, recurrence, criticality, fragmentation, and acquisition context from approved primary sources.",Medium,source_complete_unfiltered
WSC & Company,https://wscandcompany.com/portfolio/,Dynamic Rubber,,Manufacturing / industrial,Industrial rubber products likely,Manufacturing,B2B industrial customers,Mount Prospect IL,Repeat customer programs possible; verify,Industrial components can be supply-chain critical,Specialty manufacturers may be fragmented by niche,WSC listed operating company with location only,Preserve as industrial niche signal but not enough detail yet,Find product line customer type margin and customer concentration,Low,needs_enrichment
WSC & Company,https://wscandcompany.com/portfolio/,Emission and Cooling Solutions,,Unknown from approved source,Portfolio companies,Unknown from approved source,Unknown from approved source,Unknown from approved source,Unknown from approved source; requires enrichment,Unknown from approved source; requires enrichment,Unknown from approved source; requires enrichment,Listed on Kay-approved source page (Portfolio companies; item type: operating company).,Preserve for pattern recognition; fit not yet assessed.,"Enrich website, industry, niche, customer type, revenue model, recurrence, criticality, fragmentation, and acquisition context from approved primary sources.",Medium,source_complete_unfiltered
WSC & Company,https://wscandcompany.com/portfolio/,EndoscopyMD,,Unknown from approved source,Portfolio companies,Unknown from approved source,Unknown from approved source,Unknown from approved source,Unknown from approved source; requires enrichment,Unknown from approved source; requires enrichment,Unknown from approved source; requires enrichment,Listed on Kay-approved source page (Portfolio companies; item type: operating company).,Preserve for pattern recognition; fit not yet assessed.,"Enrich website, industry, niche, customer type, revenue model, recurrence, criticality, fragmentation, and acquisition context from approved primary sources.",Medium,source_complete_unfiltered
WSC & Company,https://wscandcompany.com/portfolio/,EyeQ Monitoring,,Unknown from approved source,Portfolio companies,Unknown from approved source,Unknown from approved source,Unknown from approved source,Unknown from approved source; requires enrichment,Unknown from approved source; requires enrichment,Unknown from approved source; requires enrichment,Listed on Kay-approved source page (Portfolio companies; item type: operating company).,Preserve for pattern recognition; fit not yet assessed.,"Enrich website, industry, niche, customer type, revenue model, recurrence, criticality, fragmentation, and acquisition context from approved primary sources.",Medium,source_complete_unfiltered
WSC & Company,https://wscandcompany.com/portfolio/,FIMC,,Unknown from approved source,Portfolio companies,Unknown from approved source,Unknown from approved source,Unknown from approved source,Unknown from approved source; requires enrichment,Unknown from approved source; requires enrichment,Unknown from approved source; requires enrichment,Listed on Kay-approved source page (Portfolio companies; item type: operating company).,Preserve for pattern recognition; fit not yet assessed.,"Enrich website, industry, niche, customer type, revenue model, recurrence, criticality, fragmentation, and acquisition context from approved primary sources.",Medium,source_complete_unfiltered
WSC & Company,https://wscandcompany.com/portfolio/,Green Garden Group,,Unknown from approved source,Portfolio companies,Unknown from approved source,Unknown from approved source,Unknown from approved source,Unknown from approved source; requires enrichment,Unknown from approved source; requires enrichment,Unknown from approved source; requires enrichment,Listed on Kay-approved source page (Portfolio companies; item type: operating company).,Preserve for pattern recognition; fit not yet assessed.,"Enrich website, industry, niche, customer type, revenue model, recurrence, criticality, fragmentation, and acquisition context from approved primary sources.",Medium,source_complete_unfiltered
WSC & Company,https://wscandcompany.com/portfolio/,His Choice Health,,Unknown from approved source,Portfolio companies,Unknown from approved source,Unknown from approved source,Unknown from approved source,Unknown from approved source; requires enrichment,Unknown from approved source; requires enrichment,Unknown from approved source; requires enrichment,Listed on Kay-approved source page (Portfolio companies; item type: operating company).,Preserve for pattern recognition; fit not yet assessed.,"Enrich website, industry, niche, customer type, revenue model, recurrence, criticality, fragmentation, and acquisition context from approved primary sources.",Medium,source_complete_unfiltered
WSC & Company,https://wscandcompany.com/portfolio/,Holland Supply Company,,Unknown from approved source,Portfolio companies,Unknown from approved source,Unknown from approved source,Unknown from approved source,Unknown from approved source; requires enrichment,Unknown from approved source; requires enrichment,Unknown from approved source; requires enrichment,Listed on Kay-approved source page (Portfolio companies; item type: operating company).,Preserve for pattern recognition; fit not yet assessed.,"Enrich website, industry, niche, customer type, revenue model, recurrence, criticality, fragmentation, and acquisition context from approved primary sources.",Medium,source_complete_unfiltered
WSC & Company,https://wscandcompany.com/portfolio/,IMMSA,,Unknown from approved source,Portfolio companies,Unknown from approved source,Unknown from approved source,Unknown from approved source,Unknown from approved source; requires enrichment,Unknown from approved source; requires enrichment,Unknown from approved source; requires enrichment,Listed on Kay-approved source page (Portfolio companies; item type: operating company).,Preserve for pattern recognition; fit not yet assessed.,"Enrich website, industry, niche, customer type, revenue model, recurrence, criticality, fragmentation, and acquisition context from approved primary sources.",Medium,source_complete_unfiltered
WSC & Company,https://wscandcompany.com/portfolio/,Infosel,,Unknown from approved source,Portfolio companies,Unknown from approved source,Unknown from approved source,Unknown from approved source,Unknown from approved source; requires enrichment,Unknown from approved source; requires enrichment,Unknown from approved source; requires enrichment,Listed on Kay-approved source page (Portfolio companies; item type: operating company).,Preserve for pattern recognition; fit not yet assessed.,"Enrich website, industry, niche, customer type, revenue model, recurrence, criticality, fragmentation, and acquisition context from approved primary sources.",Medium,source_complete_unfiltered
WSC & Company,https://wscandcompany.com/portfolio/,JDXpert,,Unknown from approved source,Portfolio companies,Unknown from approved source,Unknown from approved source,Unknown from approved source,Unknown from approved source; requires enrichment,Unknown from approved source; requires enrichment,Unknown from approved source; requires enrichment,Listed on Kay-approved source page (Portfolio companies; item type: operating company).,Preserve for pattern recognition; fit not yet assessed.,"Enrich website, industry, niche, customer type, revenue model, recurrence, criticality, fragmentation, and acquisition context from approved primary sources.",Medium,source_complete_unfiltered
WSC & Company,https://wscandcompany.com/portfolio/,JMG Marketing,,Unknown from approved source,Portfolio companies,Unknown from approved source,Unknown from approved source,Unknown from approved source,Unknown from approved source; requires enrichment,Unknown from approved source; requires enrichment,Unknown from approved source; requires enrichment,Listed on Kay-approved source page (Portfolio companies; item type: operating company).,Preserve for pattern recognition; fit not yet assessed.,"Enrich website, industry, niche, customer type, revenue model, recurrence, criticality, fragmentation, and acquisition context from approved primary sources.",Medium,source_complete_unfiltered
WSC & Company,https://wscandcompany.com/portfolio/,JQ Medical,,Unknown from approved source,Portfolio companies,Unknown from approved source,Unknown from approved source,Unknown from approved source,Unknown from approved source; requires enrichment,Unknown from approved source; requires enrichment,Unknown from approved source; requires enrichment,Listed on Kay-approved source page (Portfolio companies; item type: operating company).,Preserve for pattern recognition; fit not yet assessed.,"Enrich website, industry, niche, customer type, revenue model, recurrence, criticality, fragmentation, and acquisition context from approved primary sources.",Medium,source_complete_unfiltered
WSC & Company,https://wscandcompany.com/portfolio/,Kind Behavioral Health,,Unknown from approved source,Portfolio companies,Unknown from approved source,Unknown from approved source,Unknown from approved source,Unknown from approved source; requires enrichment,Unknown from approved source; requires enrichment,Unknown from approved source; requires enrichment,Listed on Kay-approved source page (Portfolio companies; item type: operating company).,Preserve for pattern recognition; fit not yet assessed.,"Enrich website, industry, niche, customer type, revenue model, recurrence, criticality, fragmentation, and acquisition context from approved primary sources.",Medium,source_complete_unfiltered
WSC & Company,https://wscandcompany.com/portfolio/,Kofre Technologia,,Unknown from approved source,Portfolio companies,Unknown from approved source,Unknown from approved source,Unknown from approved source,Unknown from approved source; requires enrichment,Unknown from approved source; requires enrichment,Unknown from approved source; requires enrichment,Listed on Kay-approved source page (Portfolio companies; item type: operating company).,Preserve for pattern recognition; fit not yet assessed.,"Enrich website, industry, niche, customer type, revenue model, recurrence, criticality, fragmentation, and acquisition context from approved primary sources.",Medium,source_complete_unfiltered
WSC & Company,https://wscandcompany.com/portfolio/,Legna Software,,Unknown from approved source,Portfolio companies,Unknown from approved source,Unknown from approved source,Unknown from approved source,Unknown from approved source; requires enrichment,Unknown from approved source; requires enrichment,Unknown from approved source; requires enrichment,Listed on Kay-approved source page (Portfolio companies; item type: operating company).,Preserve for pattern recognition; fit not yet assessed.,"Enrich website, industry, niche, customer type, revenue model, recurrence, criticality, fragmentation, and acquisition context from approved primary sources.",Medium,source_complete_unfiltered
WSC & Company,https://wscandcompany.com/portfolio/,LineDrive,,B2B services / industrial sales,Industrial sales and distribution likely,Value-added distribution/services,Industrial customers,Itasca IL,Repeat account purchasing likely; verify,Industrial safety/productivity solutions can be operationally important,Value-added distributors can be fragmented regionally/vertically,WSC listed operating company with location only,Potential boring B2B distribution/services pattern,Enrich business model and customer concentration,Low,needs_enrichment
WSC & Company,https://wscandcompany.com/portfolio/,Léargas Security,,Unknown from approved source,Portfolio companies,Unknown from approved source,Unknown from approved source,Unknown from approved source,Unknown from approved source; requires enrichment,Unknown from approved source; requires enrichment,Unknown from approved source; requires enrichment,Listed on Kay-approved source page (Portfolio companies; item type: operating company).,Preserve for pattern recognition; fit not yet assessed.,"Enrich website, industry, niche, customer type, revenue model, recurrence, criticality, fragmentation, and acquisition context from approved primary sources.",Medium,source_complete_unfiltered
WSC & Company,https://wscandcompany.com/portfolio/,Maher Services,,Unknown from approved source,Portfolio companies,Unknown from approved source,Unknown from approved source,Unknown from approved source,Unknown from approved source; requires enrichment,Unknown from approved source; requires enrichment,Unknown from approved source; requires enrichment,Listed on Kay-approved source page (Portfolio companies; item type: operating company).,Preserve for pattern recognition; fit not yet assessed.,"Enrich website, industry, niche, customer type, revenue model, recurrence, criticality, fragmentation, and acquisition context from approved primary sources.",Medium,source_complete_unfiltered
WSC & Company,https://wscandcompany.com/portfolio/,Mas Seguros,,Unknown from approved source,Portfolio companies,Unknown from approved source,Unknown from approved source,Unknown from approved source,Unknown from approved source; requires enrichment,Unknown from approved source; requires enrichment,Unknown from approved source; requires enrichment,Listed on Kay-approved source page (Portfolio companies; item type: operating company).,Preserve for pattern recognition; fit not yet assessed.,"Enrich website, industry, niche, customer type, revenue model, recurrence, criticality, fragmentation, and acquisition context from approved primary sources.",Medium,source_complete_unfiltered
WSC & Company,https://wscandcompany.com/portfolio/,Meridian Title,,Unknown from approved source,Portfolio companies,Unknown from approved source,Unknown from approved source,Unknown from approved source,Unknown from approved source; requires enrichment,Unknown from approved source; requires enrichment,Unknown from approved source; requires enrichment,Listed on Kay-approved source page (Portfolio companies; item type: operating company).,Preserve for pattern recognition; fit not yet assessed.,"Enrich website, industry, niche, customer type, revenue model, recurrence, criticality, fragmentation, and acquisition context from approved primary sources.",Medium,source_complete_unfiltered
WSC & Company,https://wscandcompany.com/portfolio/,Metabolic Solutions,,Unknown from approved source,Portfolio companies,Unknown from approved source,Unknown from approved source,Unknown from approved source,Unknown from approved source; requires enrichment,Unknown from approved source; requires enrichment,Unknown from approved source; requires enrichment,Listed on Kay-approved source page (Portfolio companies; item type: operating company).,Preserve for pattern recognition; fit not yet assessed.,"Enrich website, industry, niche, customer type, revenue model, recurrence, criticality, fragmentation, and acquisition context from approved primary sources.",Medium,source_complete_unfiltered
WSC & Company,https://wscandcompany.com/portfolio/,Moneta Technologies,,Unknown from approved source,Portfolio companies,Unknown from approved source,Unknown from approved source,Unknown from approved source,Unknown from approved source; requires enrichment,Unknown from approved source; requires enrichment,Unknown from approved source; requires enrichment,Listed on Kay-approved source page (Portfolio companies; item type: operating company).,Preserve for pattern recognition; fit not yet assessed.,"Enrich website, industry, niche, customer type, revenue model, recurrence, criticality, fragmentation, and acquisition context from approved primary sources.",Medium,source_complete_unfiltered
WSC & Company,https://wscandcompany.com/portfolio/,Montis Financial,,Unknown from approved source,Portfolio companies,Unknown from approved source,Unknown from approved source,Unknown from approved source,Unknown from approved source; requires enrichment,Unknown from approved source; requires enrichment,Unknown from approved source; requires enrichment,Listed on Kay-approved source page (Portfolio companies; item type: operating company).,Preserve for pattern recognition; fit not yet assessed.,"Enrich website, industry, niche, customer type, revenue model, recurrence, criticality, fragmentation, and acquisition context from approved primary sources.",Medium,source_complete_unfiltered
WSC & Company,https://wscandcompany.com/portfolio/,Neurobiologix,,Unknown from approved source,Portfolio companies,Unknown from approved source,Unknown from approved source,Unknown from approved source,Unknown from approved source; requires enrichment,Unknown from approved source; requires enrichment,Unknown from approved source; requires enrichment,Listed on Kay-approved source page (Portfolio companies; item type: operating company).,Preserve for pattern recognition; fit not yet assessed.,"Enrich website, industry, niche, customer type, revenue model, recurrence, criticality, fragmentation, and acquisition context from approved primary sources.",Medium,source_complete_unfiltered
WSC & Company,https://wscandcompany.com/portfolio/,Nexti,,Unknown from approved source,Portfolio companies,Unknown from approved source,Unknown from approved source,Unknown from approved source,Unknown from approved source; requires enrichment,Unknown from approved source; requires enrichment,Unknown from approved source; requires enrichment,Listed on Kay-approved source page (Portfolio companies; item type: operating company).,Preserve for pattern recognition; fit not yet assessed.,"Enrich website, industry, niche, customer type, revenue model, recurrence, criticality, fragmentation, and acquisition context from approved primary sources.",Medium,source_complete_unfiltered
WSC & Company,https://wscandcompany.com/portfolio/,No-IP,,Unknown from approved source,Portfolio companies,Unknown from approved source,Unknown from approved source,Unknown from approved source,Unknown from approved source; requires enrichment,Unknown from approved source; requires enrichment,Unknown from approved source; requires enrichment,Listed on Kay-approved source page (Portfolio companies; item type: operating company).,Preserve for pattern recognition; fit not yet assessed.,"Enrich website, industry, niche, customer type, revenue model, recurrence, criticality, fragmentation, and acquisition context from approved primary sources.",Medium,source_complete_unfiltered
WSC & Company,https://wscandcompany.com/portfolio/,Nuance Medical,,Unknown from approved source,Portfolio companies,Unknown from approved source,Unknown from approved source,Unknown from approved source,Unknown from approved source; requires enrichment,Unknown from approved source; requires enrichment,Unknown from approved source; requires enrichment,Listed on Kay-approved source page (Portfolio companies; item type: operating company).,Preserve for pattern recognition; fit not yet assessed.,"Enrich website, industry, niche, customer type, revenue model, recurrence, criticality, fragmentation, and acquisition context from approved primary sources.",Medium,source_complete_unfiltered
WSC & Company,https://wscandcompany.com/portfolio/,O&W Heat Treat,,Unknown from approved source,Portfolio companies,Unknown from approved source,Unknown from approved source,Unknown from approved source,Unknown from approved source; requires enrichment,Unknown from approved source; requires enrichment,Unknown from approved source; requires enrichment,Listed on Kay-approved source page (Portfolio companies; item type: operating company).,Preserve for pattern recognition; fit not yet assessed.,"Enrich website, industry, niche, customer type, revenue model, recurrence, criticality, fragmentation, and acquisition context from approved primary sources.",Medium,source_complete_unfiltered
WSC & Company,https://wscandcompany.com/portfolio/,OneShield,,Unknown from approved source,Portfolio companies,Unknown from approved source,Unknown from approved source,Unknown from approved source,Unknown from approved source; requires enrichment,Unknown from approved source; requires enrichment,Unknown from approved source; requires enrichment,Listed on Kay-approved source page (Portfolio companies; item type: operating company).,Preserve for pattern recognition; fit not yet assessed.,"Enrich website, industry, niche, customer type, revenue model, recurrence, criticality, fragmentation, and acquisition context from approved primary sources.",Medium,source_complete_unfiltered
WSC & Company,https://wscandcompany.com/portfolio/,Out of the Box Technology,,Unknown from approved source,Portfolio companies,Unknown from approved source,Unknown from approved source,Unknown from approved source,Unknown from approved source; requires enrichment,Unknown from approved source; requires enrichment,Unknown from approved source; requires enrichment,Listed on Kay-approved source page (Portfolio companies; item type: operating company).,Preserve for pattern recognition; fit not yet assessed.,"Enrich website, industry, niche, customer type, revenue model, recurrence, criticality, fragmentation, and acquisition context from approved primary sources.",Medium,source_complete_unfiltered
WSC & Company,https://wscandcompany.com/portfolio/,Oxymed,,Unknown from approved source,Portfolio companies,Unknown from approved source,Unknown from approved source,Unknown from approved source,Unknown from approved source; requires enrichment,Unknown from approved source; requires enrichment,Unknown from approved source; requires enrichment,Listed on Kay-approved source page (Portfolio companies; item type: operating company).,Preserve for pattern recognition; fit not yet assessed.,"Enrich website, industry, niche, customer type, revenue model, recurrence, criticality, fragmentation, and acquisition context from approved primary sources.",Medium,source_complete_unfiltered
WSC & Company,https://wscandcompany.com/portfolio/,"P&S Machining and Fabrication, Inc.",,Unknown from approved source,Portfolio companies,Unknown from approved source,Unknown from approved source,Unknown from approved source,Unknown from approved source; requires enrichment,Unknown from approved source; requires enrichment,Unknown from approved source; requires enrichment,Listed on Kay-approved source page (Portfolio companies; item type: operating company).,Preserve for pattern recognition; fit not yet assessed.,"Enrich website, industry, niche, customer type, revenue model, recurrence, criticality, fragmentation, and acquisition context from approved primary sources.",Medium,source_complete_unfiltered
WSC & Company,https://wscandcompany.com/portfolio/,Pacific West Mechanical,,B2B services / mechanical,Mechanical services,Trade services,Commercial/industrial customers likely,Vancouver BC,Service/maintenance contracts possible; verify,Mechanical systems are facility-critical,Mechanical contractors fragmented regionally,WSC listed operating company with location only,Potential G&B-fit field services pattern if commercial recurring maintenance dominates,Enrich service lines customer type and contract mix,Medium,seed
WSC & Company,https://wscandcompany.com/portfolio/,PalCare,,Unknown from approved source,Portfolio companies,Unknown from approved source,Unknown from approved source,Unknown from approved source,Unknown from approved source; requires enrichment,Unknown from approved source; requires enrichment,Unknown from approved source; requires enrichment,Listed on Kay-approved source page (Portfolio companies; item type: operating company).,Preserve for pattern recognition; fit not yet assessed.,"Enrich website, industry, niche, customer type, revenue model, recurrence, criticality, fragmentation, and acquisition context from approved primary sources.",Medium,source_complete_unfiltered
WSC & Company,https://wscandcompany.com/portfolio/,Premier Tree Specialists,,B2B/consumer services,Tree services,Field services,Commercial/residential/municipal unknown,Cleveland OH,Recurring maintenance possible; verify,Tree safety and utility clearance can be critical depending on customer mix,Tree services market fragmented,WSC listed operating company with location only,Potential route/field-services pattern but customer mix matters,Verify commercial/municipal mix recurrence and seasonality,Medium,seed
WSC & Company,https://wscandcompany.com/portfolio/,Premier World Discovery,,Unknown from approved source,Portfolio companies,Unknown from approved source,Unknown from approved source,Unknown from approved source,Unknown from approved source; requires enrichment,Unknown from approved source; requires enrichment,Unknown from approved source; requires enrichment,Listed on Kay-approved source page (Portfolio companies; item type: operating company).,Preserve for pattern recognition; fit not yet assessed.,"Enrich website, industry, niche, customer type, revenue model, recurrence, criticality, fragmentation, and acquisition context from approved primary sources.",Medium,source_complete_unfiltered
WSC & Company,https://wscandcompany.com/portfolio/,Quicksoft Technologia,,Unknown from approved source,Portfolio companies,Unknown from approved source,Unknown from approved source,Unknown from approved source,Unknown from approved source; requires enrichment,Unknown from approved source; requires enrichment,Unknown from approved source; requires enrichment,Listed on Kay-approved source page (Portfolio companies; item type: operating company).,Preserve for pattern recognition; fit not yet assessed.,"Enrich website, industry, niche, customer type, revenue model, recurrence, criticality, fragmentation, and acquisition context from approved primary sources.",Medium,source_complete_unfiltered
WSC & Company,https://wscandcompany.com/portfolio/,Rent Andes,,Unknown from approved source,Portfolio companies,Unknown from approved source,Unknown from approved source,Unknown from approved source,Unknown from approved source; requires enrichment,Unknown from approved source; requires enrichment,Unknown from approved source; requires enrichment,Listed on Kay-approved source page (Portfolio companies; item type: operating company).,Preserve for pattern recognition; fit not yet assessed.,"Enrich website, industry, niche, customer type, revenue model, recurrence, criticality, fragmentation, and acquisition context from approved primary sources.",Medium,source_complete_unfiltered
WSC & Company,https://wscandcompany.com/portfolio/,Resolute,,Unknown from approved source,Portfolio companies,Unknown from approved source,Unknown from approved source,Unknown from approved source,Unknown from approved source; requires enrichment,Unknown from approved source; requires enrichment,Unknown from approved source; requires enrichment,Listed on Kay-approved source page (Portfolio companies; item type: operating company).,Preserve for pattern recognition; fit not yet assessed.,"Enrich website, industry, niche, customer type, revenue model, recurrence, criticality, fragmentation, and acquisition context from approved primary sources.",Medium,source_complete_unfiltered
WSC & Company,https://wscandcompany.com/portfolio/,Revive MedSpa,,Unknown from approved source,Portfolio companies,Unknown from approved source,Unknown from approved source,Unknown from approved source,Unknown from approved source; requires enrichment,Unknown from approved source; requires enrichment,Unknown from approved source; requires enrichment,Listed on Kay-approved source page (Portfolio companies; item type: operating company).,Preserve for pattern recognition; fit not yet assessed.,"Enrich website, industry, niche, customer type, revenue model, recurrence, criticality, fragmentation, and acquisition context from approved primary sources.",Medium,source_complete_unfiltered
WSC & Company,https://wscandcompany.com/portfolio/,Solutions Group Accounting,,Unknown from approved source,Portfolio companies,Unknown from approved source,Unknown from approved source,Unknown from approved source,Unknown from approved source; requires enrichment,Unknown from approved source; requires enrichment,Unknown from approved source; requires enrichment,Listed on Kay-approved source page (Portfolio companies; item type: operating company).,Preserve for pattern recognition; fit not yet assessed.,"Enrich website, industry, niche, customer type, revenue model, recurrence, criticality, fragmentation, and acquisition context from approved primary sources.",Medium,source_complete_unfiltered
WSC & Company,https://wscandcompany.com/portfolio/,Spanish Schoolhouse,,Unknown from approved source,Portfolio companies,Unknown from approved source,Unknown from approved source,Unknown from approved source,Unknown from approved source; requires enrichment,Unknown from approved source; requires enrichment,Unknown from approved source; requires enrichment,Listed on Kay-approved source page (Portfolio companies; item type: operating company).,Preserve for pattern recognition; fit not yet assessed.,"Enrich website, industry, niche, customer type, revenue model, recurrence, criticality, fragmentation, and acquisition context from approved primary sources.",Medium,source_complete_unfiltered
WSC & Company,https://wscandcompany.com/portfolio/,Sunscape Landscaping,,Unknown from approved source,Portfolio companies,Unknown from approved source,Unknown from approved source,Unknown from approved source,Unknown from approved source; requires enrichment,Unknown from approved source; requires enrichment,Unknown from approved source; requires enrichment,Listed on Kay-approved source page (Portfolio companies; item type: operating company).,Preserve for pattern recognition; fit not yet assessed.,"Enrich website, industry, niche, customer type, revenue model, recurrence, criticality, fragmentation, and acquisition context from approved primary sources.",Medium,source_complete_unfiltered
WSC & Company,https://wscandcompany.com/portfolio/,TACNA,,Unknown from approved source,Portfolio companies,Unknown from approved source,Unknown from approved source,Unknown from approved source,Unknown from approved source; requires enrichment,Unknown from approved source; requires enrichment,Unknown from approved source; requires enrichment,Listed on Kay-approved source page (Portfolio companies; item type: operating company).,Preserve for pattern recognition; fit not yet assessed.,"Enrich website, industry, niche, customer type, revenue model, recurrence, criticality, fragmentation, and acquisition context from approved primary sources.",Medium,source_complete_unfiltered
WSC & Company,https://wscandcompany.com/portfolio/,Tactiq,,Unknown from approved source,Portfolio companies,Unknown from approved source,Unknown from approved source,Unknown from approved source,Unknown from approved source; requires enrichment,Unknown from approved source; requires enrichment,Unknown from approved source; requires enrichment,Listed on Kay-approved source page (Portfolio companies; item type: operating company).,Preserve for pattern recognition; fit not yet assessed.,"Enrich website, industry, niche, customer type, revenue model, recurrence, criticality, fragmentation, and acquisition context from approved primary sources.",Medium,source_complete_unfiltered
WSC & Company,https://wscandcompany.com/portfolio/,Team Management Systems,,Unknown from approved source,Portfolio companies,Unknown from approved source,Unknown from approved source,Unknown from approved source,Unknown from approved source; requires enrichment,Unknown from approved source; requires enrichment,Unknown from approved source; requires enrichment,Listed on Kay-approved source page (Portfolio companies; item type: operating company).,Preserve for pattern recognition; fit not yet assessed.,"Enrich website, industry, niche, customer type, revenue model, recurrence, criticality, fragmentation, and acquisition context from approved primary sources.",Medium,source_complete_unfiltered
WSC & Company,https://wscandcompany.com/portfolio/,Travelmax,,Unknown from approved source,Portfolio companies,Unknown from approved source,Unknown from approved source,Unknown from approved source,Unknown from approved source; requires enrichment,Unknown from approved source; requires enrichment,Unknown from approved source; requires enrichment,Listed on Kay-approved source page (Portfolio companies; item type: operating company).,Preserve for pattern recognition; fit not yet assessed.,"Enrich website, industry, niche, customer type, revenue model, recurrence, criticality, fragmentation, and acquisition context from approved primary sources.",Medium,source_complete_unfiltered
WSC & Company,https://wscandcompany.com/portfolio/,Upper Hand,,Unknown from approved source,Portfolio companies,Unknown from approved source,Unknown from approved source,Unknown from approved source,Unknown from approved source; requires enrichment,Unknown from approved source; requires enrichment,Unknown from approved source; requires enrichment,Listed on Kay-approved source page (Portfolio companies; item type: operating company).,Preserve for pattern recognition; fit not yet assessed.,"Enrich website, industry, niche, customer type, revenue model, recurrence, criticality, fragmentation, and acquisition context from approved primary sources.",Medium,source_complete_unfiltered
WSC & Company,https://wscandcompany.com/portfolio/,Voke,,Unknown from approved source,Portfolio companies,Unknown from approved source,Unknown from approved source,Unknown from approved source,Unknown from approved source; requires enrichment,Unknown from approved source; requires enrichment,Unknown from approved source; requires enrichment,Listed on Kay-approved source page (Portfolio companies; item type: operating company).,Preserve for pattern recognition; fit not yet assessed.,"Enrich website, industry, niche, customer type, revenue model, recurrence, criticality, fragmentation, and acquisition context from approved primary sources.",Medium,source_complete_unfiltered
WSC & Company,https://wscandcompany.com/portfolio/,Advantage Surveillance,,Unknown from approved source,Portfolio companies,Unknown from approved source,Unknown from approved source,Unknown from approved source,Unknown from approved source; requires enrichment,Unknown from approved source; requires enrichment,Unknown from approved source; requires enrichment,Listed on Kay-approved source page (Portfolio companies; item type: operating company).,Preserve for pattern recognition; fit not yet assessed.,"Enrich website, industry, niche, customer type, revenue model, recurrence, criticality, fragmentation, and acquisition context from approved primary sources.",Medium,source_complete_unfiltered
WSC & Company,https://wscandcompany.com/portfolio/,Automotive Business Solutions,,Unknown from approved source,Portfolio companies,Unknown from approved source,Unknown from approved source,Unknown from approved source,Unknown from approved source; requires enrichment,Unknown from approved source; requires enrichment,Unknown from approved source; requires enrichment,Listed on Kay-approved source page (Portfolio companies; item type: operating company).,Preserve for pattern recognition; fit not yet assessed.,"Enrich website, industry, niche, customer type, revenue model, recurrence, criticality, fragmentation, and acquisition context from approved primary sources.",Medium,source_complete_unfiltered
WSC & Company,https://wscandcompany.com/portfolio/,Blue Sky Network,,Unknown from approved source,Portfolio companies,Unknown from approved source,Unknown from approved source,Unknown from approved source,Unknown from approved source; requires enrichment,Unknown from approved source; requires enrichment,Unknown from approved source; requires enrichment,Listed on Kay-approved source page (Portfolio companies; item type: operating company).,Preserve for pattern recognition; fit not yet assessed.,"Enrich website, industry, niche, customer type, revenue model, recurrence, criticality, fragmentation, and acquisition context from approved primary sources.",Medium,source_complete_unfiltered
WSC & Company,https://wscandcompany.com/portfolio/,Botanical Designs,,Unknown from approved source,Portfolio companies,Unknown from approved source,Unknown from approved source,Unknown from approved source,Unknown from approved source; requires enrichment,Unknown from approved source; requires enrichment,Unknown from approved source; requires enrichment,Listed on Kay-approved source page (Portfolio companies; item type: operating company).,Preserve for pattern recognition; fit not yet assessed.,"Enrich website, industry, niche, customer type, revenue model, recurrence, criticality, fragmentation, and acquisition context from approved primary sources.",Medium,source_complete_unfiltered
WSC & Company,https://wscandcompany.com/portfolio/,Chapparal Management,,Unknown from approved source,Portfolio companies,Unknown from approved source,Unknown from approved source,Unknown from approved source,Unknown from approved source; requires enrichment,Unknown from approved source; requires enrichment,Unknown from approved source; requires enrichment,Listed on Kay-approved source page (Portfolio companies; item type: operating company).,Preserve for pattern recognition; fit not yet assessed.,"Enrich website, industry, niche, customer type, revenue model, recurrence, criticality, fragmentation, and acquisition context from approved primary sources.",Medium,source_complete_unfiltered
WSC & Company,https://wscandcompany.com/portfolio/,Dooblo,,Unknown from approved source,Portfolio companies,Unknown from approved source,Unknown from approved source,Unknown from approved source,Unknown from approved source; requires enrichment,Unknown from approved source; requires enrichment,Unknown from approved source; requires enrichment,Listed on Kay-approved source page (Portfolio companies; item type: operating company).,Preserve for pattern recognition; fit not yet assessed.,"Enrich website, industry, niche, customer type, revenue model, recurrence, criticality, fragmentation, and acquisition context from approved primary sources.",Medium,source_complete_unfiltered
WSC & Company,https://wscandcompany.com/portfolio/,Dragonfly Pond Works,,Unknown from approved source,Portfolio companies,Unknown from approved source,Unknown from approved source,Unknown from approved source,Unknown from approved source; requires enrichment,Unknown from approved source; requires enrichment,Unknown from approved source; requires enrichment,Listed on Kay-approved source page (Portfolio companies; item type: operating company).,Preserve for pattern recognition; fit not yet assessed.,"Enrich website, industry, niche, customer type, revenue model, recurrence, criticality, fragmentation, and acquisition context from approved primary sources.",Medium,source_complete_unfiltered
WSC & Company,https://wscandcompany.com/portfolio/,EMI Porta,,Unknown from approved source,Portfolio companies,Unknown from approved source,Unknown from approved source,Unknown from approved source,Unknown from approved source; requires enrichment,Unknown from approved source; requires enrichment,Unknown from approved source; requires enrichment,Listed on Kay-approved source page (Portfolio companies; item type: operating company).,Preserve for pattern recognition; fit not yet assessed.,"Enrich website, industry, niche, customer type, revenue model, recurrence, criticality, fragmentation, and acquisition context from approved primary sources.",Medium,source_complete_unfiltered
WSC & Company,https://wscandcompany.com/portfolio/,Flint Group,,Unknown from approved source,Portfolio companies,Unknown from approved source,Unknown from approved source,Unknown from approved source,Unknown from approved source; requires enrichment,Unknown from approved source; requires enrichment,Unknown from approved source; requires enrichment,Listed on Kay-approved source page (Portfolio companies; item type: operating company).,Preserve for pattern recognition; fit not yet assessed.,"Enrich website, industry, niche, customer type, revenue model, recurrence, criticality, fragmentation, and acquisition context from approved primary sources.",Medium,source_complete_unfiltered
WSC & Company,https://wscandcompany.com/portfolio/,FSI,,Unknown from approved source,Portfolio companies,Unknown from approved source,Unknown from approved source,Unknown from approved source,Unknown from approved source; requires enrichment,Unknown from approved source; requires enrichment,Unknown from approved source; requires enrichment,Listed on Kay-approved source page (Portfolio companies; item type: operating company).,Preserve for pattern recognition; fit not yet assessed.,"Enrich website, industry, niche, customer type, revenue model, recurrence, criticality, fragmentation, and acquisition context from approved primary sources.",Medium,source_complete_unfiltered
WSC & Company,https://wscandcompany.com/portfolio/,Fusion Site,,Unknown from approved source,Portfolio companies,Unknown from approved source,Unknown from approved source,Unknown from approved source,Unknown from approved source; requires enrichment,Unknown from approved source; requires enrichment,Unknown from approved source; requires enrichment,Listed on Kay-approved source page (Portfolio companies; item type: operating company).,Preserve for pattern recognition; fit not yet assessed.,"Enrich website, industry, niche, customer type, revenue model, recurrence, criticality, fragmentation, and acquisition context from approved primary sources.",Medium,source_complete_unfiltered
WSC & Company,https://wscandcompany.com/portfolio/,Grupo CTAIMA,,Unknown from approved source,Portfolio companies,Unknown from approved source,Unknown from approved source,Unknown from approved source,Unknown from approved source; requires enrichment,Unknown from approved source; requires enrichment,Unknown from approved source; requires enrichment,Listed on Kay-approved source page (Portfolio companies; item type: operating company).,Preserve for pattern recognition; fit not yet assessed.,"Enrich website, industry, niche, customer type, revenue model, recurrence, criticality, fragmentation, and acquisition context from approved primary sources.",Medium,source_complete_unfiltered
WSC & Company,https://wscandcompany.com/portfolio/,I4PRO,,Unknown from approved source,Portfolio companies,Unknown from approved source,Unknown from approved source,Unknown from approved source,Unknown from approved source; requires enrichment,Unknown from approved source; requires enrichment,Unknown from approved source; requires enrichment,Listed on Kay-approved source page (Portfolio companies; item type: operating company).,Preserve for pattern recognition; fit not yet assessed.,"Enrich website, industry, niche, customer type, revenue model, recurrence, criticality, fragmentation, and acquisition context from approved primary sources.",Medium,source_complete_unfiltered
WSC & Company,https://wscandcompany.com/portfolio/,ISPN Network Service,,Unknown from approved source,Portfolio companies,Unknown from approved source,Unknown from approved source,Unknown from approved source,Unknown from approved source; requires enrichment,Unknown from approved source; requires enrichment,Unknown from approved source; requires enrichment,Listed on Kay-approved source page (Portfolio companies; item type: operating company).,Preserve for pattern recognition; fit not yet assessed.,"Enrich website, industry, niche, customer type, revenue model, recurrence, criticality, fragmentation, and acquisition context from approved primary sources.",Medium,source_complete_unfiltered
WSC & Company,https://wscandcompany.com/portfolio/,Labsoft,,Unknown from approved source,Portfolio companies,Unknown from approved source,Unknown from approved source,Unknown from approved source,Unknown from approved source; requires enrichment,Unknown from approved source; requires enrichment,Unknown from approved source; requires enrichment,Listed on Kay-approved source page (Portfolio companies; item type: operating company).,Preserve for pattern recognition; fit not yet assessed.,"Enrich website, industry, niche, customer type, revenue model, recurrence, criticality, fragmentation, and acquisition context from approved primary sources.",Medium,source_complete_unfiltered
WSC & Company,https://wscandcompany.com/portfolio/,Microdea,,Unknown from approved source,Portfolio companies,Unknown from approved source,Unknown from approved source,Unknown from approved source,Unknown from approved source; requires enrichment,Unknown from approved source; requires enrichment,Unknown from approved source; requires enrichment,Listed on Kay-approved source page (Portfolio companies; item type: operating company).,Preserve for pattern recognition; fit not yet assessed.,"Enrich website, industry, niche, customer type, revenue model, recurrence, criticality, fragmentation, and acquisition context from approved primary sources.",Medium,source_complete_unfiltered
WSC & Company,https://wscandcompany.com/portfolio/,Nova,,Unknown from approved source,Portfolio companies,Unknown from approved source,Unknown from approved source,Unknown from approved source,Unknown from approved source; requires enrichment,Unknown from approved source; requires enrichment,Unknown from approved source; requires enrichment,Listed on Kay-approved source page (Portfolio companies; item type: operating company).,Preserve for pattern recognition; fit not yet assessed.,"Enrich website, industry, niche, customer type, revenue model, recurrence, criticality, fragmentation, and acquisition context from approved primary sources.",Medium,source_complete_unfiltered
WSC & Company,https://wscandcompany.com/portfolio/,Peerless Tent & Event,,Unknown from approved source,Portfolio companies,Unknown from approved source,Unknown from approved source,Unknown from approved source,Unknown from approved source; requires enrichment,Unknown from approved source; requires enrichment,Unknown from approved source; requires enrichment,Listed on Kay-approved source page (Portfolio companies; item type: operating company).,Preserve for pattern recognition; fit not yet assessed.,"Enrich website, industry, niche, customer type, revenue model, recurrence, criticality, fragmentation, and acquisition context from approved primary sources.",Medium,source_complete_unfiltered
WSC & Company,https://wscandcompany.com/portfolio/,Perimeter Security Systems,,Unknown from approved source,Portfolio companies,Unknown from approved source,Unknown from approved source,Unknown from approved source,Unknown from approved source; requires enrichment,Unknown from approved source; requires enrichment,Unknown from approved source; requires enrichment,Listed on Kay-approved source page (Portfolio companies; item type: operating company).,Preserve for pattern recognition; fit not yet assessed.,"Enrich website, industry, niche, customer type, revenue model, recurrence, criticality, fragmentation, and acquisition context from approved primary sources.",Medium,source_complete_unfiltered
WSC & Company,https://wscandcompany.com/portfolio/,PrecisionMed,,Unknown from approved source,Portfolio companies,Unknown from approved source,Unknown from approved source,Unknown from approved source,Unknown from approved source; requires enrichment,Unknown from approved source; requires enrichment,Unknown from approved source; requires enrichment,Listed on Kay-approved source page (Portfolio companies; item type: operating company).,Preserve for pattern recognition; fit not yet assessed.,"Enrich website, industry, niche, customer type, revenue model, recurrence, criticality, fragmentation, and acquisition context from approved primary sources.",Medium,source_complete_unfiltered
WSC & Company,https://wscandcompany.com/portfolio/,Richmond Alarm Company,,Unknown from approved source,Portfolio companies,Unknown from approved source,Unknown from approved source,Unknown from approved source,Unknown from approved source; requires enrichment,Unknown from approved source; requires enrichment,Unknown from approved source; requires enrichment,Listed on Kay-approved source page (Portfolio companies; item type: operating company).,Preserve for pattern recognition; fit not yet assessed.,"Enrich website, industry, niche, customer type, revenue model, recurrence, criticality, fragmentation, and acquisition context from approved primary sources.",Medium,source_complete_unfiltered
WSC & Company,https://wscandcompany.com/portfolio/,smarTours,,Unknown from approved source,Portfolio companies,Unknown from approved source,Unknown from approved source,Unknown from approved source,Unknown from approved source; requires enrichment,Unknown from approved source; requires enrichment,Unknown from approved source; requires enrichment,Listed on Kay-approved source page (Portfolio companies; item type: operating company).,Preserve for pattern recognition; fit not yet assessed.,"Enrich website, industry, niche, customer type, revenue model, recurrence, criticality, fragmentation, and acquisition context from approved primary sources.",Medium,source_complete_unfiltered
WSC & Company,https://wscandcompany.com/portfolio/,Stone Pump & Trench,,B2B services / construction equipment,Pump and trench services likely,Rental/services,Construction/infrastructure customers,Knoxville TN,Equipment/service relationships may repeat; verify,Site water/trench operations can be critical,Local equipment/service providers fragmented,WSC listed operating company with location only,Boring infrastructure services signal; needs enrichment,Verify exact offering rental fleet capex customer mix and recurrence,Medium,seed
WSC & Company,https://wscandcompany.com/portfolio/,The Hose Monster Company,,B2B services / fire safety,Fire-flow testing equipment/services likely,Equipment/services,Fire protection professionals / facilities,Lake Zurich IL,Testing equipment/service demand may recur; verify,Fire protection testing is code/safety critical,Niche fire safety providers fragmented,WSC listed operating company with location only,Strong code-driven fire safety adjacency if confirmed,Enrich product/service model buyer and recurring calibration/testing demand,Medium,seed
WSC & Company,https://wscandcompany.com/portfolio/,Utility Cloud,,Unknown from approved source,Portfolio companies,Unknown from approved source,Unknown from approved source,Unknown from approved source,Unknown from approved source; requires enrichment,Unknown from approved source; requires enrichment,Unknown from approved source; requires enrichment,Listed on Kay-approved source page (Portfolio companies; item type: operating company).,Preserve for pattern recognition; fit not yet assessed.,"Enrich website, industry, niche, customer type, revenue model, recurrence, criticality, fragmentation, and acquisition context from approved primary sources.",Medium,source_complete_unfiltered
WSC & Company,https://wscandcompany.com/portfolio/,Voxco,,Unknown from approved source,Portfolio companies,Unknown from approved source,Unknown from approved source,Unknown from approved source,Unknown from approved source; requires enrichment,Unknown from approved source; requires enrichment,Unknown from approved source; requires enrichment,Listed on Kay-approved source page (Portfolio companies; item type: operating company).,Preserve for pattern recognition; fit not yet assessed.,"Enrich website, industry, niche, customer type, revenue model, recurrence, criticality, fragmentation, and acquisition context from approved primary sources.",Medium,source_complete_unfiltered
WSC & Company,https://wscandcompany.com/portfolio/,Epac Flexible Packaging,,Unknown from approved source,Portfolio companies,Unknown from approved source,Unknown from approved source,Unknown from approved source,Unknown from approved source; requires enrichment,Unknown from approved source; requires enrichment,Unknown from approved source; requires enrichment,Listed on Kay-approved source page (Portfolio companies; item type: operating company).,Preserve for pattern recognition; fit not yet assessed.,"Enrich website, industry, niche, customer type, revenue model, recurrence, criticality, fragmentation, and acquisition context from approved primary sources.",Medium,source_complete_unfiltered
WSC & Company,https://wscandcompany.com/portfolio/,Mapex,,Unknown from approved source,Portfolio companies,Unknown from approved source,Unknown from approved source,Unknown from approved source,Unknown from approved source; requires enrichment,Unknown from approved source; requires enrichment,Unknown from approved source; requires enrichment,Listed on Kay-approved source page (Portfolio companies; item type: operating company).,Preserve for pattern recognition; fit not yet assessed.,"Enrich website, industry, niche, customer type, revenue model, recurrence, criticality, fragmentation, and acquisition context from approved primary sources.",Medium,source_complete_unfiltered
WSC & Company,https://wscandcompany.com/portfolio/,RMC,,Unknown from approved source,Portfolio companies,Unknown from approved source,Unknown from approved source,Unknown from approved source,Unknown from approved source; requires enrichment,Unknown from approved source; requires enrichment,Unknown from approved source; requires enrichment,Listed on Kay-approved source page (Portfolio companies; item type: operating company).,Preserve for pattern recognition; fit not yet assessed.,"Enrich website, industry, niche, customer type, revenue model, recurrence, criticality, fragmentation, and acquisition context from approved primary sources.",Medium,source_complete_unfiltered
WSC & Company,https://wscandcompany.com/portfolio/,8th Wing Partners,,Unknown from approved source,Search funds / entrepreneurs,Unknown from approved source,Unknown from approved source,Unknown from approved source,Unknown from approved source; requires enrichment,Unknown from approved source; requires enrichment,Unknown from approved source; requires enrichment,Listed on Kay-approved source page (Search funds / entrepreneurs; item type: search fund / entrepreneur vehicle).,Preserve for pattern recognition; fit not yet assessed.,"Enrich website, industry, niche, customer type, revenue model, recurrence, criticality, fragmentation, and acquisition context from approved primary sources.",Medium,source_complete_unfiltered
WSC & Company,https://wscandcompany.com/portfolio/,Abridge Keystone Partners,,Unknown from approved source,Search funds / entrepreneurs,Unknown from approved source,Unknown from approved source,Unknown from approved source,Unknown from approved source; requires enrichment,Unknown from approved source; requires enrichment,Unknown from approved source; requires enrichment,Listed on Kay-approved source page (Search funds / entrepreneurs; item type: search fund / entrepreneur vehicle).,Preserve for pattern recognition; fit not yet assessed.,"Enrich website, industry, niche, customer type, revenue model, recurrence, criticality, fragmentation, and acquisition context from approved primary sources.",Medium,source_complete_unfiltered
WSC & Company,https://wscandcompany.com/portfolio/,Astoria Growth Partners,,Unknown from approved source,Search funds / entrepreneurs,Unknown from approved source,Unknown from approved source,Unknown from approved source,Unknown from approved source; requires enrichment,Unknown from approved source; requires enrichment,Unknown from approved source; requires enrichment,Listed on Kay-approved source page (Search funds / entrepreneurs; item type: search fund / entrepreneur vehicle).,Preserve for pattern recognition; fit not yet assessed.,"Enrich website, industry, niche, customer type, revenue model, recurrence, criticality, fragmentation, and acquisition context from approved primary sources.",Medium,source_complete_unfiltered
WSC & Company,https://wscandcompany.com/portfolio/,Atropates Capital,,Unknown from approved source,Search funds / entrepreneurs,Unknown from approved source,Unknown from approved source,Unknown from approved source,Unknown from approved source; requires enrichment,Unknown from approved source; requires enrichment,Unknown from approved source; requires enrichment,Listed on Kay-approved source page (Search funds / entrepreneurs; item type: search fund / entrepreneur vehicle).,Preserve for pattern recognition; fit not yet assessed.,"Enrich website, industry, niche, customer type, revenue model, recurrence, criticality, fragmentation, and acquisition context from approved primary sources.",Medium,source_complete_unfiltered
WSC & Company,https://wscandcompany.com/portfolio/,Baron Avenue,,Unknown from approved source,Search funds / entrepreneurs,Unknown from approved source,Unknown from approved source,Unknown from approved source,Unknown from approved source; requires enrichment,Unknown from approved source; requires enrichment,Unknown from approved source; requires enrichment,Listed on Kay-approved source page (Search funds / entrepreneurs; item type: search fund / entrepreneur vehicle).,Preserve for pattern recognition; fit not yet assessed.,"Enrich website, industry, niche, customer type, revenue model, recurrence, criticality, fragmentation, and acquisition context from approved primary sources.",Medium,source_complete_unfiltered
WSC & Company,https://wscandcompany.com/portfolio/,Beacon Education Group,,Unknown from approved source,Search funds / entrepreneurs,Unknown from approved source,Unknown from approved source,Unknown from approved source,Unknown from approved source; requires enrichment,Unknown from approved source; requires enrichment,Unknown from approved source; requires enrichment,Listed on Kay-approved source page (Search funds / entrepreneurs; item type: search fund / entrepreneur vehicle).,Preserve for pattern recognition; fit not yet assessed.,"Enrich website, industry, niche, customer type, revenue model, recurrence, criticality, fragmentation, and acquisition context from approved primary sources.",Medium,source_complete_unfiltered
WSC & Company,https://wscandcompany.com/portfolio/,Blue Haven Equity,,Unknown from approved source,Search funds / entrepreneurs,Unknown from approved source,Unknown from approved source,Unknown from approved source,Unknown from approved source; requires enrichment,Unknown from approved source; requires enrichment,Unknown from approved source; requires enrichment,Listed on Kay-approved source page (Search funds / entrepreneurs; item type: search fund / entrepreneur vehicle).,Preserve for pattern recognition; fit not yet assessed.,"Enrich website, industry, niche, customer type, revenue model, recurrence, criticality, fragmentation, and acquisition context from approved primary sources.",Medium,source_complete_unfiltered
WSC & Company,https://wscandcompany.com/portfolio/,Breakpoint Growth,,Unknown from approved source,Search funds / entrepreneurs,Unknown from approved source,Unknown from approved source,Unknown from approved source,Unknown from approved source; requires enrichment,Unknown from approved source; requires enrichment,Unknown from approved source; requires enrichment,Listed on Kay-approved source page (Search funds / entrepreneurs; item type: search fund / entrepreneur vehicle).,Preserve for pattern recognition; fit not yet assessed.,"Enrich website, industry, niche, customer type, revenue model, recurrence, criticality, fragmentation, and acquisition context from approved primary sources.",Medium,source_complete_unfiltered
WSC & Company,https://wscandcompany.com/portfolio/,Cardinal Summit,,Unknown from approved source,Search funds / entrepreneurs,Unknown from approved source,Unknown from approved source,Unknown from approved source,Unknown from approved source; requires enrichment,Unknown from approved source; requires enrichment,Unknown from approved source; requires enrichment,Listed on Kay-approved source page (Search funds / entrepreneurs; item type: search fund / entrepreneur vehicle).,Preserve for pattern recognition; fit not yet assessed.,"Enrich website, industry, niche, customer type, revenue model, recurrence, criticality, fragmentation, and acquisition context from approved primary sources.",Medium,source_complete_unfiltered
WSC & Company,https://wscandcompany.com/portfolio/,Ciclo Partners,,Unknown from approved source,Search funds / entrepreneurs,Unknown from approved source,Unknown from approved source,Unknown from approved source,Unknown from approved source; requires enrichment,Unknown from approved source; requires enrichment,Unknown from approved source; requires enrichment,Listed on Kay-approved source page (Search funds / entrepreneurs; item type: search fund / entrepreneur vehicle).,Preserve for pattern recognition; fit not yet assessed.,"Enrich website, industry, niche, customer type, revenue model, recurrence, criticality, fragmentation, and acquisition context from approved primary sources.",Medium,source_complete_unfiltered
WSC & Company,https://wscandcompany.com/portfolio/,Cinnamon Hill Partners,,Unknown from approved source,Search funds / entrepreneurs,Unknown from approved source,Unknown from approved source,Unknown from approved source,Unknown from approved source; requires enrichment,Unknown from approved source; requires enrichment,Unknown from approved source; requires enrichment,Listed on Kay-approved source page (Search funds / entrepreneurs; item type: search fund / entrepreneur vehicle).,Preserve for pattern recognition; fit not yet assessed.,"Enrich website, industry, niche, customer type, revenue model, recurrence, criticality, fragmentation, and acquisition context from approved primary sources.",Medium,source_complete_unfiltered
WSC & Company,https://wscandcompany.com/portfolio/,Cothrom Capital,,Unknown from approved source,Search funds / entrepreneurs,Unknown from approved source,Unknown from approved source,Unknown from approved source,Unknown from approved source; requires enrichment,Unknown from approved source; requires enrichment,Unknown from approved source; requires enrichment,Listed on Kay-approved source page (Search funds / entrepreneurs; item type: search fund / entrepreneur vehicle).,Preserve for pattern recognition; fit not yet assessed.,"Enrich website, industry, niche, customer type, revenue model, recurrence, criticality, fragmentation, and acquisition context from approved primary sources.",Medium,source_complete_unfiltered
WSC & Company,https://wscandcompany.com/portfolio/,Cupecoy Growth Partners,,Unknown from approved source,Search funds / entrepreneurs,Unknown from approved source,Unknown from approved source,Unknown from approved source,Unknown from approved source; requires enrichment,Unknown from approved source; requires enrichment,Unknown from approved source; requires enrichment,Listed on Kay-approved source page (Search funds / entrepreneurs; item type: search fund / entrepreneur vehicle).,Preserve for pattern recognition; fit not yet assessed.,"Enrich website, industry, niche, customer type, revenue model, recurrence, criticality, fragmentation, and acquisition context from approved primary sources.",Medium,source_complete_unfiltered
WSC & Company,https://wscandcompany.com/portfolio/,Dune Capital,,Unknown from approved source,Search funds / entrepreneurs,Unknown from approved source,Unknown from approved source,Unknown from approved source,Unknown from approved source; requires enrichment,Unknown from approved source; requires enrichment,Unknown from approved source; requires enrichment,Listed on Kay-approved source page (Search funds / entrepreneurs; item type: search fund / entrepreneur vehicle).,Preserve for pattern recognition; fit not yet assessed.,"Enrich website, industry, niche, customer type, revenue model, recurrence, criticality, fragmentation, and acquisition context from approved primary sources.",Medium,source_complete_unfiltered
WSC & Company,https://wscandcompany.com/portfolio/,Dune Creek Capital,,Unknown from approved source,Search funds / entrepreneurs,Unknown from approved source,Unknown from approved source,Unknown from approved source,Unknown from approved source; requires enrichment,Unknown from approved source; requires enrichment,Unknown from approved source; requires enrichment,Listed on Kay-approved source page (Search funds / entrepreneurs; item type: search fund / entrepreneur vehicle).,Preserve for pattern recognition; fit not yet assessed.,"Enrich website, industry, niche, customer type, revenue model, recurrence, criticality, fragmentation, and acquisition context from approved primary sources.",Medium,source_complete_unfiltered
WSC & Company,https://wscandcompany.com/portfolio/,Excelsa Partners,,Unknown from approved source,Search funds / entrepreneurs,Unknown from approved source,Unknown from approved source,Unknown from approved source,Unknown from approved source; requires enrichment,Unknown from approved source; requires enrichment,Unknown from approved source; requires enrichment,Listed on Kay-approved source page (Search funds / entrepreneurs; item type: search fund / entrepreneur vehicle).,Preserve for pattern recognition; fit not yet assessed.,"Enrich website, industry, niche, customer type, revenue model, recurrence, criticality, fragmentation, and acquisition context from approved primary sources.",Medium,source_complete_unfiltered
WSC & Company,https://wscandcompany.com/portfolio/,Focal Point Capital,,Unknown from approved source,Search funds / entrepreneurs,Unknown from approved source,Unknown from approved source,Unknown from approved source,Unknown from approved source; requires enrichment,Unknown from approved source; requires enrichment,Unknown from approved source; requires enrichment,Listed on Kay-approved source page (Search funds / entrepreneurs; item type: search fund / entrepreneur vehicle).,Preserve for pattern recognition; fit not yet assessed.,"Enrich website, industry, niche, customer type, revenue model, recurrence, criticality, fragmentation, and acquisition context from approved primary sources.",Medium,source_complete_unfiltered
WSC & Company,https://wscandcompany.com/portfolio/,Fox Legacy Partners,,Unknown from approved source,Search funds / entrepreneurs,Unknown from approved source,Unknown from approved source,Unknown from approved source,Unknown from approved source; requires enrichment,Unknown from approved source; requires enrichment,Unknown from approved source; requires enrichment,Listed on Kay-approved source page (Search funds / entrepreneurs; item type: search fund / entrepreneur vehicle).,Preserve for pattern recognition; fit not yet assessed.,"Enrich website, industry, niche, customer type, revenue model, recurrence, criticality, fragmentation, and acquisition context from approved primary sources.",Medium,source_complete_unfiltered
WSC & Company,https://wscandcompany.com/portfolio/,Grace Court Partners,,Unknown from approved source,Search funds / entrepreneurs,Unknown from approved source,Unknown from approved source,Unknown from approved source,Unknown from approved source; requires enrichment,Unknown from approved source; requires enrichment,Unknown from approved source; requires enrichment,Listed on Kay-approved source page (Search funds / entrepreneurs; item type: search fund / entrepreneur vehicle).,Preserve for pattern recognition; fit not yet assessed.,"Enrich website, industry, niche, customer type, revenue model, recurrence, criticality, fragmentation, and acquisition context from approved primary sources.",Medium,source_complete_unfiltered
WSC & Company,https://wscandcompany.com/portfolio/,Grandview Peak Capital,,Unknown from approved source,Search funds / entrepreneurs,Unknown from approved source,Unknown from approved source,Unknown from approved source,Unknown from approved source; requires enrichment,Unknown from approved source; requires enrichment,Unknown from approved source; requires enrichment,Listed on Kay-approved source page (Search funds / entrepreneurs; item type: search fund / entrepreneur vehicle).,Preserve for pattern recognition; fit not yet assessed.,"Enrich website, industry, niche, customer type, revenue model, recurrence, criticality, fragmentation, and acquisition context from approved primary sources.",Medium,source_complete_unfiltered
WSC & Company,https://wscandcompany.com/portfolio/,Granville Peak,,Unknown from approved source,Search funds / entrepreneurs,Unknown from approved source,Unknown from approved source,Unknown from approved source,Unknown from approved source; requires enrichment,Unknown from approved source; requires enrichment,Unknown from approved source; requires enrichment,Listed on Kay-approved source page (Search funds / entrepreneurs; item type: search fund / entrepreneur vehicle).,Preserve for pattern recognition; fit not yet assessed.,"Enrich website, industry, niche, customer type, revenue model, recurrence, criticality, fragmentation, and acquisition context from approved primary sources.",Medium,source_complete_unfiltered
WSC & Company,https://wscandcompany.com/portfolio/,Highland Legacy Capital,,Unknown from approved source,Search funds / entrepreneurs,Unknown from approved source,Unknown from approved source,Unknown from approved source,Unknown from approved source; requires enrichment,Unknown from approved source; requires enrichment,Unknown from approved source; requires enrichment,Listed on Kay-approved source page (Search funds / entrepreneurs; item type: search fund / entrepreneur vehicle).,Preserve for pattern recognition; fit not yet assessed.,"Enrich website, industry, niche, customer type, revenue model, recurrence, criticality, fragmentation, and acquisition context from approved primary sources.",Medium,source_complete_unfiltered
WSC & Company,https://wscandcompany.com/portfolio/,Hope Street Capital,,Unknown from approved source,Search funds / entrepreneurs,Unknown from approved source,Unknown from approved source,Unknown from approved source,Unknown from approved source; requires enrichment,Unknown from approved source; requires enrichment,Unknown from approved source; requires enrichment,Listed on Kay-approved source page (Search funds / entrepreneurs; item type: search fund / entrepreneur vehicle).,Preserve for pattern recognition; fit not yet assessed.,"Enrich website, industry, niche, customer type, revenue model, recurrence, criticality, fragmentation, and acquisition context from approved primary sources.",Medium,source_complete_unfiltered
WSC & Company,https://wscandcompany.com/portfolio/,KNORI Capital,,Unknown from approved source,Search funds / entrepreneurs,Unknown from approved source,Unknown from approved source,Unknown from approved source,Unknown from approved source; requires enrichment,Unknown from approved source; requires enrichment,Unknown from approved source; requires enrichment,Listed on Kay-approved source page (Search funds / entrepreneurs; item type: search fund / entrepreneur vehicle).,Preserve for pattern recognition; fit not yet assessed.,"Enrich website, industry, niche, customer type, revenue model, recurrence, criticality, fragmentation, and acquisition context from approved primary sources.",Medium,source_complete_unfiltered
WSC & Company,https://wscandcompany.com/portfolio/,Legacy Pursuit,,Unknown from approved source,Search funds / entrepreneurs,Unknown from approved source,Unknown from approved source,Unknown from approved source,Unknown from approved source; requires enrichment,Unknown from approved source; requires enrichment,Unknown from approved source; requires enrichment,Listed on Kay-approved source page (Search funds / entrepreneurs; item type: search fund / entrepreneur vehicle).,Preserve for pattern recognition; fit not yet assessed.,"Enrich website, industry, niche, customer type, revenue model, recurrence, criticality, fragmentation, and acquisition context from approved primary sources.",Medium,source_complete_unfiltered
WSC & Company,https://wscandcompany.com/portfolio/,Leo Legacy,,Unknown from approved source,Search funds / entrepreneurs,Unknown from approved source,Unknown from approved source,Unknown from approved source,Unknown from approved source; requires enrichment,Unknown from approved source; requires enrichment,Unknown from approved source; requires enrichment,Listed on Kay-approved source page (Search funds / entrepreneurs; item type: search fund / entrepreneur vehicle).,Preserve for pattern recognition; fit not yet assessed.,"Enrich website, industry, niche, customer type, revenue model, recurrence, criticality, fragmentation, and acquisition context from approved primary sources.",Medium,source_complete_unfiltered
WSC & Company,https://wscandcompany.com/portfolio/,ML Capital,,Unknown from approved source,Search funds / entrepreneurs,Unknown from approved source,Unknown from approved source,Unknown from approved source,Unknown from approved source; requires enrichment,Unknown from approved source; requires enrichment,Unknown from approved source; requires enrichment,Listed on Kay-approved source page (Search funds / entrepreneurs; item type: search fund / entrepreneur vehicle).,Preserve for pattern recognition; fit not yet assessed.,"Enrich website, industry, niche, customer type, revenue model, recurrence, criticality, fragmentation, and acquisition context from approved primary sources.",Medium,source_complete_unfiltered
WSC & Company,https://wscandcompany.com/portfolio/,New Frontier Enterprises,,Unknown from approved source,Search funds / entrepreneurs,Unknown from approved source,Unknown from approved source,Unknown from approved source,Unknown from approved source; requires enrichment,Unknown from approved source; requires enrichment,Unknown from approved source; requires enrichment,Listed on Kay-approved source page (Search funds / entrepreneurs; item type: search fund / entrepreneur vehicle).,Preserve for pattern recognition; fit not yet assessed.,"Enrich website, industry, niche, customer type, revenue model, recurrence, criticality, fragmentation, and acquisition context from approved primary sources.",Medium,source_complete_unfiltered
WSC & Company,https://wscandcompany.com/portfolio/,Next Haven Group,,Unknown from approved source,Search funds / entrepreneurs,Unknown from approved source,Unknown from approved source,Unknown from approved source,Unknown from approved source; requires enrichment,Unknown from approved source; requires enrichment,Unknown from approved source; requires enrichment,Listed on Kay-approved source page (Search funds / entrepreneurs; item type: search fund / entrepreneur vehicle).,Preserve for pattern recognition; fit not yet assessed.,"Enrich website, industry, niche, customer type, revenue model, recurrence, criticality, fragmentation, and acquisition context from approved primary sources.",Medium,source_complete_unfiltered
WSC & Company,https://wscandcompany.com/portfolio/,Old Brookewood Capital,,Unknown from approved source,Search funds / entrepreneurs,Unknown from approved source,Unknown from approved source,Unknown from approved source,Unknown from approved source; requires enrichment,Unknown from approved source; requires enrichment,Unknown from approved source; requires enrichment,Listed on Kay-approved source page (Search funds / entrepreneurs; item type: search fund / entrepreneur vehicle).,Preserve for pattern recognition; fit not yet assessed.,"Enrich website, industry, niche, customer type, revenue model, recurrence, criticality, fragmentation, and acquisition context from approved primary sources.",Medium,source_complete_unfiltered
WSC & Company,https://wscandcompany.com/portfolio/,Operative Capital,,Unknown from approved source,Search funds / entrepreneurs,Unknown from approved source,Unknown from approved source,Unknown from approved source,Unknown from approved source; requires enrichment,Unknown from approved source; requires enrichment,Unknown from approved source; requires enrichment,Listed on Kay-approved source page (Search funds / entrepreneurs; item type: search fund / entrepreneur vehicle).,Preserve for pattern recognition; fit not yet assessed.,"Enrich website, industry, niche, customer type, revenue model, recurrence, criticality, fragmentation, and acquisition context from approved primary sources.",Medium,source_complete_unfiltered
WSC & Company,https://wscandcompany.com/portfolio/,Palmetto & Pine,,Unknown from approved source,Search funds / entrepreneurs,Unknown from approved source,Unknown from approved source,Unknown from approved source,Unknown from approved source; requires enrichment,Unknown from approved source; requires enrichment,Unknown from approved source; requires enrichment,Listed on Kay-approved source page (Search funds / entrepreneurs; item type: search fund / entrepreneur vehicle).,Preserve for pattern recognition; fit not yet assessed.,"Enrich website, industry, niche, customer type, revenue model, recurrence, criticality, fragmentation, and acquisition context from approved primary sources.",Medium,source_complete_unfiltered
WSC & Company,https://wscandcompany.com/portfolio/,Pathfinder Growth Partners,,Unknown from approved source,Search funds / entrepreneurs,Unknown from approved source,Unknown from approved source,Unknown from approved source,Unknown from approved source; requires enrichment,Unknown from approved source; requires enrichment,Unknown from approved source; requires enrichment,Listed on Kay-approved source page (Search funds / entrepreneurs; item type: search fund / entrepreneur vehicle).,Preserve for pattern recognition; fit not yet assessed.,"Enrich website, industry, niche, customer type, revenue model, recurrence, criticality, fragmentation, and acquisition context from approved primary sources.",Medium,source_complete_unfiltered
WSC & Company,https://wscandcompany.com/portfolio/,Periscope Harbor,,Unknown from approved source,Search funds / entrepreneurs,Unknown from approved source,Unknown from approved source,Unknown from approved source,Unknown from approved source; requires enrichment,Unknown from approved source; requires enrichment,Unknown from approved source; requires enrichment,Listed on Kay-approved source page (Search funds / entrepreneurs; item type: search fund / entrepreneur vehicle).,Preserve for pattern recognition; fit not yet assessed.,"Enrich website, industry, niche, customer type, revenue model, recurrence, criticality, fragmentation, and acquisition context from approved primary sources.",Medium,source_complete_unfiltered
WSC & Company,https://wscandcompany.com/portfolio/,Pineway Capital,,Unknown from approved source,Search funds / entrepreneurs,Unknown from approved source,Unknown from approved source,Unknown from approved source,Unknown from approved source; requires enrichment,Unknown from approved source; requires enrichment,Unknown from approved source; requires enrichment,Listed on Kay-approved source page (Search funds / entrepreneurs; item type: search fund / entrepreneur vehicle).,Preserve for pattern recognition; fit not yet assessed.,"Enrich website, industry, niche, customer type, revenue model, recurrence, criticality, fragmentation, and acquisition context from approved primary sources.",Medium,source_complete_unfiltered
WSC & Company,https://wscandcompany.com/portfolio/,Radnor Lake Capital,,Unknown from approved source,Search funds / entrepreneurs,Unknown from approved source,Unknown from approved source,Unknown from approved source,Unknown from approved source; requires enrichment,Unknown from approved source; requires enrichment,Unknown from approved source; requires enrichment,Listed on Kay-approved source page (Search funds / entrepreneurs; item type: search fund / entrepreneur vehicle).,Preserve for pattern recognition; fit not yet assessed.,"Enrich website, industry, niche, customer type, revenue model, recurrence, criticality, fragmentation, and acquisition context from approved primary sources.",Medium,source_complete_unfiltered
WSC & Company,https://wscandcompany.com/portfolio/,Ripple Equity,,Unknown from approved source,Search funds / entrepreneurs,Unknown from approved source,Unknown from approved source,Unknown from approved source,Unknown from approved source; requires enrichment,Unknown from approved source; requires enrichment,Unknown from approved source; requires enrichment,Listed on Kay-approved source page (Search funds / entrepreneurs; item type: search fund / entrepreneur vehicle).,Preserve for pattern recognition; fit not yet assessed.,"Enrich website, industry, niche, customer type, revenue model, recurrence, criticality, fragmentation, and acquisition context from approved primary sources.",Medium,source_complete_unfiltered
WSC & Company,https://wscandcompany.com/portfolio/,Roxbury & Co.,,Unknown from approved source,Search funds / entrepreneurs,Unknown from approved source,Unknown from approved source,Unknown from approved source,Unknown from approved source; requires enrichment,Unknown from approved source; requires enrichment,Unknown from approved source; requires enrichment,Listed on Kay-approved source page (Search funds / entrepreneurs; item type: search fund / entrepreneur vehicle).,Preserve for pattern recognition; fit not yet assessed.,"Enrich website, industry, niche, customer type, revenue model, recurrence, criticality, fragmentation, and acquisition context from approved primary sources.",Medium,source_complete_unfiltered
WSC & Company,https://wscandcompany.com/portfolio/,Seven Seas Capital,,Unknown from approved source,Search funds / entrepreneurs,Unknown from approved source,Unknown from approved source,Unknown from approved source,Unknown from approved source; requires enrichment,Unknown from approved source; requires enrichment,Unknown from approved source; requires enrichment,Listed on Kay-approved source page (Search funds / entrepreneurs; item type: search fund / entrepreneur vehicle).,Preserve for pattern recognition; fit not yet assessed.,"Enrich website, industry, niche, customer type, revenue model, recurrence, criticality, fragmentation, and acquisition context from approved primary sources.",Medium,source_complete_unfiltered
WSC & Company,https://wscandcompany.com/portfolio/,Stonebriar Capital,,Unknown from approved source,Search funds / entrepreneurs,Unknown from approved source,Unknown from approved source,Unknown from approved source,Unknown from approved source; requires enrichment,Unknown from approved source; requires enrichment,Unknown from approved source; requires enrichment,Listed on Kay-approved source page (Search funds / entrepreneurs; item type: search fund / entrepreneur vehicle).,Preserve for pattern recognition; fit not yet assessed.,"Enrich website, industry, niche, customer type, revenue model, recurrence, criticality, fragmentation, and acquisition context from approved primary sources.",Medium,source_complete_unfiltered
WSC & Company,https://wscandcompany.com/portfolio/,Summit Roots Capital,,Unknown from approved source,Search funds / entrepreneurs,Unknown from approved source,Unknown from approved source,Unknown from approved source,Unknown from approved source; requires enrichment,Unknown from approved source; requires enrichment,Unknown from approved source; requires enrichment,Listed on Kay-approved source page (Search funds / entrepreneurs; item type: search fund / entrepreneur vehicle).,Preserve for pattern recognition; fit not yet assessed.,"Enrich website, industry, niche, customer type, revenue model, recurrence, criticality, fragmentation, and acquisition context from approved primary sources.",Medium,source_complete_unfiltered
WSC & Company,https://wscandcompany.com/portfolio/,Sun Harbor Capital,,Unknown from approved source,Search funds / entrepreneurs,Unknown from approved source,Unknown from approved source,Unknown from approved source,Unknown from approved source; requires enrichment,Unknown from approved source; requires enrichment,Unknown from approved source; requires enrichment,Listed on Kay-approved source page (Search funds / entrepreneurs; item type: search fund / entrepreneur vehicle).,Preserve for pattern recognition; fit not yet assessed.,"Enrich website, industry, niche, customer type, revenue model, recurrence, criticality, fragmentation, and acquisition context from approved primary sources.",Medium,source_complete_unfiltered
WSC & Company,https://wscandcompany.com/portfolio/,Tar River Legacy Partners,,Unknown from approved source,Search funds / entrepreneurs,Unknown from approved source,Unknown from approved source,Unknown from approved source,Unknown from approved source; requires enrichment,Unknown from approved source; requires enrichment,Unknown from approved source; requires enrichment,Listed on Kay-approved source page (Search funds / entrepreneurs; item type: search fund / entrepreneur vehicle).,Preserve for pattern recognition; fit not yet assessed.,"Enrich website, industry, niche, customer type, revenue model, recurrence, criticality, fragmentation, and acquisition context from approved primary sources.",Medium,source_complete_unfiltered
WSC & Company,https://wscandcompany.com/portfolio/,Third & Jefferson Holdings,,Unknown from approved source,Search funds / entrepreneurs,Unknown from approved source,Unknown from approved source,Unknown from approved source,Unknown from approved source; requires enrichment,Unknown from approved source; requires enrichment,Unknown from approved source; requires enrichment,Listed on Kay-approved source page (Search funds / entrepreneurs; item type: search fund / entrepreneur vehicle).,Preserve for pattern recognition; fit not yet assessed.,"Enrich website, industry, niche, customer type, revenue model, recurrence, criticality, fragmentation, and acquisition context from approved primary sources.",Medium,source_complete_unfiltered
WSC & Company,https://wscandcompany.com/portfolio/,Vast Hill Search Partners,,Unknown from approved source,Search funds / entrepreneurs,Unknown from approved source,Unknown from approved source,Unknown from approved source,Unknown from approved source; requires enrichment,Unknown from approved source; requires enrichment,Unknown from approved source; requires enrichment,Listed on Kay-approved source page (Search funds / entrepreneurs; item type: search fund / entrepreneur vehicle).,Preserve for pattern recognition; fit not yet assessed.,"Enrich website, industry, niche, customer type, revenue model, recurrence, criticality, fragmentation, and acquisition context from approved primary sources.",Medium,source_complete_unfiltered
WSC & Company,https://wscandcompany.com/portfolio/,Vertex Growth Partners,,Unknown from approved source,Search funds / entrepreneurs,Unknown from approved source,Unknown from approved source,Unknown from approved source,Unknown from approved source; requires enrichment,Unknown from approved source; requires enrichment,Unknown from approved source; requires enrichment,Listed on Kay-approved source page (Search funds / entrepreneurs; item type: search fund / entrepreneur vehicle).,Preserve for pattern recognition; fit not yet assessed.,"Enrich website, industry, niche, customer type, revenue model, recurrence, criticality, fragmentation, and acquisition context from approved primary sources.",Medium,source_complete_unfiltered
WSC & Company,https://wscandcompany.com/portfolio/,Vertical Investment Group,,Unknown from approved source,Search funds / entrepreneurs,Unknown from approved source,Unknown from approved source,Unknown from approved source,Unknown from approved source; requires enrichment,Unknown from approved source; requires enrichment,Unknown from approved source; requires enrichment,Listed on Kay-approved source page (Search funds / entrepreneurs; item type: search fund / entrepreneur vehicle).,Preserve for pattern recognition; fit not yet assessed.,"Enrich website, industry, niche, customer type, revenue model, recurrence, criticality, fragmentation, and acquisition context from approved primary sources.",Medium,source_complete_unfiltered
WSC & Company,https://wscandcompany.com/portfolio/,Wavelength Equity,,Unknown from approved source,Search funds / entrepreneurs,Unknown from approved source,Unknown from approved source,Unknown from approved source,Unknown from approved source; requires enrichment,Unknown from approved source; requires enrichment,Unknown from approved source; requires enrichment,Listed on Kay-approved source page (Search funds / entrepreneurs; item type: search fund / entrepreneur vehicle).,Preserve for pattern recognition; fit not yet assessed.,"Enrich website, industry, niche, customer type, revenue model, recurrence, criticality, fragmentation, and acquisition context from approved primary sources.",Medium,source_complete_unfiltered
WSC & Company,https://wscandcompany.com/portfolio/,Wells Street Partners,,Unknown from approved source,Search funds / entrepreneurs,Unknown from approved source,Unknown from approved source,Unknown from approved source,Unknown from approved source; requires enrichment,Unknown from approved source; requires enrichment,Unknown from approved source; requires enrichment,Listed on Kay-approved source page (Search funds / entrepreneurs; item type: search fund / entrepreneur vehicle).,Preserve for pattern recognition; fit not yet assessed.,"Enrich website, industry, niche, customer type, revenue model, recurrence, criticality, fragmentation, and acquisition context from approved primary sources.",Medium,source_complete_unfiltered
Trilogy Search Partners,https://trilogy-search.com/portfolio,Abound Health,,Unknown from approved source,Portfolio,Unknown from approved source,Unknown from approved source,Unknown from approved source,Unknown from approved source; requires enrichment,Unknown from approved source; requires enrichment,Unknown from approved source; requires enrichment,Listed on Kay-approved source page (Portfolio; item type: operating company).,Preserve for pattern recognition; fit not yet assessed.,"Enrich website, industry, niche, customer type, revenue model, recurrence, criticality, fragmentation, and acquisition context from approved primary sources.",High,source_complete_unfiltered
Trilogy Search Partners,https://trilogy-search.com/portfolio,ACES Monitoring,https://acesmonitoring.com,B2B services / safety systems,Gas detection and ventilation monitoring,Installation maintenance and calibration,Commercial and industrial facilities,Cardiff CA,Calibration/maintenance likely recurring; verify,Carbon monoxide and nitrogen dioxide monitoring is safety-critical,Specialty monitoring providers likely fragmented,Trilogy portfolio description and website link,High-fit compliance/safety facilities services pattern,Verify contract cadence margin profile customer concentration and regulatory requirements,High,seed
Trilogy Search Partners,https://trilogy-search.com/portfolio,Advanced Aircrew Academy,https://www.aircrewacademy.com,Aviation training,Regulatory and safety training modules,eLearning/training platform,Flight operations,Atlanta GA,Training modules likely recurring due regulatory/safety requirements,Aviation training is safety and compliance-critical,Specialized aviation training providers may be fragmented,Trilogy portfolio description and website link,Reinforces compliance/safety training cluster,Research renewal cadence regulation customer concentration and content defensibility,High,seed
Trilogy Search Partners,https://trilogy-search.com/portfolio,Ascend Software,,Unknown from approved source,Portfolio,Unknown from approved source,Unknown from approved source,Unknown from approved source,Unknown from approved source; requires enrichment,Unknown from approved source; requires enrichment,Unknown from approved source; requires enrichment,Listed on Kay-approved source page (Portfolio; item type: operating company).,Preserve for pattern recognition; fit not yet assessed.,"Enrich website, industry, niche, customer type, revenue model, recurrence, criticality, fragmentation, and acquisition context from approved primary sources.",High,source_complete_unfiltered
Trilogy Search Partners,https://trilogy-search.com/portfolio,ASI Group,https://asi-group.com,B2B services / infrastructure,Underwater inspection and maintenance,Specialized infrastructure services,Hydro nuclear oil and gas utilities construction manufacturing,Stoney Creek Ontario,Inspection/maintenance cycles likely repeat; verify,Critical infrastructure inspection and maintenance is mission-critical,Specialized underwater service providers fragmented by region/capability,Trilogy portfolio description and website link,Very strong technical B2B services fit; already appears in Pacific Lake,Run deeper pattern work under infrastructure inspection/maintenance,High,seed
Trilogy Search Partners,https://trilogy-search.com/portfolio,Automotive Business Solutions,https://www.abs-inc.biz,Automotive services / insurance,Automotive aftermarket warranty administration,Warranty administration services,Automotive aftermarket participants,Westminster CO,Warranty administration likely recurring program revenue; verify,Warranty programs can be operational and customer-retention critical,Aftermarket warranty administrators may be fragmented,Trilogy portfolio description and website link,Interesting automotive-admin services pattern but needs insurance/regulatory diligence,Research customer type loss exposure carrier relationships and concentration,High,seed
Trilogy Search Partners,https://trilogy-search.com/portfolio,BEX Realty,,Unknown from approved source,Portfolio,Unknown from approved source,Unknown from approved source,Unknown from approved source,Unknown from approved source; requires enrichment,Unknown from approved source; requires enrichment,Unknown from approved source; requires enrichment,Listed on Kay-approved source page (Portfolio; item type: operating company).,Preserve for pattern recognition; fit not yet assessed.,"Enrich website, industry, niche, customer type, revenue model, recurrence, criticality, fragmentation, and acquisition context from approved primary sources.",High,source_complete_unfiltered
Trilogy Search Partners,https://trilogy-search.com/portfolio,Botanical Designs,https://botanicaldesigns.com,B2B services / facilities,Commercial interior landscaping and maintenance,Design and recurring maintenance services,Office retail and medical facilities,Seattle WA,Maintenance likely recurring contracts,Facility landscaping is less mission-critical but recurring and B2B,Commercial landscaping/interiorscape providers fragmented,Trilogy portfolio description and website link,Recurring B2B facilities service but lower criticality than safety/compliance niches,Verify contract retention margin labor intensity and customer concentration,High,seed
Trilogy Search Partners,https://trilogy-search.com/portfolio,BP Logix,,Unknown from approved source,Portfolio,Unknown from approved source,Unknown from approved source,Unknown from approved source,Unknown from approved source; requires enrichment,Unknown from approved source; requires enrichment,Unknown from approved source; requires enrichment,Listed on Kay-approved source page (Portfolio; item type: operating company).,Preserve for pattern recognition; fit not yet assessed.,"Enrich website, industry, niche, customer type, revenue model, recurrence, criticality, fragmentation, and acquisition context from approved primary sources.",High,source_complete_unfiltered
Trilogy Search Partners,https://trilogy-search.com/portfolio,Bridge Insure,,Unknown from approved source,Portfolio,Unknown from approved source,Unknown from approved source,Unknown from approved source,Unknown from approved source; requires enrichment,Unknown from approved source; requires enrichment,Unknown from approved source; requires enrichment,Listed on Kay-approved source page (Portfolio; item type: operating company).,Preserve for pattern recognition; fit not yet assessed.,"Enrich website, industry, niche, customer type, revenue model, recurrence, criticality, fragmentation, and acquisition context from approved primary sources.",High,source_complete_unfiltered
Trilogy Search Partners,https://trilogy-search.com/portfolio,BroadPeak Partners,,Unknown from approved source,Portfolio,Unknown from approved source,Unknown from approved source,Unknown from approved source,Unknown from approved source; requires enrichment,Unknown from approved source; requires enrichment,Unknown from approved source; requires enrichment,Listed on Kay-approved source page (Portfolio; item type: operating company).,Preserve for pattern recognition; fit not yet assessed.,"Enrich website, industry, niche, customer type, revenue model, recurrence, criticality, fragmentation, and acquisition context from approved primary sources.",High,source_complete_unfiltered
Trilogy Search Partners,https://trilogy-search.com/portfolio,BSU Electronics,https://bsuinc.com,Manufacturing / electronics,PCB assembly and engineering services,Contract manufacturing,Aerospace medical technology energy,Austin TX,Repeat production programs possible; verify,Mission-critical industries and assemblies create criticality,Specialty contract manufacturers fragmented by capability,Trilogy portfolio description and website link,Strong technical manufacturing services signal if customer concentration manageable,Research certifications margins customer concentration and capex requirements,High,seed
Trilogy Search Partners,https://trilogy-search.com/portfolio,Canyonlands Camps,,Unknown from approved source,Portfolio,Unknown from approved source,Unknown from approved source,Unknown from approved source,Unknown from approved source; requires enrichment,Unknown from approved source; requires enrichment,Unknown from approved source; requires enrichment,Listed on Kay-approved source page (Portfolio; item type: operating company).,Preserve for pattern recognition; fit not yet assessed.,"Enrich website, industry, niche, customer type, revenue model, recurrence, criticality, fragmentation, and acquisition context from approved primary sources.",High,source_complete_unfiltered
Trilogy Search Partners,https://trilogy-search.com/portfolio,Castle Tire,,Unknown from approved source,Portfolio,Unknown from approved source,Unknown from approved source,Unknown from approved source,Unknown from approved source; requires enrichment,Unknown from approved source; requires enrichment,Unknown from approved source; requires enrichment,Listed on Kay-approved source page (Portfolio; item type: operating company).,Preserve for pattern recognition; fit not yet assessed.,"Enrich website, industry, niche, customer type, revenue model, recurrence, criticality, fragmentation, and acquisition context from approved primary sources.",High,source_complete_unfiltered
Trilogy Search Partners,https://trilogy-search.com/portfolio,Cerbo,,Unknown from approved source,Portfolio,Unknown from approved source,Unknown from approved source,Unknown from approved source,Unknown from approved source; requires enrichment,Unknown from approved source; requires enrichment,Unknown from approved source; requires enrichment,Listed on Kay-approved source page (Portfolio; item type: operating company).,Preserve for pattern recognition; fit not yet assessed.,"Enrich website, industry, niche, customer type, revenue model, recurrence, criticality, fragmentation, and acquisition context from approved primary sources.",High,source_complete_unfiltered
Trilogy Search Partners,https://trilogy-search.com/portfolio,CITTA Brokerage Co.,https://www.cittabrokerage.com,Professional services / customs,Duty drawback recovery and HTSUS classification,Specialized compliance/recovery services,Importers/exporters,Ogden UT,Duty drawback and classification work may recur with trade flows; verify,Customs compliance/refund maximization is regulatory and cash-flow relevant,Specialized customs recovery providers fragmented,Trilogy portfolio description and website link,Strong niche compliance services candidate,Research fee model recurrence customer concentration and regulatory complexity,High,seed
Trilogy Search Partners,https://trilogy-search.com/portfolio,Clariti,https://www.claritisoftware.com,Software / govtech,Permitting licensing inspection and code enforcement software,Vertical government SaaS,State and local governments,Vancouver BC,Govtech software likely recurring,Permitting/code enforcement workflows are mission-critical for governments,Govtech vertical software markets fragmented by function,Trilogy portfolio description and website link,Strong public-sector workflow software pattern,Research procurement friction retention implementation services and market size,High,seed
Trilogy Search Partners,https://trilogy-search.com/portfolio,Contact Centers Dominicana,,Unknown from approved source,Portfolio,Unknown from approved source,Unknown from approved source,Unknown from approved source,Unknown from approved source; requires enrichment,Unknown from approved source; requires enrichment,Unknown from approved source; requires enrichment,Listed on Kay-approved source page (Portfolio; item type: operating company).,Preserve for pattern recognition; fit not yet assessed.,"Enrich website, industry, niche, customer type, revenue model, recurrence, criticality, fragmentation, and acquisition context from approved primary sources.",High,source_complete_unfiltered
Trilogy Search Partners,https://trilogy-search.com/portfolio,Critical Path Security / Léargas Security,,Unknown from approved source,Portfolio,Unknown from approved source,Unknown from approved source,Unknown from approved source,Unknown from approved source; requires enrichment,Unknown from approved source; requires enrichment,Unknown from approved source; requires enrichment,Listed on Kay-approved source page (Portfolio; item type: operating company).,Preserve for pattern recognition; fit not yet assessed.,"Enrich website, industry, niche, customer type, revenue model, recurrence, criticality, fragmentation, and acquisition context from approved primary sources.",High,source_complete_unfiltered
Trilogy Search Partners,https://trilogy-search.com/portfolio,Crown Health,,Unknown from approved source,Portfolio,Unknown from approved source,Unknown from approved source,Unknown from approved source,Unknown from approved source; requires enrichment,Unknown from approved source; requires enrichment,Unknown from approved source; requires enrichment,Listed on Kay-approved source page (Portfolio; item type: operating company).,Preserve for pattern recognition; fit not yet assessed.,"Enrich website, industry, niche, customer type, revenue model, recurrence, criticality, fragmentation, and acquisition context from approved primary sources.",High,source_complete_unfiltered
Trilogy Search Partners,https://trilogy-search.com/portfolio,Crystal Practice Management,,Unknown from approved source,Portfolio,Unknown from approved source,Unknown from approved source,Unknown from approved source,Unknown from approved source; requires enrichment,Unknown from approved source; requires enrichment,Unknown from approved source; requires enrichment,Listed on Kay-approved source page (Portfolio; item type: operating company).,Preserve for pattern recognition; fit not yet assessed.,"Enrich website, industry, niche, customer type, revenue model, recurrence, criticality, fragmentation, and acquisition context from approved primary sources.",High,source_complete_unfiltered
Trilogy Search Partners,https://trilogy-search.com/portfolio,CSW,,Unknown from approved source,Portfolio,Unknown from approved source,Unknown from approved source,Unknown from approved source,Unknown from approved source; requires enrichment,Unknown from approved source; requires enrichment,Unknown from approved source; requires enrichment,Listed on Kay-approved source page (Portfolio; item type: operating company).,Preserve for pattern recognition; fit not yet assessed.,"Enrich website, industry, niche, customer type, revenue model, recurrence, criticality, fragmentation, and acquisition context from approved primary sources.",High,source_complete_unfiltered
Trilogy Search Partners,https://trilogy-search.com/portfolio,Dragonfly Pond Works,,Unknown from approved source,Portfolio,Unknown from approved source,Unknown from approved source,Unknown from approved source,Unknown from approved source; requires enrichment,Unknown from approved source; requires enrichment,Unknown from approved source; requires enrichment,Listed on Kay-approved source page (Portfolio; item type: operating company).,Preserve for pattern recognition; fit not yet assessed.,"Enrich website, industry, niche, customer type, revenue model, recurrence, criticality, fragmentation, and acquisition context from approved primary sources.",High,source_complete_unfiltered
Trilogy Search Partners,https://trilogy-search.com/portfolio,DriveSafe,,Unknown from approved source,Portfolio,Unknown from approved source,Unknown from approved source,Unknown from approved source,Unknown from approved source; requires enrichment,Unknown from approved source; requires enrichment,Unknown from approved source; requires enrichment,Listed on Kay-approved source page (Portfolio; item type: operating company).,Preserve for pattern recognition; fit not yet assessed.,"Enrich website, industry, niche, customer type, revenue model, recurrence, criticality, fragmentation, and acquisition context from approved primary sources.",High,source_complete_unfiltered
Trilogy Search Partners,https://trilogy-search.com/portfolio,Dynamic Growth,,Unknown from approved source,Portfolio,Unknown from approved source,Unknown from approved source,Unknown from approved source,Unknown from approved source; requires enrichment,Unknown from approved source; requires enrichment,Unknown from approved source; requires enrichment,Listed on Kay-approved source page (Portfolio; item type: operating company).,Preserve for pattern recognition; fit not yet assessed.,"Enrich website, industry, niche, customer type, revenue model, recurrence, criticality, fragmentation, and acquisition context from approved primary sources.",High,source_complete_unfiltered
Trilogy Search Partners,https://trilogy-search.com/portfolio,Efficient Hire,,Unknown from approved source,Portfolio,Unknown from approved source,Unknown from approved source,Unknown from approved source,Unknown from approved source; requires enrichment,Unknown from approved source; requires enrichment,Unknown from approved source; requires enrichment,Listed on Kay-approved source page (Portfolio; item type: operating company).,Preserve for pattern recognition; fit not yet assessed.,"Enrich website, industry, niche, customer type, revenue model, recurrence, criticality, fragmentation, and acquisition context from approved primary sources.",High,source_complete_unfiltered
Trilogy Search Partners,https://trilogy-search.com/portfolio,Emporos,,Unknown from approved source,Portfolio,Unknown from approved source,Unknown from approved source,Unknown from approved source,Unknown from approved source; requires enrichment,Unknown from approved source; requires enrichment,Unknown from approved source; requires enrichment,Listed on Kay-approved source page (Portfolio; item type: operating company).,Preserve for pattern recognition; fit not yet assessed.,"Enrich website, industry, niche, customer type, revenue model, recurrence, criticality, fragmentation, and acquisition context from approved primary sources.",High,source_complete_unfiltered
Trilogy Search Partners,https://trilogy-search.com/portfolio,EndoscopyMD,,Unknown from approved source,Portfolio,Unknown from approved source,Unknown from approved source,Unknown from approved source,Unknown from approved source; requires enrichment,Unknown from approved source; requires enrichment,Unknown from approved source; requires enrichment,Listed on Kay-approved source page (Portfolio; item type: operating company).,Preserve for pattern recognition; fit not yet assessed.,"Enrich website, industry, niche, customer type, revenue model, recurrence, criticality, fragmentation, and acquisition context from approved primary sources.",High,source_complete_unfiltered
Trilogy Search Partners,https://trilogy-search.com/portfolio,Ennoble Care,,Unknown from approved source,Portfolio,Unknown from approved source,Unknown from approved source,Unknown from approved source,Unknown from approved source; requires enrichment,Unknown from approved source; requires enrichment,Unknown from approved source; requires enrichment,Listed on Kay-approved source page (Portfolio; item type: operating company).,Preserve for pattern recognition; fit not yet assessed.,"Enrich website, industry, niche, customer type, revenue model, recurrence, criticality, fragmentation, and acquisition context from approved primary sources.",High,source_complete_unfiltered
Trilogy Search Partners,https://trilogy-search.com/portfolio,Ethos,,Unknown from approved source,Portfolio,Unknown from approved source,Unknown from approved source,Unknown from approved source,Unknown from approved source; requires enrichment,Unknown from approved source; requires enrichment,Unknown from approved source; requires enrichment,Listed on Kay-approved source page (Portfolio; item type: operating company).,Preserve for pattern recognition; fit not yet assessed.,"Enrich website, industry, niche, customer type, revenue model, recurrence, criticality, fragmentation, and acquisition context from approved primary sources.",High,source_complete_unfiltered
Trilogy Search Partners,https://trilogy-search.com/portfolio,ExpensePoint,,Unknown from approved source,Portfolio,Unknown from approved source,Unknown from approved source,Unknown from approved source,Unknown from approved source; requires enrichment,Unknown from approved source; requires enrichment,Unknown from approved source; requires enrichment,Listed on Kay-approved source page (Portfolio; item type: operating company).,Preserve for pattern recognition; fit not yet assessed.,"Enrich website, industry, niche, customer type, revenue model, recurrence, criticality, fragmentation, and acquisition context from approved primary sources.",High,source_complete_unfiltered
Trilogy Search Partners,https://trilogy-search.com/portfolio,Extended Care Professional (ECP),,Unknown from approved source,Portfolio,Unknown from approved source,Unknown from approved source,Unknown from approved source,Unknown from approved source; requires enrichment,Unknown from approved source; requires enrichment,Unknown from approved source; requires enrichment,Listed on Kay-approved source page (Portfolio; item type: operating company).,Preserve for pattern recognition; fit not yet assessed.,"Enrich website, industry, niche, customer type, revenue model, recurrence, criticality, fragmentation, and acquisition context from approved primary sources.",High,source_complete_unfiltered
Trilogy Search Partners,https://trilogy-search.com/portfolio,Falcon,,Unknown from approved source,Portfolio,Unknown from approved source,Unknown from approved source,Unknown from approved source,Unknown from approved source; requires enrichment,Unknown from approved source; requires enrichment,Unknown from approved source; requires enrichment,Listed on Kay-approved source page (Portfolio; item type: operating company).,Preserve for pattern recognition; fit not yet assessed.,"Enrich website, industry, niche, customer type, revenue model, recurrence, criticality, fragmentation, and acquisition context from approved primary sources.",High,source_complete_unfiltered
Trilogy Search Partners,https://trilogy-search.com/portfolio,FieldEdge,,Unknown from approved source,Portfolio,Unknown from approved source,Unknown from approved source,Unknown from approved source,Unknown from approved source; requires enrichment,Unknown from approved source; requires enrichment,Unknown from approved source; requires enrichment,Listed on Kay-approved source page (Portfolio; item type: operating company).,Preserve for pattern recognition; fit not yet assessed.,"Enrich website, industry, niche, customer type, revenue model, recurrence, criticality, fragmentation, and acquisition context from approved primary sources.",High,source_complete_unfiltered
Trilogy Search Partners,https://trilogy-search.com/portfolio,FleetFlo,,Unknown from approved source,Portfolio,Unknown from approved source,Unknown from approved source,Unknown from approved source,Unknown from approved source; requires enrichment,Unknown from approved source; requires enrichment,Unknown from approved source; requires enrichment,Listed on Kay-approved source page (Portfolio; item type: operating company).,Preserve for pattern recognition; fit not yet assessed.,"Enrich website, industry, niche, customer type, revenue model, recurrence, criticality, fragmentation, and acquisition context from approved primary sources.",High,source_complete_unfiltered
Trilogy Search Partners,https://trilogy-search.com/portfolio,Fraxion,,Unknown from approved source,Portfolio,Unknown from approved source,Unknown from approved source,Unknown from approved source,Unknown from approved source; requires enrichment,Unknown from approved source; requires enrichment,Unknown from approved source; requires enrichment,Listed on Kay-approved source page (Portfolio; item type: operating company).,Preserve for pattern recognition; fit not yet assessed.,"Enrich website, industry, niche, customer type, revenue model, recurrence, criticality, fragmentation, and acquisition context from approved primary sources.",High,source_complete_unfiltered
Trilogy Search Partners,https://trilogy-search.com/portfolio,FSI,https://facilitiessurvey.com,Healthcare software / facilities,Hospital CMMS and ancillary capabilities,Maintenance management software,Hospitals,Pittsburgh PA,CMMS software likely recurring,Hospital facilities maintenance is mission-critical,Healthcare CMMS niches may be fragmented,Trilogy portfolio description and website link,Strong facility/healthcare operations software pattern,Research retention implementation switching costs and hospital buyer concentration,High,seed
Trilogy Search Partners,https://trilogy-search.com/portfolio,Greenback Expat Tax Services,,Unknown from approved source,Portfolio,Unknown from approved source,Unknown from approved source,Unknown from approved source,Unknown from approved source; requires enrichment,Unknown from approved source; requires enrichment,Unknown from approved source; requires enrichment,Listed on Kay-approved source page (Portfolio; item type: operating company).,Preserve for pattern recognition; fit not yet assessed.,"Enrich website, industry, niche, customer type, revenue model, recurrence, criticality, fragmentation, and acquisition context from approved primary sources.",High,source_complete_unfiltered
Trilogy Search Partners,https://trilogy-search.com/portfolio,Growth99,,Unknown from approved source,Portfolio,Unknown from approved source,Unknown from approved source,Unknown from approved source,Unknown from approved source; requires enrichment,Unknown from approved source; requires enrichment,Unknown from approved source; requires enrichment,Listed on Kay-approved source page (Portfolio; item type: operating company).,Preserve for pattern recognition; fit not yet assessed.,"Enrich website, industry, niche, customer type, revenue model, recurrence, criticality, fragmentation, and acquisition context from approved primary sources.",High,source_complete_unfiltered
Trilogy Search Partners,https://trilogy-search.com/portfolio,Icon,,Unknown from approved source,Portfolio,Unknown from approved source,Unknown from approved source,Unknown from approved source,Unknown from approved source; requires enrichment,Unknown from approved source; requires enrichment,Unknown from approved source; requires enrichment,Listed on Kay-approved source page (Portfolio; item type: operating company).,Preserve for pattern recognition; fit not yet assessed.,"Enrich website, industry, niche, customer type, revenue model, recurrence, criticality, fragmentation, and acquisition context from approved primary sources.",High,source_complete_unfiltered
Trilogy Search Partners,https://trilogy-search.com/portfolio,IntellaTriage,,Unknown from approved source,Portfolio,Unknown from approved source,Unknown from approved source,Unknown from approved source,Unknown from approved source; requires enrichment,Unknown from approved source; requires enrichment,Unknown from approved source; requires enrichment,Listed on Kay-approved source page (Portfolio; item type: operating company).,Preserve for pattern recognition; fit not yet assessed.,"Enrich website, industry, niche, customer type, revenue model, recurrence, criticality, fragmentation, and acquisition context from approved primary sources.",High,source_complete_unfiltered
Trilogy Search Partners,https://trilogy-search.com/portfolio,ISI,,Unknown from approved source,Portfolio,Unknown from approved source,Unknown from approved source,Unknown from approved source,Unknown from approved source; requires enrichment,Unknown from approved source; requires enrichment,Unknown from approved source; requires enrichment,Listed on Kay-approved source page (Portfolio; item type: operating company).,Preserve for pattern recognition; fit not yet assessed.,"Enrich website, industry, niche, customer type, revenue model, recurrence, criticality, fragmentation, and acquisition context from approved primary sources.",High,source_complete_unfiltered
Trilogy Search Partners,https://trilogy-search.com/portfolio,ITpipes,,Unknown from approved source,Portfolio,Unknown from approved source,Unknown from approved source,Unknown from approved source,Unknown from approved source; requires enrichment,Unknown from approved source; requires enrichment,Unknown from approved source; requires enrichment,Listed on Kay-approved source page (Portfolio; item type: operating company).,Preserve for pattern recognition; fit not yet assessed.,"Enrich website, industry, niche, customer type, revenue model, recurrence, criticality, fragmentation, and acquisition context from approved primary sources.",High,source_complete_unfiltered
Trilogy Search Partners,https://trilogy-search.com/portfolio,Kind Behavioral Health,,Unknown from approved source,Portfolio,Unknown from approved source,Unknown from approved source,Unknown from approved source,Unknown from approved source; requires enrichment,Unknown from approved source; requires enrichment,Unknown from approved source; requires enrichment,Listed on Kay-approved source page (Portfolio; item type: operating company).,Preserve for pattern recognition; fit not yet assessed.,"Enrich website, industry, niche, customer type, revenue model, recurrence, criticality, fragmentation, and acquisition context from approved primary sources.",High,source_complete_unfiltered
Trilogy Search Partners,https://trilogy-search.com/portfolio,Market Equipment,,Unknown from approved source,Portfolio,Unknown from approved source,Unknown from approved source,Unknown from approved source,Unknown from approved source; requires enrichment,Unknown from approved source; requires enrichment,Unknown from approved source; requires enrichment,Listed on Kay-approved source page (Portfolio; item type: operating company).,Preserve for pattern recognition; fit not yet assessed.,"Enrich website, industry, niche, customer type, revenue model, recurrence, criticality, fragmentation, and acquisition context from approved primary sources.",High,source_complete_unfiltered
Trilogy Search Partners,https://trilogy-search.com/portfolio,Meridian Title,,Unknown from approved source,Portfolio,Unknown from approved source,Unknown from approved source,Unknown from approved source,Unknown from approved source; requires enrichment,Unknown from approved source; requires enrichment,Unknown from approved source; requires enrichment,Listed on Kay-approved source page (Portfolio; item type: operating company).,Preserve for pattern recognition; fit not yet assessed.,"Enrich website, industry, niche, customer type, revenue model, recurrence, criticality, fragmentation, and acquisition context from approved primary sources.",High,source_complete_unfiltered
Trilogy Search Partners,https://trilogy-search.com/portfolio,Message Digital,,Unknown from approved source,Portfolio,Unknown from approved source,Unknown from approved source,Unknown from approved source,Unknown from approved source; requires enrichment,Unknown from approved source; requires enrichment,Unknown from approved source; requires enrichment,Listed on Kay-approved source page (Portfolio; item type: operating company).,Preserve for pattern recognition; fit not yet assessed.,"Enrich website, industry, niche, customer type, revenue model, recurrence, criticality, fragmentation, and acquisition context from approved primary sources.",High,source_complete_unfiltered
Trilogy Search Partners,https://trilogy-search.com/portfolio,"Metabolic Solutions, Inc.",,Unknown from approved source,Portfolio,Unknown from approved source,Unknown from approved source,Unknown from approved source,Unknown from approved source; requires enrichment,Unknown from approved source; requires enrichment,Unknown from approved source; requires enrichment,Listed on Kay-approved source page (Portfolio; item type: operating company).,Preserve for pattern recognition; fit not yet assessed.,"Enrich website, industry, niche, customer type, revenue model, recurrence, criticality, fragmentation, and acquisition context from approved primary sources.",High,source_complete_unfiltered
Trilogy Search Partners,https://trilogy-search.com/portfolio,MeterNet,,Unknown from approved source,Portfolio,Unknown from approved source,Unknown from approved source,Unknown from approved source,Unknown from approved source; requires enrichment,Unknown from approved source; requires enrichment,Unknown from approved source; requires enrichment,Listed on Kay-approved source page (Portfolio; item type: operating company).,Preserve for pattern recognition; fit not yet assessed.,"Enrich website, industry, niche, customer type, revenue model, recurrence, criticality, fragmentation, and acquisition context from approved primary sources.",High,source_complete_unfiltered
Trilogy Search Partners,https://trilogy-search.com/portfolio,Morningside,,Unknown from approved source,Portfolio,Unknown from approved source,Unknown from approved source,Unknown from approved source,Unknown from approved source; requires enrichment,Unknown from approved source; requires enrichment,Unknown from approved source; requires enrichment,Listed on Kay-approved source page (Portfolio; item type: operating company).,Preserve for pattern recognition; fit not yet assessed.,"Enrich website, industry, niche, customer type, revenue model, recurrence, criticality, fragmentation, and acquisition context from approved primary sources.",High,source_complete_unfiltered
Trilogy Search Partners,https://trilogy-search.com/portfolio,Nuqleous,,Unknown from approved source,Portfolio,Unknown from approved source,Unknown from approved source,Unknown from approved source,Unknown from approved source; requires enrichment,Unknown from approved source; requires enrichment,Unknown from approved source; requires enrichment,Listed on Kay-approved source page (Portfolio; item type: operating company).,Preserve for pattern recognition; fit not yet assessed.,"Enrich website, industry, niche, customer type, revenue model, recurrence, criticality, fragmentation, and acquisition context from approved primary sources.",High,source_complete_unfiltered
Trilogy Search Partners,https://trilogy-search.com/portfolio,Omatic,,Unknown from approved source,Portfolio,Unknown from approved source,Unknown from approved source,Unknown from approved source,Unknown from approved source; requires enrichment,Unknown from approved source; requires enrichment,Unknown from approved source; requires enrichment,Listed on Kay-approved source page (Portfolio; item type: operating company).,Preserve for pattern recognition; fit not yet assessed.,"Enrich website, industry, niche, customer type, revenue model, recurrence, criticality, fragmentation, and acquisition context from approved primary sources.",High,source_complete_unfiltered
Trilogy Search Partners,https://trilogy-search.com/portfolio,OneShield,,Unknown from approved source,Portfolio,Unknown from approved source,Unknown from approved source,Unknown from approved source,Unknown from approved source; requires enrichment,Unknown from approved source; requires enrichment,Unknown from approved source; requires enrichment,Listed on Kay-approved source page (Portfolio; item type: operating company).,Preserve for pattern recognition; fit not yet assessed.,"Enrich website, industry, niche, customer type, revenue model, recurrence, criticality, fragmentation, and acquisition context from approved primary sources.",High,source_complete_unfiltered
Trilogy Search Partners,https://trilogy-search.com/portfolio,Pacific Fertility,,Unknown from approved source,Portfolio,Unknown from approved source,Unknown from approved source,Unknown from approved source,Unknown from approved source; requires enrichment,Unknown from approved source; requires enrichment,Unknown from approved source; requires enrichment,Listed on Kay-approved source page (Portfolio; item type: operating company).,Preserve for pattern recognition; fit not yet assessed.,"Enrich website, industry, niche, customer type, revenue model, recurrence, criticality, fragmentation, and acquisition context from approved primary sources.",High,source_complete_unfiltered
Trilogy Search Partners,https://trilogy-search.com/portfolio,Pando Home Care,,Unknown from approved source,Portfolio,Unknown from approved source,Unknown from approved source,Unknown from approved source,Unknown from approved source; requires enrichment,Unknown from approved source; requires enrichment,Unknown from approved source; requires enrichment,Listed on Kay-approved source page (Portfolio; item type: operating company).,Preserve for pattern recognition; fit not yet assessed.,"Enrich website, industry, niche, customer type, revenue model, recurrence, criticality, fragmentation, and acquisition context from approved primary sources.",High,source_complete_unfiltered
Trilogy Search Partners,https://trilogy-search.com/portfolio,Performio,,Unknown from approved source,Portfolio,Unknown from approved source,Unknown from approved source,Unknown from approved source,Unknown from approved source; requires enrichment,Unknown from approved source; requires enrichment,Unknown from approved source; requires enrichment,Listed on Kay-approved source page (Portfolio; item type: operating company).,Preserve for pattern recognition; fit not yet assessed.,"Enrich website, industry, niche, customer type, revenue model, recurrence, criticality, fragmentation, and acquisition context from approved primary sources.",High,source_complete_unfiltered
Trilogy Search Partners,https://trilogy-search.com/portfolio,PrecisionMed,,Unknown from approved source,Portfolio,Unknown from approved source,Unknown from approved source,Unknown from approved source,Unknown from approved source; requires enrichment,Unknown from approved source; requires enrichment,Unknown from approved source; requires enrichment,Listed on Kay-approved source page (Portfolio; item type: operating company).,Preserve for pattern recognition; fit not yet assessed.,"Enrich website, industry, niche, customer type, revenue model, recurrence, criticality, fragmentation, and acquisition context from approved primary sources.",High,source_complete_unfiltered
Trilogy Search Partners,https://trilogy-search.com/portfolio,Premier World Discovery,,Unknown from approved source,Portfolio,Unknown from approved source,Unknown from approved source,Unknown from approved source,Unknown from approved source; requires enrichment,Unknown from approved source; requires enrichment,Unknown from approved source; requires enrichment,Listed on Kay-approved source page (Portfolio; item type: operating company).,Preserve for pattern recognition; fit not yet assessed.,"Enrich website, industry, niche, customer type, revenue model, recurrence, criticality, fragmentation, and acquisition context from approved primary sources.",High,source_complete_unfiltered
Trilogy Search Partners,https://trilogy-search.com/portfolio,PtEverywhere,,Unknown from approved source,Portfolio,Unknown from approved source,Unknown from approved source,Unknown from approved source,Unknown from approved source; requires enrichment,Unknown from approved source; requires enrichment,Unknown from approved source; requires enrichment,Listed on Kay-approved source page (Portfolio; item type: operating company).,Preserve for pattern recognition; fit not yet assessed.,"Enrich website, industry, niche, customer type, revenue model, recurrence, criticality, fragmentation, and acquisition context from approved primary sources.",High,source_complete_unfiltered
Trilogy Search Partners,https://trilogy-search.com/portfolio,Radiation Detection Co,,Unknown from approved source,Portfolio,Unknown from approved source,Unknown from approved source,Unknown from approved source,Unknown from approved source; requires enrichment,Unknown from approved source; requires enrichment,Unknown from approved source; requires enrichment,Listed on Kay-approved source page (Portfolio; item type: operating company).,Preserve for pattern recognition; fit not yet assessed.,"Enrich website, industry, niche, customer type, revenue model, recurrence, criticality, fragmentation, and acquisition context from approved primary sources.",High,source_complete_unfiltered
Trilogy Search Partners,https://trilogy-search.com/portfolio,Reliable Premium Management,,Unknown from approved source,Portfolio,Unknown from approved source,Unknown from approved source,Unknown from approved source,Unknown from approved source; requires enrichment,Unknown from approved source; requires enrichment,Unknown from approved source; requires enrichment,Listed on Kay-approved source page (Portfolio; item type: operating company).,Preserve for pattern recognition; fit not yet assessed.,"Enrich website, industry, niche, customer type, revenue model, recurrence, criticality, fragmentation, and acquisition context from approved primary sources.",High,source_complete_unfiltered
Trilogy Search Partners,https://trilogy-search.com/portfolio,Remarkable Health,,Unknown from approved source,Portfolio,Unknown from approved source,Unknown from approved source,Unknown from approved source,Unknown from approved source; requires enrichment,Unknown from approved source; requires enrichment,Unknown from approved source; requires enrichment,Listed on Kay-approved source page (Portfolio; item type: operating company).,Preserve for pattern recognition; fit not yet assessed.,"Enrich website, industry, niche, customer type, revenue model, recurrence, criticality, fragmentation, and acquisition context from approved primary sources.",High,source_complete_unfiltered
Trilogy Search Partners,https://trilogy-search.com/portfolio,RMC,,Unknown from approved source,Portfolio,Unknown from approved source,Unknown from approved source,Unknown from approved source,Unknown from approved source; requires enrichment,Unknown from approved source; requires enrichment,Unknown from approved source; requires enrichment,Listed on Kay-approved source page (Portfolio; item type: operating company).,Preserve for pattern recognition; fit not yet assessed.,"Enrich website, industry, niche, customer type, revenue model, recurrence, criticality, fragmentation, and acquisition context from approved primary sources.",High,source_complete_unfiltered
Trilogy Search Partners,https://trilogy-search.com/portfolio,Spivey Services,,Unknown from approved source,Portfolio,Unknown from approved source,Unknown from approved source,Unknown from approved source,Unknown from approved source; requires enrichment,Unknown from approved source; requires enrichment,Unknown from approved source; requires enrichment,Listed on Kay-approved source page (Portfolio; item type: operating company).,Preserve for pattern recognition; fit not yet assessed.,"Enrich website, industry, niche, customer type, revenue model, recurrence, criticality, fragmentation, and acquisition context from approved primary sources.",High,source_complete_unfiltered
Trilogy Search Partners,https://trilogy-search.com/portfolio,Sterling Labs,,Unknown from approved source,Portfolio,Unknown from approved source,Unknown from approved source,Unknown from approved source,Unknown from approved source; requires enrichment,Unknown from approved source; requires enrichment,Unknown from approved source; requires enrichment,Listed on Kay-approved source page (Portfolio; item type: operating company).,Preserve for pattern recognition; fit not yet assessed.,"Enrich website, industry, niche, customer type, revenue model, recurrence, criticality, fragmentation, and acquisition context from approved primary sources.",High,source_complete_unfiltered
Trilogy Search Partners,https://trilogy-search.com/portfolio,Sunscape,,Unknown from approved source,Portfolio,Unknown from approved source,Unknown from approved source,Unknown from approved source,Unknown from approved source; requires enrichment,Unknown from approved source; requires enrichment,Unknown from approved source; requires enrichment,Listed on Kay-approved source page (Portfolio; item type: operating company).,Preserve for pattern recognition; fit not yet assessed.,"Enrich website, industry, niche, customer type, revenue model, recurrence, criticality, fragmentation, and acquisition context from approved primary sources.",High,source_complete_unfiltered
Trilogy Search Partners,https://trilogy-search.com/portfolio,SuperSalon,,Unknown from approved source,Portfolio,Unknown from approved source,Unknown from approved source,Unknown from approved source,Unknown from approved source; requires enrichment,Unknown from approved source; requires enrichment,Unknown from approved source; requires enrichment,Listed on Kay-approved source page (Portfolio; item type: operating company).,Preserve for pattern recognition; fit not yet assessed.,"Enrich website, industry, niche, customer type, revenue model, recurrence, criticality, fragmentation, and acquisition context from approved primary sources.",High,source_complete_unfiltered
Trilogy Search Partners,https://trilogy-search.com/portfolio,TASKRAY,,Unknown from approved source,Portfolio,Unknown from approved source,Unknown from approved source,Unknown from approved source,Unknown from approved source; requires enrichment,Unknown from approved source; requires enrichment,Unknown from approved source; requires enrichment,Listed on Kay-approved source page (Portfolio; item type: operating company).,Preserve for pattern recognition; fit not yet assessed.,"Enrich website, industry, niche, customer type, revenue model, recurrence, criticality, fragmentation, and acquisition context from approved primary sources.",High,source_complete_unfiltered
Trilogy Search Partners,https://trilogy-search.com/portfolio,Transifex,,Unknown from approved source,Portfolio,Unknown from approved source,Unknown from approved source,Unknown from approved source,Unknown from approved source; requires enrichment,Unknown from approved source; requires enrichment,Unknown from approved source; requires enrichment,Listed on Kay-approved source page (Portfolio; item type: operating company).,Preserve for pattern recognition; fit not yet assessed.,"Enrich website, industry, niche, customer type, revenue model, recurrence, criticality, fragmentation, and acquisition context from approved primary sources.",High,source_complete_unfiltered
Trilogy Search Partners,https://trilogy-search.com/portfolio,TrueMed LIS,,Unknown from approved source,Portfolio,Unknown from approved source,Unknown from approved source,Unknown from approved source,Unknown from approved source; requires enrichment,Unknown from approved source; requires enrichment,Unknown from approved source; requires enrichment,Listed on Kay-approved source page (Portfolio; item type: operating company).,Preserve for pattern recognition; fit not yet assessed.,"Enrich website, industry, niche, customer type, revenue model, recurrence, criticality, fragmentation, and acquisition context from approved primary sources.",High,source_complete_unfiltered
Trilogy Search Partners,https://trilogy-search.com/portfolio,Upper Hand,,Unknown from approved source,Portfolio,Unknown from approved source,Unknown from approved source,Unknown from approved source,Unknown from approved source; requires enrichment,Unknown from approved source; requires enrichment,Unknown from approved source; requires enrichment,Listed on Kay-approved source page (Portfolio; item type: operating company).,Preserve for pattern recognition; fit not yet assessed.,"Enrich website, industry, niche, customer type, revenue model, recurrence, criticality, fragmentation, and acquisition context from approved primary sources.",High,source_complete_unfiltered
Trilogy Search Partners,https://trilogy-search.com/portfolio,Utility Cloud,,Unknown from approved source,Portfolio,Unknown from approved source,Unknown from approved source,Unknown from approved source,Unknown from approved source; requires enrichment,Unknown from approved source; requires enrichment,Unknown from approved source; requires enrichment,Listed on Kay-approved source page (Portfolio; item type: operating company).,Preserve for pattern recognition; fit not yet assessed.,"Enrich website, industry, niche, customer type, revenue model, recurrence, criticality, fragmentation, and acquisition context from approved primary sources.",High,source_complete_unfiltered
Trilogy Search Partners,https://trilogy-search.com/portfolio,Wayleadr,,Unknown from approved source,Portfolio,Unknown from approved source,Unknown from approved source,Unknown from approved source,Unknown from approved source; requires enrichment,Unknown from approved source; requires enrichment,Unknown from approved source; requires enrichment,Listed on Kay-approved source page (Portfolio; item type: operating company).,Preserve for pattern recognition; fit not yet assessed.,"Enrich website, industry, niche, customer type, revenue model, recurrence, criticality, fragmentation, and acquisition context from approved primary sources.",High,source_complete_unfiltered
Trilogy Search Partners,https://trilogy-search.com/portfolio,Woven Care,,Unknown from approved source,Portfolio,Unknown from approved source,Unknown from approved source,Unknown from approved source,Unknown from approved source; requires enrichment,Unknown from approved source; requires enrichment,Unknown from approved source; requires enrichment,Listed on Kay-approved source page (Portfolio; item type: operating company).,Preserve for pattern recognition; fit not yet assessed.,"Enrich website, industry, niche, customer type, revenue model, recurrence, criticality, fragmentation, and acquisition context from approved primary sources.",High,source_complete_unfiltered
Search Fund Partners,https://www.searchfunds.net/portfolio,Growth99,,Unknown from approved source,Portfolio,Unknown from approved source,Unknown from approved source,Unknown from approved source,Unknown from approved source; requires enrichment,Unknown from approved source; requires enrichment,Unknown from approved source; requires enrichment,Listed on Kay-approved source page (Portfolio; item type: operating company).,Preserve for pattern recognition; fit not yet assessed.,"Enrich website, industry, niche, customer type, revenue model, recurrence, criticality, fragmentation, and acquisition context from approved primary sources.",High,source_complete_unfiltered
Search Fund Partners,https://www.searchfunds.net/portfolio,ELK Analytics,https://elkanalytics.com,Cybersecurity,Cybersecurity services for SMBs,Security services,Small and medium businesses,Unknown,Cyber services likely repeat/managed potential; verify,Cybersecurity is critical and compliance-driven,SMB cyber services fragmented,SFP portfolio description; active; invested 2023,Reinforces cybersecurity services cluster,Verify MSSP vs project model retention and customer concentration,High,seed
Search Fund Partners,https://www.searchfunds.net/portfolio,Pelvic Health Solutions,,Unknown from approved source,Portfolio,Unknown from approved source,Unknown from approved source,Unknown from approved source,Unknown from approved source; requires enrichment,Unknown from approved source; requires enrichment,Unknown from approved source; requires enrichment,Listed on Kay-approved source page (Portfolio; item type: operating company).,Preserve for pattern recognition; fit not yet assessed.,"Enrich website, industry, niche, customer type, revenue model, recurrence, criticality, fragmentation, and acquisition context from approved primary sources.",High,source_complete_unfiltered
Search Fund Partners,https://www.searchfunds.net/portfolio,Big Box Storage,,Unknown from approved source,Portfolio,Unknown from approved source,Unknown from approved source,Unknown from approved source,Unknown from approved source; requires enrichment,Unknown from approved source; requires enrichment,Unknown from approved source; requires enrichment,Listed on Kay-approved source page (Portfolio; item type: operating company).,Preserve for pattern recognition; fit not yet assessed.,"Enrich website, industry, niche, customer type, revenue model, recurrence, criticality, fragmentation, and acquisition context from approved primary sources.",High,source_complete_unfiltered
Search Fund Partners,https://www.searchfunds.net/portfolio,4Ever Young,,Unknown from approved source,Portfolio,Unknown from approved source,Unknown from approved source,Unknown from approved source,Unknown from approved source; requires enrichment,Unknown from approved source; requires enrichment,Unknown from approved source; requires enrichment,Listed on Kay-approved source page (Portfolio; item type: operating company).,Preserve for pattern recognition; fit not yet assessed.,"Enrich website, industry, niche, customer type, revenue model, recurrence, criticality, fragmentation, and acquisition context from approved primary sources.",High,source_complete_unfiltered
Search Fund Partners,https://www.searchfunds.net/portfolio,FileOnQ Inc.,https://fileonq.com,Software / public safety,Evidence management software,Vertical workflow software,Law enforcement agencies,Unknown,Software likely recurring,Evidence management for law enforcement is mission-critical,Public safety software niches fragmented,SFP portfolio description; active; invested 2023,Cross-source high-conviction public-sector workflow software signal,Research procurement retention implementation and agency size,High,seed
Search Fund Partners,https://www.searchfunds.net/portfolio,ArborOne,,Unknown from approved source,Portfolio,Unknown from approved source,Unknown from approved source,Unknown from approved source,Unknown from approved source; requires enrichment,Unknown from approved source; requires enrichment,Unknown from approved source; requires enrichment,Listed on Kay-approved source page (Portfolio; item type: operating company).,Preserve for pattern recognition; fit not yet assessed.,"Enrich website, industry, niche, customer type, revenue model, recurrence, criticality, fragmentation, and acquisition context from approved primary sources.",High,source_complete_unfiltered
Search Fund Partners,https://www.searchfunds.net/portfolio,Premiere Property Services,https://www.ppsgr.com,Property services,Apartment make-ready services,Field services,Apartment owners/operators,Grand Rapids MI,Repeat property-manager relationships likely; verify,Make-ready speed is operationally important but not highly regulated,Local property services fragmented,SFP portfolio description; active; invested 2023,Boring B2B property services signal with recurrence potential,Verify customer concentration labor intensity seasonality and margin profile,High,seed
Search Fund Partners,https://www.searchfunds.net/portfolio,Utility Management Solutions,https://umsbilling.com,Utilities / property services,Water submetering installation maintenance and tenant billing,Installation maintenance and billing services,Apartment buildings and HOAs,Unknown,Billing/maintenance likely recurring,Water billing/submetering is operational and compliance/cost critical for properties,Submetering service providers fragmented regionally,SFP portfolio description; active; invested 2023,Strong G&B-fit utilities/property back-office services candidate,Research contract length customer concentration regulatory drivers and meter ownership,High,seed
Search Fund Partners,https://www.searchfunds.net/portfolio,Happy Paws Veterinary Partners,,Unknown from approved source,Portfolio,Unknown from approved source,Unknown from approved source,Unknown from approved source,Unknown from approved source; requires enrichment,Unknown from approved source; requires enrichment,Unknown from approved source; requires enrichment,Listed on Kay-approved source page (Portfolio; item type: operating company).,Preserve for pattern recognition; fit not yet assessed.,"Enrich website, industry, niche, customer type, revenue model, recurrence, criticality, fragmentation, and acquisition context from approved primary sources.",High,source_complete_unfiltered
Search Fund Partners,https://www.searchfunds.net/portfolio,Mudshare,,Unknown from approved source,Portfolio,Unknown from approved source,Unknown from approved source,Unknown from approved source,Unknown from approved source; requires enrichment,Unknown from approved source; requires enrichment,Unknown from approved source; requires enrichment,Listed on Kay-approved source page (Portfolio; item type: operating company).,Preserve for pattern recognition; fit not yet assessed.,"Enrich website, industry, niche, customer type, revenue model, recurrence, criticality, fragmentation, and acquisition context from approved primary sources.",High,source_complete_unfiltered
Search Fund Partners,https://www.searchfunds.net/portfolio,Belle Vie Wellness,,Unknown from approved source,Portfolio,Unknown from approved source,Unknown from approved source,Unknown from approved source,Unknown from approved source; requires enrichment,Unknown from approved source; requires enrichment,Unknown from approved source; requires enrichment,Listed on Kay-approved source page (Portfolio; item type: operating company).,Preserve for pattern recognition; fit not yet assessed.,"Enrich website, industry, niche, customer type, revenue model, recurrence, criticality, fragmentation, and acquisition context from approved primary sources.",High,source_complete_unfiltered
Search Fund Partners,https://www.searchfunds.net/portfolio,IT Pipes,,Unknown from approved source,Portfolio,Unknown from approved source,Unknown from approved source,Unknown from approved source,Unknown from approved source; requires enrichment,Unknown from approved source; requires enrichment,Unknown from approved source; requires enrichment,Listed on Kay-approved source page (Portfolio; item type: operating company).,Preserve for pattern recognition; fit not yet assessed.,"Enrich website, industry, niche, customer type, revenue model, recurrence, criticality, fragmentation, and acquisition context from approved primary sources.",High,source_complete_unfiltered
Search Fund Partners,https://www.searchfunds.net/portfolio,Greenback Expat Tax Service,,Unknown from approved source,Portfolio,Unknown from approved source,Unknown from approved source,Unknown from approved source,Unknown from approved source; requires enrichment,Unknown from approved source; requires enrichment,Unknown from approved source; requires enrichment,Listed on Kay-approved source page (Portfolio; item type: operating company).,Preserve for pattern recognition; fit not yet assessed.,"Enrich website, industry, niche, customer type, revenue model, recurrence, criticality, fragmentation, and acquisition context from approved primary sources.",High,source_complete_unfiltered
Search Fund Partners,https://www.searchfunds.net/portfolio,Luggage Forward,,Unknown from approved source,Portfolio,Unknown from approved source,Unknown from approved source,Unknown from approved source,Unknown from approved source; requires enrichment,Unknown from approved source; requires enrichment,Unknown from approved source; requires enrichment,Listed on Kay-approved source page (Portfolio; item type: operating company).,Preserve for pattern recognition; fit not yet assessed.,"Enrich website, industry, niche, customer type, revenue model, recurrence, criticality, fragmentation, and acquisition context from approved primary sources.",High,source_complete_unfiltered
Search Fund Partners,https://www.searchfunds.net/portfolio,Top Quadrant,,Unknown from approved source,Portfolio,Unknown from approved source,Unknown from approved source,Unknown from approved source,Unknown from approved source; requires enrichment,Unknown from approved source; requires enrichment,Unknown from approved source; requires enrichment,Listed on Kay-approved source page (Portfolio; item type: operating company).,Preserve for pattern recognition; fit not yet assessed.,"Enrich website, industry, niche, customer type, revenue model, recurrence, criticality, fragmentation, and acquisition context from approved primary sources.",High,source_complete_unfiltered
Search Fund Partners,https://www.searchfunds.net/portfolio,Swoogo,,Unknown from approved source,Portfolio,Unknown from approved source,Unknown from approved source,Unknown from approved source,Unknown from approved source; requires enrichment,Unknown from approved source; requires enrichment,Unknown from approved source; requires enrichment,Listed on Kay-approved source page (Portfolio; item type: operating company).,Preserve for pattern recognition; fit not yet assessed.,"Enrich website, industry, niche, customer type, revenue model, recurrence, criticality, fragmentation, and acquisition context from approved primary sources.",High,source_complete_unfiltered
Search Fund Partners,https://www.searchfunds.net/portfolio,Metro Vein,,Unknown from approved source,Portfolio,Unknown from approved source,Unknown from approved source,Unknown from approved source,Unknown from approved source; requires enrichment,Unknown from approved source; requires enrichment,Unknown from approved source; requires enrichment,Listed on Kay-approved source page (Portfolio; item type: operating company).,Preserve for pattern recognition; fit not yet assessed.,"Enrich website, industry, niche, customer type, revenue model, recurrence, criticality, fragmentation, and acquisition context from approved primary sources.",High,source_complete_unfiltered
Search Fund Partners,https://www.searchfunds.net/portfolio,Ethico,,Unknown from approved source,Portfolio,Unknown from approved source,Unknown from approved source,Unknown from approved source,Unknown from approved source; requires enrichment,Unknown from approved source; requires enrichment,Unknown from approved source; requires enrichment,Listed on Kay-approved source page (Portfolio; item type: operating company).,Preserve for pattern recognition; fit not yet assessed.,"Enrich website, industry, niche, customer type, revenue model, recurrence, criticality, fragmentation, and acquisition context from approved primary sources.",High,source_complete_unfiltered
Search Fund Partners,https://www.searchfunds.net/portfolio,Cerbo,,Unknown from approved source,Portfolio,Unknown from approved source,Unknown from approved source,Unknown from approved source,Unknown from approved source; requires enrichment,Unknown from approved source; requires enrichment,Unknown from approved source; requires enrichment,Listed on Kay-approved source page (Portfolio; item type: operating company).,Preserve for pattern recognition; fit not yet assessed.,"Enrich website, industry, niche, customer type, revenue model, recurrence, criticality, fragmentation, and acquisition context from approved primary sources.",High,source_complete_unfiltered
Search Fund Partners,https://www.searchfunds.net/portfolio,Caravel Autism Services,,Unknown from approved source,Portfolio,Unknown from approved source,Unknown from approved source,Unknown from approved source,Unknown from approved source; requires enrichment,Unknown from approved source; requires enrichment,Unknown from approved source; requires enrichment,Listed on Kay-approved source page (Portfolio; item type: operating company).,Preserve for pattern recognition; fit not yet assessed.,"Enrich website, industry, niche, customer type, revenue model, recurrence, criticality, fragmentation, and acquisition context from approved primary sources.",High,source_complete_unfiltered
Search Fund Partners,https://www.searchfunds.net/portfolio,Alert Protective Services,,Unknown from approved source,Portfolio,Unknown from approved source,Unknown from approved source,Unknown from approved source,Unknown from approved source; requires enrichment,Unknown from approved source; requires enrichment,Unknown from approved source; requires enrichment,Listed on Kay-approved source page (Portfolio; item type: operating company).,Preserve for pattern recognition; fit not yet assessed.,"Enrich website, industry, niche, customer type, revenue model, recurrence, criticality, fragmentation, and acquisition context from approved primary sources.",High,source_complete_unfiltered
Search Fund Partners,https://www.searchfunds.net/portfolio,American Vision Group,,Unknown from approved source,Portfolio,Unknown from approved source,Unknown from approved source,Unknown from approved source,Unknown from approved source; requires enrichment,Unknown from approved source; requires enrichment,Unknown from approved source; requires enrichment,Listed on Kay-approved source page (Portfolio; item type: operating company).,Preserve for pattern recognition; fit not yet assessed.,"Enrich website, industry, niche, customer type, revenue model, recurrence, criticality, fragmentation, and acquisition context from approved primary sources.",High,source_complete_unfiltered
Search Fund Partners,https://www.searchfunds.net/portfolio,AQC Traffic Control,,Unknown from approved source,Portfolio,Unknown from approved source,Unknown from approved source,Unknown from approved source,Unknown from approved source; requires enrichment,Unknown from approved source; requires enrichment,Unknown from approved source; requires enrichment,Listed on Kay-approved source page (Portfolio; item type: operating company).,Preserve for pattern recognition; fit not yet assessed.,"Enrich website, industry, niche, customer type, revenue model, recurrence, criticality, fragmentation, and acquisition context from approved primary sources.",High,source_complete_unfiltered
Search Fund Partners,https://www.searchfunds.net/portfolio,Automotive Business Solutions,,Unknown from approved source,Portfolio,Unknown from approved source,Unknown from approved source,Unknown from approved source,Unknown from approved source; requires enrichment,Unknown from approved source; requires enrichment,Unknown from approved source; requires enrichment,Listed on Kay-approved source page (Portfolio; item type: operating company).,Preserve for pattern recognition; fit not yet assessed.,"Enrich website, industry, niche, customer type, revenue model, recurrence, criticality, fragmentation, and acquisition context from approved primary sources.",High,source_complete_unfiltered
Search Fund Partners,https://www.searchfunds.net/portfolio,Bioactive Resources,,Unknown from approved source,Portfolio,Unknown from approved source,Unknown from approved source,Unknown from approved source,Unknown from approved source; requires enrichment,Unknown from approved source; requires enrichment,Unknown from approved source; requires enrichment,Listed on Kay-approved source page (Portfolio; item type: operating company).,Preserve for pattern recognition; fit not yet assessed.,"Enrich website, industry, niche, customer type, revenue model, recurrence, criticality, fragmentation, and acquisition context from approved primary sources.",High,source_complete_unfiltered
Search Fund Partners,https://www.searchfunds.net/portfolio,Bright Event Rentals,,Unknown from approved source,Portfolio,Unknown from approved source,Unknown from approved source,Unknown from approved source,Unknown from approved source; requires enrichment,Unknown from approved source; requires enrichment,Unknown from approved source; requires enrichment,Listed on Kay-approved source page (Portfolio; item type: operating company).,Preserve for pattern recognition; fit not yet assessed.,"Enrich website, industry, niche, customer type, revenue model, recurrence, criticality, fragmentation, and acquisition context from approved primary sources.",High,source_complete_unfiltered
Search Fund Partners,https://www.searchfunds.net/portfolio,Canada Cordage & Orion Ropeworks,,Unknown from approved source,Portfolio,Unknown from approved source,Unknown from approved source,Unknown from approved source,Unknown from approved source; requires enrichment,Unknown from approved source; requires enrichment,Unknown from approved source; requires enrichment,Listed on Kay-approved source page (Portfolio; item type: operating company).,Preserve for pattern recognition; fit not yet assessed.,"Enrich website, industry, niche, customer type, revenue model, recurrence, criticality, fragmentation, and acquisition context from approved primary sources.",High,source_complete_unfiltered
Search Fund Partners,https://www.searchfunds.net/portfolio,Canyonlands Camps,,Unknown from approved source,Portfolio,Unknown from approved source,Unknown from approved source,Unknown from approved source,Unknown from approved source; requires enrichment,Unknown from approved source; requires enrichment,Unknown from approved source; requires enrichment,Listed on Kay-approved source page (Portfolio; item type: operating company).,Preserve for pattern recognition; fit not yet assessed.,"Enrich website, industry, niche, customer type, revenue model, recurrence, criticality, fragmentation, and acquisition context from approved primary sources.",High,source_complete_unfiltered
Search Fund Partners,https://www.searchfunds.net/portfolio,Charter Impact,,Unknown from approved source,Portfolio,Unknown from approved source,Unknown from approved source,Unknown from approved source,Unknown from approved source; requires enrichment,Unknown from approved source; requires enrichment,Unknown from approved source; requires enrichment,Listed on Kay-approved source page (Portfolio; item type: operating company).,Preserve for pattern recognition; fit not yet assessed.,"Enrich website, industry, niche, customer type, revenue model, recurrence, criticality, fragmentation, and acquisition context from approved primary sources.",High,source_complete_unfiltered
Search Fund Partners,https://www.searchfunds.net/portfolio,Concierge Plus,,Unknown from approved source,Portfolio,Unknown from approved source,Unknown from approved source,Unknown from approved source,Unknown from approved source; requires enrichment,Unknown from approved source; requires enrichment,Unknown from approved source; requires enrichment,Listed on Kay-approved source page (Portfolio; item type: operating company).,Preserve for pattern recognition; fit not yet assessed.,"Enrich website, industry, niche, customer type, revenue model, recurrence, criticality, fragmentation, and acquisition context from approved primary sources.",High,source_complete_unfiltered
Search Fund Partners,https://www.searchfunds.net/portfolio,Consumer Affairs,,Unknown from approved source,Portfolio,Unknown from approved source,Unknown from approved source,Unknown from approved source,Unknown from approved source; requires enrichment,Unknown from approved source; requires enrichment,Unknown from approved source; requires enrichment,Listed on Kay-approved source page (Portfolio; item type: operating company).,Preserve for pattern recognition; fit not yet assessed.,"Enrich website, industry, niche, customer type, revenue model, recurrence, criticality, fragmentation, and acquisition context from approved primary sources.",High,source_complete_unfiltered
Search Fund Partners,https://www.searchfunds.net/portfolio,Cornerstone Business Group,,Unknown from approved source,Portfolio,Unknown from approved source,Unknown from approved source,Unknown from approved source,Unknown from approved source; requires enrichment,Unknown from approved source; requires enrichment,Unknown from approved source; requires enrichment,Listed on Kay-approved source page (Portfolio; item type: operating company).,Preserve for pattern recognition; fit not yet assessed.,"Enrich website, industry, niche, customer type, revenue model, recurrence, criticality, fragmentation, and acquisition context from approved primary sources.",High,source_complete_unfiltered
Search Fund Partners,https://www.searchfunds.net/portfolio,Dr. Snip,,Unknown from approved source,Portfolio,Unknown from approved source,Unknown from approved source,Unknown from approved source,Unknown from approved source; requires enrichment,Unknown from approved source; requires enrichment,Unknown from approved source; requires enrichment,Listed on Kay-approved source page (Portfolio; item type: operating company).,Preserve for pattern recognition; fit not yet assessed.,"Enrich website, industry, niche, customer type, revenue model, recurrence, criticality, fragmentation, and acquisition context from approved primary sources.",High,source_complete_unfiltered
Search Fund Partners,https://www.searchfunds.net/portfolio,DSD Partners,,Unknown from approved source,Portfolio,Unknown from approved source,Unknown from approved source,Unknown from approved source,Unknown from approved source; requires enrichment,Unknown from approved source; requires enrichment,Unknown from approved source; requires enrichment,Listed on Kay-approved source page (Portfolio; item type: operating company).,Preserve for pattern recognition; fit not yet assessed.,"Enrich website, industry, niche, customer type, revenue model, recurrence, criticality, fragmentation, and acquisition context from approved primary sources.",High,source_complete_unfiltered
Search Fund Partners,https://www.searchfunds.net/portfolio,ePac,,Unknown from approved source,Portfolio,Unknown from approved source,Unknown from approved source,Unknown from approved source,Unknown from approved source; requires enrichment,Unknown from approved source; requires enrichment,Unknown from approved source; requires enrichment,Listed on Kay-approved source page (Portfolio; item type: operating company).,Preserve for pattern recognition; fit not yet assessed.,"Enrich website, industry, niche, customer type, revenue model, recurrence, criticality, fragmentation, and acquisition context from approved primary sources.",High,source_complete_unfiltered
Search Fund Partners,https://www.searchfunds.net/portfolio,Fairwinds,,Unknown from approved source,Portfolio,Unknown from approved source,Unknown from approved source,Unknown from approved source,Unknown from approved source; requires enrichment,Unknown from approved source; requires enrichment,Unknown from approved source; requires enrichment,Listed on Kay-approved source page (Portfolio; item type: operating company).,Preserve for pattern recognition; fit not yet assessed.,"Enrich website, industry, niche, customer type, revenue model, recurrence, criticality, fragmentation, and acquisition context from approved primary sources.",High,source_complete_unfiltered
Search Fund Partners,https://www.searchfunds.net/portfolio,FIMC,,Unknown from approved source,Portfolio,Unknown from approved source,Unknown from approved source,Unknown from approved source,Unknown from approved source; requires enrichment,Unknown from approved source; requires enrichment,Unknown from approved source; requires enrichment,Listed on Kay-approved source page (Portfolio; item type: operating company).,Preserve for pattern recognition; fit not yet assessed.,"Enrich website, industry, niche, customer type, revenue model, recurrence, criticality, fragmentation, and acquisition context from approved primary sources.",High,source_complete_unfiltered
Search Fund Partners,https://www.searchfunds.net/portfolio,Fraxion,,Unknown from approved source,Portfolio,Unknown from approved source,Unknown from approved source,Unknown from approved source,Unknown from approved source; requires enrichment,Unknown from approved source; requires enrichment,Unknown from approved source; requires enrichment,Listed on Kay-approved source page (Portfolio; item type: operating company).,Preserve for pattern recognition; fit not yet assessed.,"Enrich website, industry, niche, customer type, revenue model, recurrence, criticality, fragmentation, and acquisition context from approved primary sources.",High,source_complete_unfiltered
Search Fund Partners,https://www.searchfunds.net/portfolio,GlobalCFO,,Unknown from approved source,Portfolio,Unknown from approved source,Unknown from approved source,Unknown from approved source,Unknown from approved source; requires enrichment,Unknown from approved source; requires enrichment,Unknown from approved source; requires enrichment,Listed on Kay-approved source page (Portfolio; item type: operating company).,Preserve for pattern recognition; fit not yet assessed.,"Enrich website, industry, niche, customer type, revenue model, recurrence, criticality, fragmentation, and acquisition context from approved primary sources.",High,source_complete_unfiltered
Search Fund Partners,https://www.searchfunds.net/portfolio,GLP Canada Ltd.,,Unknown from approved source,Portfolio,Unknown from approved source,Unknown from approved source,Unknown from approved source,Unknown from approved source; requires enrichment,Unknown from approved source; requires enrichment,Unknown from approved source; requires enrichment,Listed on Kay-approved source page (Portfolio; item type: operating company).,Preserve for pattern recognition; fit not yet assessed.,"Enrich website, industry, niche, customer type, revenue model, recurrence, criticality, fragmentation, and acquisition context from approved primary sources.",High,source_complete_unfiltered
Search Fund Partners,https://www.searchfunds.net/portfolio,GogoTech,,Unknown from approved source,Portfolio,Unknown from approved source,Unknown from approved source,Unknown from approved source,Unknown from approved source; requires enrichment,Unknown from approved source; requires enrichment,Unknown from approved source; requires enrichment,Listed on Kay-approved source page (Portfolio; item type: operating company).,Preserve for pattern recognition; fit not yet assessed.,"Enrich website, industry, niche, customer type, revenue model, recurrence, criticality, fragmentation, and acquisition context from approved primary sources.",High,source_complete_unfiltered
Search Fund Partners,https://www.searchfunds.net/portfolio,Harley Street Medical,,Unknown from approved source,Portfolio,Unknown from approved source,Unknown from approved source,Unknown from approved source,Unknown from approved source; requires enrichment,Unknown from approved source; requires enrichment,Unknown from approved source; requires enrichment,Listed on Kay-approved source page (Portfolio; item type: operating company).,Preserve for pattern recognition; fit not yet assessed.,"Enrich website, industry, niche, customer type, revenue model, recurrence, criticality, fragmentation, and acquisition context from approved primary sources.",High,source_complete_unfiltered
Search Fund Partners,https://www.searchfunds.net/portfolio,Hathorn Corporation,,Unknown from approved source,Portfolio,Unknown from approved source,Unknown from approved source,Unknown from approved source,Unknown from approved source; requires enrichment,Unknown from approved source; requires enrichment,Unknown from approved source; requires enrichment,Listed on Kay-approved source page (Portfolio; item type: operating company).,Preserve for pattern recognition; fit not yet assessed.,"Enrich website, industry, niche, customer type, revenue model, recurrence, criticality, fragmentation, and acquisition context from approved primary sources.",High,source_complete_unfiltered
Search Fund Partners,https://www.searchfunds.net/portfolio,Image Manufacturing Group,,Unknown from approved source,Portfolio,Unknown from approved source,Unknown from approved source,Unknown from approved source,Unknown from approved source; requires enrichment,Unknown from approved source; requires enrichment,Unknown from approved source; requires enrichment,Listed on Kay-approved source page (Portfolio; item type: operating company).,Preserve for pattern recognition; fit not yet assessed.,"Enrich website, industry, niche, customer type, revenue model, recurrence, criticality, fragmentation, and acquisition context from approved primary sources.",High,source_complete_unfiltered
Search Fund Partners,https://www.searchfunds.net/portfolio,In Charge,,Unknown from approved source,Portfolio,Unknown from approved source,Unknown from approved source,Unknown from approved source,Unknown from approved source; requires enrichment,Unknown from approved source; requires enrichment,Unknown from approved source; requires enrichment,Listed on Kay-approved source page (Portfolio; item type: operating company).,Preserve for pattern recognition; fit not yet assessed.,"Enrich website, industry, niche, customer type, revenue model, recurrence, criticality, fragmentation, and acquisition context from approved primary sources.",High,source_complete_unfiltered
Search Fund Partners,https://www.searchfunds.net/portfolio,ISI Telemanagement Solutions,,Unknown from approved source,Portfolio,Unknown from approved source,Unknown from approved source,Unknown from approved source,Unknown from approved source; requires enrichment,Unknown from approved source; requires enrichment,Unknown from approved source; requires enrichment,Listed on Kay-approved source page (Portfolio; item type: operating company).,Preserve for pattern recognition; fit not yet assessed.,"Enrich website, industry, niche, customer type, revenue model, recurrence, criticality, fragmentation, and acquisition context from approved primary sources.",High,source_complete_unfiltered
Search Fund Partners,https://www.searchfunds.net/portfolio,ISPN,,Unknown from approved source,Portfolio,Unknown from approved source,Unknown from approved source,Unknown from approved source,Unknown from approved source; requires enrichment,Unknown from approved source; requires enrichment,Unknown from approved source; requires enrichment,Listed on Kay-approved source page (Portfolio; item type: operating company).,Preserve for pattern recognition; fit not yet assessed.,"Enrich website, industry, niche, customer type, revenue model, recurrence, criticality, fragmentation, and acquisition context from approved primary sources.",High,source_complete_unfiltered
Search Fund Partners,https://www.searchfunds.net/portfolio,Kotter Group,,Unknown from approved source,Portfolio,Unknown from approved source,Unknown from approved source,Unknown from approved source,Unknown from approved source; requires enrichment,Unknown from approved source; requires enrichment,Unknown from approved source; requires enrichment,Listed on Kay-approved source page (Portfolio; item type: operating company).,Preserve for pattern recognition; fit not yet assessed.,"Enrich website, industry, niche, customer type, revenue model, recurrence, criticality, fragmentation, and acquisition context from approved primary sources.",High,source_complete_unfiltered
Search Fund Partners,https://www.searchfunds.net/portfolio,Lion Industrial,,Unknown from approved source,Portfolio,Unknown from approved source,Unknown from approved source,Unknown from approved source,Unknown from approved source; requires enrichment,Unknown from approved source; requires enrichment,Unknown from approved source; requires enrichment,Listed on Kay-approved source page (Portfolio; item type: operating company).,Preserve for pattern recognition; fit not yet assessed.,"Enrich website, industry, niche, customer type, revenue model, recurrence, criticality, fragmentation, and acquisition context from approved primary sources.",High,source_complete_unfiltered
Search Fund Partners,https://www.searchfunds.net/portfolio,maxRTE,,Unknown from approved source,Portfolio,Unknown from approved source,Unknown from approved source,Unknown from approved source,Unknown from approved source; requires enrichment,Unknown from approved source; requires enrichment,Unknown from approved source; requires enrichment,Listed on Kay-approved source page (Portfolio; item type: operating company).,Preserve for pattern recognition; fit not yet assessed.,"Enrich website, industry, niche, customer type, revenue model, recurrence, criticality, fragmentation, and acquisition context from approved primary sources.",High,source_complete_unfiltered
Search Fund Partners,https://www.searchfunds.net/portfolio,MD Clarity,,Unknown from approved source,Portfolio,Unknown from approved source,Unknown from approved source,Unknown from approved source,Unknown from approved source; requires enrichment,Unknown from approved source; requires enrichment,Unknown from approved source; requires enrichment,Listed on Kay-approved source page (Portfolio; item type: operating company).,Preserve for pattern recognition; fit not yet assessed.,"Enrich website, industry, niche, customer type, revenue model, recurrence, criticality, fragmentation, and acquisition context from approved primary sources.",High,source_complete_unfiltered
Search Fund Partners,https://www.searchfunds.net/portfolio,Meridian Title Corporation,,Unknown from approved source,Portfolio,Unknown from approved source,Unknown from approved source,Unknown from approved source,Unknown from approved source; requires enrichment,Unknown from approved source; requires enrichment,Unknown from approved source; requires enrichment,Listed on Kay-approved source page (Portfolio; item type: operating company).,Preserve for pattern recognition; fit not yet assessed.,"Enrich website, industry, niche, customer type, revenue model, recurrence, criticality, fragmentation, and acquisition context from approved primary sources.",High,source_complete_unfiltered
Search Fund Partners,https://www.searchfunds.net/portfolio,Meternet,,Unknown from approved source,Portfolio,Unknown from approved source,Unknown from approved source,Unknown from approved source,Unknown from approved source; requires enrichment,Unknown from approved source; requires enrichment,Unknown from approved source; requires enrichment,Listed on Kay-approved source page (Portfolio; item type: operating company).,Preserve for pattern recognition; fit not yet assessed.,"Enrich website, industry, niche, customer type, revenue model, recurrence, criticality, fragmentation, and acquisition context from approved primary sources.",High,source_complete_unfiltered
Search Fund Partners,https://www.searchfunds.net/portfolio,Montis Financial,,Unknown from approved source,Portfolio,Unknown from approved source,Unknown from approved source,Unknown from approved source,Unknown from approved source; requires enrichment,Unknown from approved source; requires enrichment,Unknown from approved source; requires enrichment,Listed on Kay-approved source page (Portfolio; item type: operating company).,Preserve for pattern recognition; fit not yet assessed.,"Enrich website, industry, niche, customer type, revenue model, recurrence, criticality, fragmentation, and acquisition context from approved primary sources.",High,source_complete_unfiltered
Search Fund Partners,https://www.searchfunds.net/portfolio,Nutrishare,,Unknown from approved source,Portfolio,Unknown from approved source,Unknown from approved source,Unknown from approved source,Unknown from approved source; requires enrichment,Unknown from approved source; requires enrichment,Unknown from approved source; requires enrichment,Listed on Kay-approved source page (Portfolio; item type: operating company).,Preserve for pattern recognition; fit not yet assessed.,"Enrich website, industry, niche, customer type, revenue model, recurrence, criticality, fragmentation, and acquisition context from approved primary sources.",High,source_complete_unfiltered
Search Fund Partners,https://www.searchfunds.net/portfolio,One Source,,Unknown from approved source,Portfolio,Unknown from approved source,Unknown from approved source,Unknown from approved source,Unknown from approved source; requires enrichment,Unknown from approved source; requires enrichment,Unknown from approved source; requires enrichment,Listed on Kay-approved source page (Portfolio; item type: operating company).,Preserve for pattern recognition; fit not yet assessed.,"Enrich website, industry, niche, customer type, revenue model, recurrence, criticality, fragmentation, and acquisition context from approved primary sources.",High,source_complete_unfiltered
Search Fund Partners,https://www.searchfunds.net/portfolio,Page Vault,,Unknown from approved source,Portfolio,Unknown from approved source,Unknown from approved source,Unknown from approved source,Unknown from approved source; requires enrichment,Unknown from approved source; requires enrichment,Unknown from approved source; requires enrichment,Listed on Kay-approved source page (Portfolio; item type: operating company).,Preserve for pattern recognition; fit not yet assessed.,"Enrich website, industry, niche, customer type, revenue model, recurrence, criticality, fragmentation, and acquisition context from approved primary sources.",High,source_complete_unfiltered
Search Fund Partners,https://www.searchfunds.net/portfolio,Paragon Legal,,Unknown from approved source,Portfolio,Unknown from approved source,Unknown from approved source,Unknown from approved source,Unknown from approved source; requires enrichment,Unknown from approved source; requires enrichment,Unknown from approved source; requires enrichment,Listed on Kay-approved source page (Portfolio; item type: operating company).,Preserve for pattern recognition; fit not yet assessed.,"Enrich website, industry, niche, customer type, revenue model, recurrence, criticality, fragmentation, and acquisition context from approved primary sources.",High,source_complete_unfiltered
Search Fund Partners,https://www.searchfunds.net/portfolio,Pharmacy Specialists,,Unknown from approved source,Portfolio,Unknown from approved source,Unknown from approved source,Unknown from approved source,Unknown from approved source; requires enrichment,Unknown from approved source; requires enrichment,Unknown from approved source; requires enrichment,Listed on Kay-approved source page (Portfolio; item type: operating company).,Preserve for pattern recognition; fit not yet assessed.,"Enrich website, industry, niche, customer type, revenue model, recurrence, criticality, fragmentation, and acquisition context from approved primary sources.",High,source_complete_unfiltered
Search Fund Partners,https://www.searchfunds.net/portfolio,Prelude Dynamics,,Unknown from approved source,Portfolio,Unknown from approved source,Unknown from approved source,Unknown from approved source,Unknown from approved source; requires enrichment,Unknown from approved source; requires enrichment,Unknown from approved source; requires enrichment,Listed on Kay-approved source page (Portfolio; item type: operating company).,Preserve for pattern recognition; fit not yet assessed.,"Enrich website, industry, niche, customer type, revenue model, recurrence, criticality, fragmentation, and acquisition context from approved primary sources.",High,source_complete_unfiltered
Search Fund Partners,https://www.searchfunds.net/portfolio,Quality Coding Software Solutions,,Unknown from approved source,Portfolio,Unknown from approved source,Unknown from approved source,Unknown from approved source,Unknown from approved source; requires enrichment,Unknown from approved source; requires enrichment,Unknown from approved source; requires enrichment,Listed on Kay-approved source page (Portfolio; item type: operating company).,Preserve for pattern recognition; fit not yet assessed.,"Enrich website, industry, niche, customer type, revenue model, recurrence, criticality, fragmentation, and acquisition context from approved primary sources.",High,source_complete_unfiltered
Search Fund Partners,https://www.searchfunds.net/portfolio,RDI Trials,,Unknown from approved source,Portfolio,Unknown from approved source,Unknown from approved source,Unknown from approved source,Unknown from approved source; requires enrichment,Unknown from approved source; requires enrichment,Unknown from approved source; requires enrichment,Listed on Kay-approved source page (Portfolio; item type: operating company).,Preserve for pattern recognition; fit not yet assessed.,"Enrich website, industry, niche, customer type, revenue model, recurrence, criticality, fragmentation, and acquisition context from approved primary sources.",High,source_complete_unfiltered
Search Fund Partners,https://www.searchfunds.net/portfolio,Redline Automotive,,Unknown from approved source,Portfolio,Unknown from approved source,Unknown from approved source,Unknown from approved source,Unknown from approved source; requires enrichment,Unknown from approved source; requires enrichment,Unknown from approved source; requires enrichment,Listed on Kay-approved source page (Portfolio; item type: operating company).,Preserve for pattern recognition; fit not yet assessed.,"Enrich website, industry, niche, customer type, revenue model, recurrence, criticality, fragmentation, and acquisition context from approved primary sources.",High,source_complete_unfiltered
Search Fund Partners,https://www.searchfunds.net/portfolio,RescueStat,,Unknown from approved source,Portfolio,Unknown from approved source,Unknown from approved source,Unknown from approved source,Unknown from approved source; requires enrichment,Unknown from approved source; requires enrichment,Unknown from approved source; requires enrichment,Listed on Kay-approved source page (Portfolio; item type: operating company).,Preserve for pattern recognition; fit not yet assessed.,"Enrich website, industry, niche, customer type, revenue model, recurrence, criticality, fragmentation, and acquisition context from approved primary sources.",High,source_complete_unfiltered
Search Fund Partners,https://www.searchfunds.net/portfolio,SafeLogic,,Unknown from approved source,Portfolio,Unknown from approved source,Unknown from approved source,Unknown from approved source,Unknown from approved source; requires enrichment,Unknown from approved source; requires enrichment,Unknown from approved source; requires enrichment,Listed on Kay-approved source page (Portfolio; item type: operating company).,Preserve for pattern recognition; fit not yet assessed.,"Enrich website, industry, niche, customer type, revenue model, recurrence, criticality, fragmentation, and acquisition context from approved primary sources.",High,source_complete_unfiltered
Search Fund Partners,https://www.searchfunds.net/portfolio,School Family Media,,Unknown from approved source,Portfolio,Unknown from approved source,Unknown from approved source,Unknown from approved source,Unknown from approved source; requires enrichment,Unknown from approved source; requires enrichment,Unknown from approved source; requires enrichment,Listed on Kay-approved source page (Portfolio; item type: operating company).,Preserve for pattern recognition; fit not yet assessed.,"Enrich website, industry, niche, customer type, revenue model, recurrence, criticality, fragmentation, and acquisition context from approved primary sources.",High,source_complete_unfiltered
Search Fund Partners,https://www.searchfunds.net/portfolio,Scott Le Roy Marketing,,Unknown from approved source,Portfolio,Unknown from approved source,Unknown from approved source,Unknown from approved source,Unknown from approved source; requires enrichment,Unknown from approved source; requires enrichment,Unknown from approved source; requires enrichment,Listed on Kay-approved source page (Portfolio; item type: operating company).,Preserve for pattern recognition; fit not yet assessed.,"Enrich website, industry, niche, customer type, revenue model, recurrence, criticality, fragmentation, and acquisition context from approved primary sources.",High,source_complete_unfiltered
Search Fund Partners,https://www.searchfunds.net/portfolio,Scribendi,,Unknown from approved source,Portfolio,Unknown from approved source,Unknown from approved source,Unknown from approved source,Unknown from approved source; requires enrichment,Unknown from approved source; requires enrichment,Unknown from approved source; requires enrichment,Listed on Kay-approved source page (Portfolio; item type: operating company).,Preserve for pattern recognition; fit not yet assessed.,"Enrich website, industry, niche, customer type, revenue model, recurrence, criticality, fragmentation, and acquisition context from approved primary sources.",High,source_complete_unfiltered
Search Fund Partners,https://www.searchfunds.net/portfolio,Shandy Clinic,,Unknown from approved source,Portfolio,Unknown from approved source,Unknown from approved source,Unknown from approved source,Unknown from approved source; requires enrichment,Unknown from approved source; requires enrichment,Unknown from approved source; requires enrichment,Listed on Kay-approved source page (Portfolio; item type: operating company).,Preserve for pattern recognition; fit not yet assessed.,"Enrich website, industry, niche, customer type, revenue model, recurrence, criticality, fragmentation, and acquisition context from approved primary sources.",High,source_complete_unfiltered
Search Fund Partners,https://www.searchfunds.net/portfolio,Softrip,,Unknown from approved source,Portfolio,Unknown from approved source,Unknown from approved source,Unknown from approved source,Unknown from approved source; requires enrichment,Unknown from approved source; requires enrichment,Unknown from approved source; requires enrichment,Listed on Kay-approved source page (Portfolio; item type: operating company).,Preserve for pattern recognition; fit not yet assessed.,"Enrich website, industry, niche, customer type, revenue model, recurrence, criticality, fragmentation, and acquisition context from approved primary sources.",High,source_complete_unfiltered
Search Fund Partners,https://www.searchfunds.net/portfolio,Spanish Schoolhouse,,Unknown from approved source,Portfolio,Unknown from approved source,Unknown from approved source,Unknown from approved source,Unknown from approved source; requires enrichment,Unknown from approved source; requires enrichment,Unknown from approved source; requires enrichment,Listed on Kay-approved source page (Portfolio; item type: operating company).,Preserve for pattern recognition; fit not yet assessed.,"Enrich website, industry, niche, customer type, revenue model, recurrence, criticality, fragmentation, and acquisition context from approved primary sources.",High,source_complete_unfiltered
Search Fund Partners,https://www.searchfunds.net/portfolio,Stat Analysis,,Unknown from approved source,Portfolio,Unknown from approved source,Unknown from approved source,Unknown from approved source,Unknown from approved source; requires enrichment,Unknown from approved source; requires enrichment,Unknown from approved source; requires enrichment,Listed on Kay-approved source page (Portfolio; item type: operating company).,Preserve for pattern recognition; fit not yet assessed.,"Enrich website, industry, niche, customer type, revenue model, recurrence, criticality, fragmentation, and acquisition context from approved primary sources.",High,source_complete_unfiltered
Search Fund Partners,https://www.searchfunds.net/portfolio,Subatomic Digital,,Unknown from approved source,Portfolio,Unknown from approved source,Unknown from approved source,Unknown from approved source,Unknown from approved source; requires enrichment,Unknown from approved source; requires enrichment,Unknown from approved source; requires enrichment,Listed on Kay-approved source page (Portfolio; item type: operating company).,Preserve for pattern recognition; fit not yet assessed.,"Enrich website, industry, niche, customer type, revenue model, recurrence, criticality, fragmentation, and acquisition context from approved primary sources.",High,source_complete_unfiltered
Search Fund Partners,https://www.searchfunds.net/portfolio,Sunscape Landscaping,,Unknown from approved source,Portfolio,Unknown from approved source,Unknown from approved source,Unknown from approved source,Unknown from approved source; requires enrichment,Unknown from approved source; requires enrichment,Unknown from approved source; requires enrichment,Listed on Kay-approved source page (Portfolio; item type: operating company).,Preserve for pattern recognition; fit not yet assessed.,"Enrich website, industry, niche, customer type, revenue model, recurrence, criticality, fragmentation, and acquisition context from approved primary sources.",High,source_complete_unfiltered
Search Fund Partners,https://www.searchfunds.net/portfolio,The Change Companies,,Unknown from approved source,Portfolio,Unknown from approved source,Unknown from approved source,Unknown from approved source,Unknown from approved source; requires enrichment,Unknown from approved source; requires enrichment,Unknown from approved source; requires enrichment,Listed on Kay-approved source page (Portfolio; item type: operating company).,Preserve for pattern recognition; fit not yet assessed.,"Enrich website, industry, niche, customer type, revenue model, recurrence, criticality, fragmentation, and acquisition context from approved primary sources.",High,source_complete_unfiltered
Search Fund Partners,https://www.searchfunds.net/portfolio,Travelmax,,Unknown from approved source,Portfolio,Unknown from approved source,Unknown from approved source,Unknown from approved source,Unknown from approved source; requires enrichment,Unknown from approved source; requires enrichment,Unknown from approved source; requires enrichment,Listed on Kay-approved source page (Portfolio; item type: operating company).,Preserve for pattern recognition; fit not yet assessed.,"Enrich website, industry, niche, customer type, revenue model, recurrence, criticality, fragmentation, and acquisition context from approved primary sources.",High,source_complete_unfiltered
Search Fund Partners,https://www.searchfunds.net/portfolio,Unleashed Technologies,,Unknown from approved source,Portfolio,Unknown from approved source,Unknown from approved source,Unknown from approved source,Unknown from approved source; requires enrichment,Unknown from approved source; requires enrichment,Unknown from approved source; requires enrichment,Listed on Kay-approved source page (Portfolio; item type: operating company).,Preserve for pattern recognition; fit not yet assessed.,"Enrich website, industry, niche, customer type, revenue model, recurrence, criticality, fragmentation, and acquisition context from approved primary sources.",High,source_complete_unfiltered
Search Fund Partners,https://www.searchfunds.net/portfolio,Wolin Design Group,,Unknown from approved source,Portfolio,Unknown from approved source,Unknown from approved source,Unknown from approved source,Unknown from approved source; requires enrichment,Unknown from approved source; requires enrichment,Unknown from approved source; requires enrichment,Listed on Kay-approved source page (Portfolio; item type: operating company).,Preserve for pattern recognition; fit not yet assessed.,"Enrich website, industry, niche, customer type, revenue model, recurrence, criticality, fragmentation, and acquisition context from approved primary sources.",High,source_complete_unfiltered
Search Fund Partners,https://www.searchfunds.net/portfolio,Xiltrix,,Unknown from approved source,Portfolio,Unknown from approved source,Unknown from approved source,Unknown from approved source,Unknown from approved source; requires enrichment,Unknown from approved source; requires enrichment,Unknown from approved source; requires enrichment,Listed on Kay-approved source page (Portfolio; item type: operating company).,Preserve for pattern recognition; fit not yet assessed.,"Enrich website, industry, niche, customer type, revenue model, recurrence, criticality, fragmentation, and acquisition context from approved primary sources.",High,source_complete_unfiltered
Search Fund Partners,https://www.searchfunds.net/portfolio,Castle Tire Recycling,,Unknown from approved source,Portfolio,Unknown from approved source,Unknown from approved source,Unknown from approved source,Unknown from approved source; requires enrichment,Unknown from approved source; requires enrichment,Unknown from approved source; requires enrichment,Listed on Kay-approved source page (Portfolio; item type: operating company).,Preserve for pattern recognition; fit not yet assessed.,"Enrich website, industry, niche, customer type, revenue model, recurrence, criticality, fragmentation, and acquisition context from approved primary sources.",High,source_complete_unfiltered
Search Fund Partners,https://www.searchfunds.net/portfolio,Craftsman Cutting Dies,,Unknown from approved source,Portfolio,Unknown from approved source,Unknown from approved source,Unknown from approved source,Unknown from approved source; requires enrichment,Unknown from approved source; requires enrichment,Unknown from approved source; requires enrichment,Listed on Kay-approved source page (Portfolio; item type: operating company).,Preserve for pattern recognition; fit not yet assessed.,"Enrich website, industry, niche, customer type, revenue model, recurrence, criticality, fragmentation, and acquisition context from approved primary sources.",High,source_complete_unfiltered
Search Fund Partners,https://www.searchfunds.net/portfolio,Detroit Dental Specialists,,Unknown from approved source,Portfolio,Unknown from approved source,Unknown from approved source,Unknown from approved source,Unknown from approved source; requires enrichment,Unknown from approved source; requires enrichment,Unknown from approved source; requires enrichment,Listed on Kay-approved source page (Portfolio; item type: operating company).,Preserve for pattern recognition; fit not yet assessed.,"Enrich website, industry, niche, customer type, revenue model, recurrence, criticality, fragmentation, and acquisition context from approved primary sources.",High,source_complete_unfiltered
Search Fund Partners,https://www.searchfunds.net/portfolio,eCards,,Unknown from approved source,Portfolio,Unknown from approved source,Unknown from approved source,Unknown from approved source,Unknown from approved source; requires enrichment,Unknown from approved source; requires enrichment,Unknown from approved source; requires enrichment,Listed on Kay-approved source page (Portfolio; item type: operating company).,Preserve for pattern recognition; fit not yet assessed.,"Enrich website, industry, niche, customer type, revenue model, recurrence, criticality, fragmentation, and acquisition context from approved primary sources.",High,source_complete_unfiltered
Search Fund Partners,https://www.searchfunds.net/portfolio,Inspired eLearning,,Unknown from approved source,Portfolio,Unknown from approved source,Unknown from approved source,Unknown from approved source,Unknown from approved source; requires enrichment,Unknown from approved source; requires enrichment,Unknown from approved source; requires enrichment,Listed on Kay-approved source page (Portfolio; item type: operating company).,Preserve for pattern recognition; fit not yet assessed.,"Enrich website, industry, niche, customer type, revenue model, recurrence, criticality, fragmentation, and acquisition context from approved primary sources.",High,source_complete_unfiltered
Search Fund Partners,https://www.searchfunds.net/portfolio,Kantola Training Solutions,,Unknown from approved source,Portfolio,Unknown from approved source,Unknown from approved source,Unknown from approved source,Unknown from approved source; requires enrichment,Unknown from approved source; requires enrichment,Unknown from approved source; requires enrichment,Listed on Kay-approved source page (Portfolio; item type: operating company).,Preserve for pattern recognition; fit not yet assessed.,"Enrich website, industry, niche, customer type, revenue model, recurrence, criticality, fragmentation, and acquisition context from approved primary sources.",High,source_complete_unfiltered
Search Fund Partners,https://www.searchfunds.net/portfolio,Kivuto,,Unknown from approved source,Portfolio,Unknown from approved source,Unknown from approved source,Unknown from approved source,Unknown from approved source; requires enrichment,Unknown from approved source; requires enrichment,Unknown from approved source; requires enrichment,Listed on Kay-approved source page (Portfolio; item type: operating company).,Preserve for pattern recognition; fit not yet assessed.,"Enrich website, industry, niche, customer type, revenue model, recurrence, criticality, fragmentation, and acquisition context from approved primary sources.",High,source_complete_unfiltered
Search Fund Partners,https://www.searchfunds.net/portfolio,OneShield,,Unknown from approved source,Portfolio,Unknown from approved source,Unknown from approved source,Unknown from approved source,Unknown from approved source; requires enrichment,Unknown from approved source; requires enrichment,Unknown from approved source; requires enrichment,Listed on Kay-approved source page (Portfolio; item type: operating company).,Preserve for pattern recognition; fit not yet assessed.,"Enrich website, industry, niche, customer type, revenue model, recurrence, criticality, fragmentation, and acquisition context from approved primary sources.",High,source_complete_unfiltered
Search Fund Partners,https://www.searchfunds.net/portfolio,Pacific Fertility Centers,,Unknown from approved source,Portfolio,Unknown from approved source,Unknown from approved source,Unknown from approved source,Unknown from approved source; requires enrichment,Unknown from approved source; requires enrichment,Unknown from approved source; requires enrichment,Listed on Kay-approved source page (Portfolio; item type: operating company).,Preserve for pattern recognition; fit not yet assessed.,"Enrich website, industry, niche, customer type, revenue model, recurrence, criticality, fragmentation, and acquisition context from approved primary sources.",High,source_complete_unfiltered
Search Fund Partners,https://www.searchfunds.net/portfolio,Peerless Events and Tents,,Unknown from approved source,Portfolio,Unknown from approved source,Unknown from approved source,Unknown from approved source,Unknown from approved source; requires enrichment,Unknown from approved source; requires enrichment,Unknown from approved source; requires enrichment,Listed on Kay-approved source page (Portfolio; item type: operating company).,Preserve for pattern recognition; fit not yet assessed.,"Enrich website, industry, niche, customer type, revenue model, recurrence, criticality, fragmentation, and acquisition context from approved primary sources.",High,source_complete_unfiltered
Search Fund Partners,https://www.searchfunds.net/portfolio,PrecisionMed,,Unknown from approved source,Portfolio,Unknown from approved source,Unknown from approved source,Unknown from approved source,Unknown from approved source; requires enrichment,Unknown from approved source; requires enrichment,Unknown from approved source; requires enrichment,Listed on Kay-approved source page (Portfolio; item type: operating company).,Preserve for pattern recognition; fit not yet assessed.,"Enrich website, industry, niche, customer type, revenue model, recurrence, criticality, fragmentation, and acquisition context from approved primary sources.",High,source_complete_unfiltered
Search Fund Partners,https://www.searchfunds.net/portfolio,Record Reproduction Services,,Unknown from approved source,Portfolio,Unknown from approved source,Unknown from approved source,Unknown from approved source,Unknown from approved source; requires enrichment,Unknown from approved source; requires enrichment,Unknown from approved source; requires enrichment,Listed on Kay-approved source page (Portfolio; item type: operating company).,Preserve for pattern recognition; fit not yet assessed.,"Enrich website, industry, niche, customer type, revenue model, recurrence, criticality, fragmentation, and acquisition context from approved primary sources.",High,source_complete_unfiltered
Search Fund Partners,https://www.searchfunds.net/portfolio,Scribsoft,,Unknown from approved source,Portfolio,Unknown from approved source,Unknown from approved source,Unknown from approved source,Unknown from approved source; requires enrichment,Unknown from approved source; requires enrichment,Unknown from approved source; requires enrichment,Listed on Kay-approved source page (Portfolio; item type: operating company).,Preserve for pattern recognition; fit not yet assessed.,"Enrich website, industry, niche, customer type, revenue model, recurrence, criticality, fragmentation, and acquisition context from approved primary sources.",High,source_complete_unfiltered
Search Fund Partners,https://www.searchfunds.net/portfolio,Triyam,,Unknown from approved source,Portfolio,Unknown from approved source,Unknown from approved source,Unknown from approved source,Unknown from approved source; requires enrichment,Unknown from approved source; requires enrichment,Unknown from approved source; requires enrichment,Listed on Kay-approved source page (Portfolio; item type: operating company).,Preserve for pattern recognition; fit not yet assessed.,"Enrich website, industry, niche, customer type, revenue model, recurrence, criticality, fragmentation, and acquisition context from approved primary sources.",High,source_complete_unfiltered
Search Fund Partners,https://www.searchfunds.net/portfolio,Advanced Network Solutions,,Unknown from approved source,Portfolio,Unknown from approved source,Unknown from approved source,Unknown from approved source,Unknown from approved source; requires enrichment,Unknown from approved source; requires enrichment,Unknown from approved source; requires enrichment,Listed on Kay-approved source page (Portfolio; item type: operating company).,Preserve for pattern recognition; fit not yet assessed.,"Enrich website, industry, niche, customer type, revenue model, recurrence, criticality, fragmentation, and acquisition context from approved primary sources.",High,source_complete_unfiltered
Search Fund Partners,https://www.searchfunds.net/portfolio,"Answer 1, LLC",,Unknown from approved source,Portfolio,Unknown from approved source,Unknown from approved source,Unknown from approved source,Unknown from approved source; requires enrichment,Unknown from approved source; requires enrichment,Unknown from approved source; requires enrichment,Listed on Kay-approved source page (Portfolio; item type: operating company).,Preserve for pattern recognition; fit not yet assessed.,"Enrich website, industry, niche, customer type, revenue model, recurrence, criticality, fragmentation, and acquisition context from approved primary sources.",High,source_complete_unfiltered
Search Fund Partners,https://www.searchfunds.net/portfolio,Appsian (Grey Heller),,Unknown from approved source,Portfolio,Unknown from approved source,Unknown from approved source,Unknown from approved source,Unknown from approved source; requires enrichment,Unknown from approved source; requires enrichment,Unknown from approved source; requires enrichment,Listed on Kay-approved source page (Portfolio; item type: operating company).,Preserve for pattern recognition; fit not yet assessed.,"Enrich website, industry, niche, customer type, revenue model, recurrence, criticality, fragmentation, and acquisition context from approved primary sources.",High,source_complete_unfiltered
Search Fund Partners,https://www.searchfunds.net/portfolio,Ascentia Home Health Care,,Unknown from approved source,Portfolio,Unknown from approved source,Unknown from approved source,Unknown from approved source,Unknown from approved source; requires enrichment,Unknown from approved source; requires enrichment,Unknown from approved source; requires enrichment,Listed on Kay-approved source page (Portfolio; item type: operating company).,Preserve for pattern recognition; fit not yet assessed.,"Enrich website, industry, niche, customer type, revenue model, recurrence, criticality, fragmentation, and acquisition context from approved primary sources.",High,source_complete_unfiltered
Search Fund Partners,https://www.searchfunds.net/portfolio,Asset Recovery,,Unknown from approved source,Portfolio,Unknown from approved source,Unknown from approved source,Unknown from approved source,Unknown from approved source; requires enrichment,Unknown from approved source; requires enrichment,Unknown from approved source; requires enrichment,Listed on Kay-approved source page (Portfolio; item type: operating company).,Preserve for pattern recognition; fit not yet assessed.,"Enrich website, industry, niche, customer type, revenue model, recurrence, criticality, fragmentation, and acquisition context from approved primary sources.",High,source_complete_unfiltered
Relay Investments,https://www.relayinvestments.com/portfolio,Covalent Growth Partners,,Unknown from approved source,Portfolio,Unknown from approved source,Unknown from approved source,Unknown from approved source,Unknown from approved source; requires enrichment,Unknown from approved source; requires enrichment,Unknown from approved source; requires enrichment,Listed on Kay-approved source page (Portfolio; item type: portfolio entity / search fund or operating company).,Preserve for pattern recognition; fit not yet assessed.,"Enrich website, industry, niche, customer type, revenue model, recurrence, criticality, fragmentation, and acquisition context from approved primary sources.",High,source_complete_unfiltered
Relay Investments,https://www.relayinvestments.com/portfolio,Alka Oaks Partners,,Unknown from approved source,Portfolio,Unknown from approved source,Unknown from approved source,Unknown from approved source,Unknown from approved source; requires enrichment,Unknown from approved source; requires enrichment,Unknown from approved source; requires enrichment,Listed on Kay-approved source page (Portfolio; item type: portfolio entity / search fund or operating company).,Preserve for pattern recognition; fit not yet assessed.,"Enrich website, industry, niche, customer type, revenue model, recurrence, criticality, fragmentation, and acquisition context from approved primary sources.",High,source_complete_unfiltered
Relay Investments,https://www.relayinvestments.com/portfolio,Nico's Search Partners,,Unknown from approved source,Portfolio,Unknown from approved source,Unknown from approved source,Unknown from approved source,Unknown from approved source; requires enrichment,Unknown from approved source; requires enrichment,Unknown from approved source; requires enrichment,Listed on Kay-approved source page (Portfolio; item type: portfolio entity / search fund or operating company).,Preserve for pattern recognition; fit not yet assessed.,"Enrich website, industry, niche, customer type, revenue model, recurrence, criticality, fragmentation, and acquisition context from approved primary sources.",High,source_complete_unfiltered
Relay Investments,https://www.relayinvestments.com/portfolio,Beacon Education Group,,Unknown from approved source,Portfolio,Unknown from approved source,Unknown from approved source,Unknown from approved source,Unknown from approved source; requires enrichment,Unknown from approved source; requires enrichment,Unknown from approved source; requires enrichment,Listed on Kay-approved source page (Portfolio; item type: portfolio entity / search fund or operating company).,Preserve for pattern recognition; fit not yet assessed.,"Enrich website, industry, niche, customer type, revenue model, recurrence, criticality, fragmentation, and acquisition context from approved primary sources.",High,source_complete_unfiltered
Relay Investments,https://www.relayinvestments.com/portfolio,Sakai Capital,,Unknown from approved source,Portfolio,Unknown from approved source,Unknown from approved source,Unknown from approved source,Unknown from approved source; requires enrichment,Unknown from approved source; requires enrichment,Unknown from approved source; requires enrichment,Listed on Kay-approved source page (Portfolio; item type: portfolio entity / search fund or operating company).,Preserve for pattern recognition; fit not yet assessed.,"Enrich website, industry, niche, customer type, revenue model, recurrence, criticality, fragmentation, and acquisition context from approved primary sources.",High,source_complete_unfiltered
Relay Investments,https://www.relayinvestments.com/portfolio,Catamaran Equity Partners,,Unknown from approved source,Portfolio,Unknown from approved source,Unknown from approved source,Unknown from approved source,Unknown from approved source; requires enrichment,Unknown from approved source; requires enrichment,Unknown from approved source; requires enrichment,Listed on Kay-approved source page (Portfolio; item type: portfolio entity / search fund or operating company).,Preserve for pattern recognition; fit not yet assessed.,"Enrich website, industry, niche, customer type, revenue model, recurrence, criticality, fragmentation, and acquisition context from approved primary sources.",High,source_complete_unfiltered
Relay Investments,https://www.relayinvestments.com/portfolio,Highland Legacy Capital,,Unknown from approved source,Portfolio,Unknown from approved source,Unknown from approved source,Unknown from approved source,Unknown from approved source; requires enrichment,Unknown from approved source; requires enrichment,Unknown from approved source; requires enrichment,Listed on Kay-approved source page (Portfolio; item type: portfolio entity / search fund or operating company).,Preserve for pattern recognition; fit not yet assessed.,"Enrich website, industry, niche, customer type, revenue model, recurrence, criticality, fragmentation, and acquisition context from approved primary sources.",High,source_complete_unfiltered
Relay Investments,https://www.relayinvestments.com/portfolio,Astoria Growth Partners,,Unknown from approved source,Portfolio,Unknown from approved source,Unknown from approved source,Unknown from approved source,Unknown from approved source; requires enrichment,Unknown from approved source; requires enrichment,Unknown from approved source; requires enrichment,Listed on Kay-approved source page (Portfolio; item type: portfolio entity / search fund or operating company).,Preserve for pattern recognition; fit not yet assessed.,"Enrich website, industry, niche, customer type, revenue model, recurrence, criticality, fragmentation, and acquisition context from approved primary sources.",High,source_complete_unfiltered
Relay Investments,https://www.relayinvestments.com/portfolio,Granville Peak,,Unknown from approved source,Portfolio,Unknown from approved source,Unknown from approved source,Unknown from approved source,Unknown from approved source; requires enrichment,Unknown from approved source; requires enrichment,Unknown from approved source; requires enrichment,Listed on Kay-approved source page (Portfolio; item type: portfolio entity / search fund or operating company).,Preserve for pattern recognition; fit not yet assessed.,"Enrich website, industry, niche, customer type, revenue model, recurrence, criticality, fragmentation, and acquisition context from approved primary sources.",High,source_complete_unfiltered
Relay Investments,https://www.relayinvestments.com/portfolio,Amana Succession Partners,,Unknown from approved source,Portfolio,Unknown from approved source,Unknown from approved source,Unknown from approved source,Unknown from approved source; requires enrichment,Unknown from approved source; requires enrichment,Unknown from approved source; requires enrichment,Listed on Kay-approved source page (Portfolio; item type: portfolio entity / search fund or operating company).,Preserve for pattern recognition; fit not yet assessed.,"Enrich website, industry, niche, customer type, revenue model, recurrence, criticality, fragmentation, and acquisition context from approved primary sources.",High,source_complete_unfiltered
Relay Investments,https://www.relayinvestments.com/portfolio,Trident Equity Group,,Unknown from approved source,Portfolio,Unknown from approved source,Unknown from approved source,Unknown from approved source,Unknown from approved source; requires enrichment,Unknown from approved source; requires enrichment,Unknown from approved source; requires enrichment,Listed on Kay-approved source page (Portfolio; item type: portfolio entity / search fund or operating company).,Preserve for pattern recognition; fit not yet assessed.,"Enrich website, industry, niche, customer type, revenue model, recurrence, criticality, fragmentation, and acquisition context from approved primary sources.",High,source_complete_unfiltered
Relay Investments,https://www.relayinvestments.com/portfolio,Arcas Capital,,Unknown from approved source,Portfolio,Unknown from approved source,Unknown from approved source,Unknown from approved source,Unknown from approved source; requires enrichment,Unknown from approved source; requires enrichment,Unknown from approved source; requires enrichment,Listed on Kay-approved source page (Portfolio; item type: portfolio entity / search fund or operating company).,Preserve for pattern recognition; fit not yet assessed.,"Enrich website, industry, niche, customer type, revenue model, recurrence, criticality, fragmentation, and acquisition context from approved primary sources.",High,source_complete_unfiltered
Relay Investments,https://www.relayinvestments.com/portfolio,Ascenda Capital Partners,,Unknown from approved source,Portfolio,Unknown from approved source,Unknown from approved source,Unknown from approved source,Unknown from approved source; requires enrichment,Unknown from approved source; requires enrichment,Unknown from approved source; requires enrichment,Listed on Kay-approved source page (Portfolio; item type: portfolio entity / search fund or operating company).,Preserve for pattern recognition; fit not yet assessed.,"Enrich website, industry, niche, customer type, revenue model, recurrence, criticality, fragmentation, and acquisition context from approved primary sources.",High,source_complete_unfiltered
Relay Investments,https://www.relayinvestments.com/portfolio,Palmetto & Pine,,Unknown from approved source,Portfolio,Unknown from approved source,Unknown from approved source,Unknown from approved source,Unknown from approved source; requires enrichment,Unknown from approved source; requires enrichment,Unknown from approved source; requires enrichment,Listed on Kay-approved source page (Portfolio; item type: portfolio entity / search fund or operating company).,Preserve for pattern recognition; fit not yet assessed.,"Enrich website, industry, niche, customer type, revenue model, recurrence, criticality, fragmentation, and acquisition context from approved primary sources.",High,source_complete_unfiltered
Relay Investments,https://www.relayinvestments.com/portfolio,Outlive Capital,,Unknown from approved source,Portfolio,Unknown from approved source,Unknown from approved source,Unknown from approved source,Unknown from approved source; requires enrichment,Unknown from approved source; requires enrichment,Unknown from approved source; requires enrichment,Listed on Kay-approved source page (Portfolio; item type: portfolio entity / search fund or operating company).,Preserve for pattern recognition; fit not yet assessed.,"Enrich website, industry, niche, customer type, revenue model, recurrence, criticality, fragmentation, and acquisition context from approved primary sources.",High,source_complete_unfiltered
Relay Investments,https://www.relayinvestments.com/portfolio,Lemont Partners,,Unknown from approved source,Portfolio,Unknown from approved source,Unknown from approved source,Unknown from approved source,Unknown from approved source; requires enrichment,Unknown from approved source; requires enrichment,Unknown from approved source; requires enrichment,Listed on Kay-approved source page (Portfolio; item type: portfolio entity / search fund or operating company).,Preserve for pattern recognition; fit not yet assessed.,"Enrich website, industry, niche, customer type, revenue model, recurrence, criticality, fragmentation, and acquisition context from approved primary sources.",High,source_complete_unfiltered
Relay Investments,https://www.relayinvestments.com/portfolio,Octagon Search Equity,,Unknown from approved source,Portfolio,Unknown from approved source,Unknown from approved source,Unknown from approved source,Unknown from approved source; requires enrichment,Unknown from approved source; requires enrichment,Unknown from approved source; requires enrichment,Listed on Kay-approved source page (Portfolio; item type: portfolio entity / search fund or operating company).,Preserve for pattern recognition; fit not yet assessed.,"Enrich website, industry, niche, customer type, revenue model, recurrence, criticality, fragmentation, and acquisition context from approved primary sources.",High,source_complete_unfiltered
Relay Investments,https://www.relayinvestments.com/portfolio,Dune Peak Partners,,Unknown from approved source,Portfolio,Unknown from approved source,Unknown from approved source,Unknown from approved source,Unknown from approved source; requires enrichment,Unknown from approved source; requires enrichment,Unknown from approved source; requires enrichment,Listed on Kay-approved source page (Portfolio; item type: portfolio entity / search fund or operating company).,Preserve for pattern recognition; fit not yet assessed.,"Enrich website, industry, niche, customer type, revenue model, recurrence, criticality, fragmentation, and acquisition context from approved primary sources.",High,source_complete_unfiltered
Relay Investments,https://www.relayinvestments.com/portfolio,Bedrock Succession,,Unknown from approved source,Portfolio,Unknown from approved source,Unknown from approved source,Unknown from approved source,Unknown from approved source; requires enrichment,Unknown from approved source; requires enrichment,Unknown from approved source; requires enrichment,Listed on Kay-approved source page (Portfolio; item type: portfolio entity / search fund or operating company).,Preserve for pattern recognition; fit not yet assessed.,"Enrich website, industry, niche, customer type, revenue model, recurrence, criticality, fragmentation, and acquisition context from approved primary sources.",High,source_complete_unfiltered
Relay Investments,https://www.relayinvestments.com/portfolio,Nexus Collaborative,,Unknown from approved source,Portfolio,Unknown from approved source,Unknown from approved source,Unknown from approved source,Unknown from approved source; requires enrichment,Unknown from approved source; requires enrichment,Unknown from approved source; requires enrichment,Listed on Kay-approved source page (Portfolio; item type: portfolio entity / search fund or operating company).,Preserve for pattern recognition; fit not yet assessed.,"Enrich website, industry, niche, customer type, revenue model, recurrence, criticality, fragmentation, and acquisition context from approved primary sources.",High,source_complete_unfiltered
Relay Investments,https://www.relayinvestments.com/portfolio,Spruce Legacy Partners,,Unknown from approved source,Portfolio,Unknown from approved source,Unknown from approved source,Unknown from approved source,Unknown from approved source; requires enrichment,Unknown from approved source; requires enrichment,Unknown from approved source; requires enrichment,Listed on Kay-approved source page (Portfolio; item type: portfolio entity / search fund or operating company).,Preserve for pattern recognition; fit not yet assessed.,"Enrich website, industry, niche, customer type, revenue model, recurrence, criticality, fragmentation, and acquisition context from approved primary sources.",High,source_complete_unfiltered
Relay Investments,https://www.relayinvestments.com/portfolio,720 Fund,,Unknown from approved source,Portfolio,Unknown from approved source,Unknown from approved source,Unknown from approved source,Unknown from approved source; requires enrichment,Unknown from approved source; requires enrichment,Unknown from approved source; requires enrichment,Listed on Kay-approved source page (Portfolio; item type: portfolio entity / search fund or operating company).,Preserve for pattern recognition; fit not yet assessed.,"Enrich website, industry, niche, customer type, revenue model, recurrence, criticality, fragmentation, and acquisition context from approved primary sources.",High,source_complete_unfiltered
Relay Investments,https://www.relayinvestments.com/portfolio,Red Shirt Ventures,,Unknown from approved source,Portfolio,Unknown from approved source,Unknown from approved source,Unknown from approved source,Unknown from approved source; requires enrichment,Unknown from approved source; requires enrichment,Unknown from approved source; requires enrichment,Listed on Kay-approved source page (Portfolio; item type: portfolio entity / search fund or operating company).,Preserve for pattern recognition; fit not yet assessed.,"Enrich website, industry, niche, customer type, revenue model, recurrence, criticality, fragmentation, and acquisition context from approved primary sources.",High,source_complete_unfiltered
Relay Investments,https://www.relayinvestments.com/portfolio,Cintu Transmission,,Unknown from approved source,Portfolio,Unknown from approved source,Unknown from approved source,Unknown from approved source,Unknown from approved source; requires enrichment,Unknown from approved source; requires enrichment,Unknown from approved source; requires enrichment,Listed on Kay-approved source page (Portfolio; item type: portfolio entity / search fund or operating company).,Preserve for pattern recognition; fit not yet assessed.,"Enrich website, industry, niche, customer type, revenue model, recurrence, criticality, fragmentation, and acquisition context from approved primary sources.",High,source_complete_unfiltered
Relay Investments,https://www.relayinvestments.com/portfolio,Atropates Capital,,Unknown from approved source,Portfolio,Unknown from approved source,Unknown from approved source,Unknown from approved source,Unknown from approved source; requires enrichment,Unknown from approved source; requires enrichment,Unknown from approved source; requires enrichment,Listed on Kay-approved source page (Portfolio; item type: portfolio entity / search fund or operating company).,Preserve for pattern recognition; fit not yet assessed.,"Enrich website, industry, niche, customer type, revenue model, recurrence, criticality, fragmentation, and acquisition context from approved primary sources.",High,source_complete_unfiltered
Relay Investments,https://www.relayinvestments.com/portfolio,Vialterna,,Unknown from approved source,Portfolio,Unknown from approved source,Unknown from approved source,Unknown from approved source,Unknown from approved source; requires enrichment,Unknown from approved source; requires enrichment,Unknown from approved source; requires enrichment,Listed on Kay-approved source page (Portfolio; item type: portfolio entity / search fund or operating company).,Preserve for pattern recognition; fit not yet assessed.,"Enrich website, industry, niche, customer type, revenue model, recurrence, criticality, fragmentation, and acquisition context from approved primary sources.",High,source_complete_unfiltered
Relay Investments,https://www.relayinvestments.com/portfolio,Education Management & Networks,,Unknown from approved source,Portfolio,Unknown from approved source,Unknown from approved source,Unknown from approved source,Unknown from approved source; requires enrichment,Unknown from approved source; requires enrichment,Unknown from approved source; requires enrichment,Listed on Kay-approved source page (Portfolio; item type: portfolio entity / search fund or operating company).,Preserve for pattern recognition; fit not yet assessed.,"Enrich website, industry, niche, customer type, revenue model, recurrence, criticality, fragmentation, and acquisition context from approved primary sources.",High,source_complete_unfiltered
Relay Investments,https://www.relayinvestments.com/portfolio,No-IP,,Unknown from approved source,Portfolio,Unknown from approved source,Unknown from approved source,Unknown from approved source,Unknown from approved source; requires enrichment,Unknown from approved source; requires enrichment,Unknown from approved source; requires enrichment,Listed on Kay-approved source page (Portfolio; item type: portfolio entity / search fund or operating company).,Preserve for pattern recognition; fit not yet assessed.,"Enrich website, industry, niche, customer type, revenue model, recurrence, criticality, fragmentation, and acquisition context from approved primary sources.",High,source_complete_unfiltered
Relay Investments,https://www.relayinvestments.com/portfolio,VeloceIT,,Unknown from approved source,Portfolio,Unknown from approved source,Unknown from approved source,Unknown from approved source,Unknown from approved source; requires enrichment,Unknown from approved source; requires enrichment,Unknown from approved source; requires enrichment,Listed on Kay-approved source page (Portfolio; item type: portfolio entity / search fund or operating company).,Preserve for pattern recognition; fit not yet assessed.,"Enrich website, industry, niche, customer type, revenue model, recurrence, criticality, fragmentation, and acquisition context from approved primary sources.",High,source_complete_unfiltered
Relay Investments,https://www.relayinvestments.com/portfolio,Zeker & Mobiel,,Unknown from approved source,Portfolio,Unknown from approved source,Unknown from approved source,Unknown from approved source,Unknown from approved source; requires enrichment,Unknown from approved source; requires enrichment,Unknown from approved source; requires enrichment,Listed on Kay-approved source page (Portfolio; item type: portfolio entity / search fund or operating company).,Preserve for pattern recognition; fit not yet assessed.,"Enrich website, industry, niche, customer type, revenue model, recurrence, criticality, fragmentation, and acquisition context from approved primary sources.",High,source_complete_unfiltered
Relay Investments,https://www.relayinvestments.com/portfolio,Strategic Kids,,Unknown from approved source,Portfolio,Unknown from approved source,Unknown from approved source,Unknown from approved source,Unknown from approved source; requires enrichment,Unknown from approved source; requires enrichment,Unknown from approved source; requires enrichment,Listed on Kay-approved source page (Portfolio; item type: portfolio entity / search fund or operating company).,Preserve for pattern recognition; fit not yet assessed.,"Enrich website, industry, niche, customer type, revenue model, recurrence, criticality, fragmentation, and acquisition context from approved primary sources.",High,source_complete_unfiltered
Relay Investments,https://www.relayinvestments.com/portfolio,SonarWiz,,Unknown from approved source,Portfolio,Unknown from approved source,Unknown from approved source,Unknown from approved source,Unknown from approved source; requires enrichment,Unknown from approved source; requires enrichment,Unknown from approved source; requires enrichment,Listed on Kay-approved source page (Portfolio; item type: portfolio entity / search fund or operating company).,Preserve for pattern recognition; fit not yet assessed.,"Enrich website, industry, niche, customer type, revenue model, recurrence, criticality, fragmentation, and acquisition context from approved primary sources.",High,source_complete_unfiltered
Relay Investments,https://www.relayinvestments.com/portfolio,Herchenbach Industrie-Zeltebau,,Unknown from approved source,Portfolio,Unknown from approved source,Unknown from approved source,Unknown from approved source,Unknown from approved source; requires enrichment,Unknown from approved source; requires enrichment,Unknown from approved source; requires enrichment,Listed on Kay-approved source page (Portfolio; item type: portfolio entity / search fund or operating company).,Preserve for pattern recognition; fit not yet assessed.,"Enrich website, industry, niche, customer type, revenue model, recurrence, criticality, fragmentation, and acquisition context from approved primary sources.",High,source_complete_unfiltered
Relay Investments,https://www.relayinvestments.com/portfolio,Reliable Premium Management,https://reliablepremium.com,Finance / insurance services,Pay-as-you-go workers compensation premium services,Payroll-integrated premium management,Businesses,USA,Payroll-integrated premium remittance likely recurring,Workers comp premium management is compliance and cash-flow critical,Insurance/payroll service niches fragmented,Relay active company; 2024; description and website link,Strong compliance/payroll/insurance admin pattern,Research carrier/payroll integrations retention revenue model and regulatory exposure,High,seed
Relay Investments,https://www.relayinvestments.com/portfolio,Honolulu Ship Supply,https://honship.com,Distribution / marine services,Food supply and key services to ships,Marine supply services,Ships in port of Honolulu,USA,Ship supply relationships may recur with vessel traffic; verify,Port provisioning is operationally critical,Port-specific suppliers fragmented geographically,Relay active company; 2024; description and website link,Boring niche distribution/services signal with geographic moat potential,Research customer concentration port dependence margins and recurrence,High,seed
Relay Investments,https://www.relayinvestments.com/portfolio,Apoplex,,Unknown from approved source,Portfolio,Unknown from approved source,Unknown from approved source,Unknown from approved source,Unknown from approved source; requires enrichment,Unknown from approved source; requires enrichment,Unknown from approved source; requires enrichment,Listed on Kay-approved source page (Portfolio; item type: portfolio entity / search fund or operating company).,Preserve for pattern recognition; fit not yet assessed.,"Enrich website, industry, niche, customer type, revenue model, recurrence, criticality, fragmentation, and acquisition context from approved primary sources.",High,source_complete_unfiltered
Relay Investments,https://www.relayinvestments.com/portfolio,Multi-Service-Gummersbach (MSG),https://www.msgm.de,B2B services / safety systems,Fire alarm nurse call medical monitoring evacuation system service,Maintenance repair and parts services,Facilities/healthcare customers,Germany,Maintenance/on-site service likely recurring,Fire alarm nurse call and evacuation systems are safety-critical,Specialty safety system service providers fragmented regionally,Relay active company; description and website link,Very strong fire/life-safety services pattern despite non-US geography,Research service contract share customer mix and regulatory inspection cycles,High,seed
Relay Investments,https://www.relayinvestments.com/portfolio,Windmill Wellness Ranch,,Unknown from approved source,Portfolio,Unknown from approved source,Unknown from approved source,Unknown from approved source,Unknown from approved source; requires enrichment,Unknown from approved source; requires enrichment,Unknown from approved source; requires enrichment,Listed on Kay-approved source page (Portfolio; item type: portfolio entity / search fund or operating company).,Preserve for pattern recognition; fit not yet assessed.,"Enrich website, industry, niche, customer type, revenue model, recurrence, criticality, fragmentation, and acquisition context from approved primary sources.",High,source_complete_unfiltered
Relay Investments,https://www.relayinvestments.com/portfolio,Tacna Services,https://tacna.net,Manufacturing services / nearshoring,Shelter services for manufacturing in Mexico,Manufacturing support services,US-based manufacturing clients,USA/Mexico,Shelter services likely recurring operating support; verify,Manufacturing shelter services can be operationally critical,Nearshore shelter providers may be fragmented,Relay active company; 2024; description and website link,"Interesting B2B outsourced operations platform, but cross-border complexity needs review",Research customer retention service scope concentration and Mexico regulatory exposure,High,seed
Relay Investments,https://www.relayinvestments.com/portfolio,International Metals de Mexico (IMMSA),https://www.immsa.mx,Manufacturing,Custom copper and aluminum pieces for electrical power distribution,Specialty manufacturing,Electrical power distribution customers,Mexico,Repeat production/customer programs possible; verify,Power distribution components are mission-critical,Specialty power component manufacturers fragmented by capability,Relay active company; 2024; description and website link,Strong technical industrial manufacturing signal,Research certifications customer concentration margin and capex requirements,High,seed
Relay Investments,https://www.relayinvestments.com/portfolio,Growth 99,,Unknown from approved source,Portfolio,Unknown from approved source,Unknown from approved source,Unknown from approved source,Unknown from approved source; requires enrichment,Unknown from approved source; requires enrichment,Unknown from approved source; requires enrichment,Listed on Kay-approved source page (Portfolio; item type: portfolio entity / search fund or operating company).,Preserve for pattern recognition; fit not yet assessed.,"Enrich website, industry, niche, customer type, revenue model, recurrence, criticality, fragmentation, and acquisition context from approved primary sources.",High,source_complete_unfiltered
Relay Investments,https://www.relayinvestments.com/portfolio,CRSS,,Unknown from approved source,Portfolio,Unknown from approved source,Unknown from approved source,Unknown from approved source,Unknown from approved source; requires enrichment,Unknown from approved source; requires enrichment,Unknown from approved source; requires enrichment,Listed on Kay-approved source page (Portfolio; item type: portfolio entity / search fund or operating company).,Preserve for pattern recognition; fit not yet assessed.,"Enrich website, industry, niche, customer type, revenue model, recurrence, criticality, fragmentation, and acquisition context from approved primary sources.",High,source_complete_unfiltered
Relay Investments,https://www.relayinvestments.com/portfolio,BP Logix,https://www.bplogix.com,Software / process automation,Business process management software,SaaS / workflow automation,Enterprises universities governments,USA,Relay describes SaaS; recurring likely,Automated business process applications can be operationally important,Workflow automation market fragmented by vertical/use case,Relay active company; 2024; description and website link,"Strong workflow software signal, especially public-sector/university use cases",Research retention vertical concentration and implementation services,High,seed
Relay Investments,https://www.relayinvestments.com/portfolio,Leaseir,,Unknown from approved source,Portfolio,Unknown from approved source,Unknown from approved source,Unknown from approved source,Unknown from approved source; requires enrichment,Unknown from approved source; requires enrichment,Unknown from approved source; requires enrichment,Listed on Kay-approved source page (Portfolio; item type: portfolio entity / search fund or operating company).,Preserve for pattern recognition; fit not yet assessed.,"Enrich website, industry, niche, customer type, revenue model, recurrence, criticality, fragmentation, and acquisition context from approved primary sources.",High,source_complete_unfiltered
Relay Investments,https://www.relayinvestments.com/portfolio,File On Q,https://fileonq.com,Software / public safety,Evidence management software,Vertical workflow software,Police departments,USA,Software likely recurring,Evidence management is mission-critical for police departments,Public safety software niche fragmented,Relay active company; 2023; description and website link,Cross-source public safety workflow software signal,Research agency retention procurement and integration requirements,High,seed
Relay Investments,https://www.relayinvestments.com/portfolio,All Essential Fire & Security,https://aefs.com.au,B2B services / fire safety,Fire protection inspection testing and repair,Inspection testing repair services,Businesses,Australia,Inspection/testing likely recurring due code requirements,Fire protection is life-safety critical,Fire safety service providers fragmented regionally,Relay active company; 2023; description and website link,Strong code-driven fire safety services pattern; geography is only fit caution,Research inspection cadence contract retention and local regulatory drivers,High,seed
Relay Investments,https://www.relayinvestments.com/portfolio,Libnova,https://www.libnova.com,Software / data preservation,Digital preservation software/services,Software/services,Archives libraries enterprises/public institutions,Spain,Digital preservation platforms likely recurring; verify,Digital preservation can be compliance/mission-critical for institutions,Niche preservation software fragmented,Relay active company; 2023; description and website link,Interesting data retention/compliance software pattern adjacent to Triyam/Page Vault,Research buyer segments retention and regulatory/archive drivers,High,seed
Relay Investments,https://www.relayinvestments.com/portfolio,Singu,https://velistech.com,Software / real estate,Real estate management software,Vertical software,Real estate operators,Poland,Real estate management software likely recurring,Property operations software can be important,Real estate workflow software fragmented by region/asset type,Relay exited company; 2023; description and website link,Reinforces property/back-office software pattern but geography likely non-core,Research vertical focus customer retention and fit vs G&B services lens,High,seed
Relay Investments,https://www.relayinvestments.com/portfolio,Soft Restaurant,,Unknown from approved source,Portfolio,Unknown from approved source,Unknown from approved source,Unknown from approved source,Unknown from approved source; requires enrichment,Unknown from approved source; requires enrichment,Unknown from approved source; requires enrichment,Listed on Kay-approved source page (Portfolio; item type: portfolio entity / search fund or operating company).,Preserve for pattern recognition; fit not yet assessed.,"Enrich website, industry, niche, customer type, revenue model, recurrence, criticality, fragmentation, and acquisition context from approved primary sources.",High,source_complete_unfiltered
Relay Investments,https://www.relayinvestments.com/portfolio,NeoAssist,,Unknown from approved source,Portfolio,Unknown from approved source,Unknown from approved source,Unknown from approved source,Unknown from approved source; requires enrichment,Unknown from approved source; requires enrichment,Unknown from approved source; requires enrichment,Listed on Kay-approved source page (Portfolio; item type: portfolio entity / search fund or operating company).,Preserve for pattern recognition; fit not yet assessed.,"Enrich website, industry, niche, customer type, revenue model, recurrence, criticality, fragmentation, and acquisition context from approved primary sources.",High,source_complete_unfiltered
Hunter Search Capital,https://www.huntersearchcapital.com/portfolio-companies,Pelvic Health Solutions,,Unknown from approved source,Portfolio companies,Unknown from approved source,Unknown from approved source,Unknown from approved source,Unknown from approved source; requires enrichment,Unknown from approved source; requires enrichment,Unknown from approved source; requires enrichment,Listed on Kay-approved source page (Portfolio companies; item type: operating company).,Preserve for pattern recognition; fit not yet assessed.,"Enrich website, industry, niche, customer type, revenue model, recurrence, criticality, fragmentation, and acquisition context from approved primary sources.",Medium,source_complete_unfiltered
Hunter Search Capital,https://www.huntersearchcapital.com/portfolio-companies,Best Self Aesthetics,,Unknown from approved source,Portfolio companies,Unknown from approved source,Unknown from approved source,Unknown from approved source,Unknown from approved source; requires enrichment,Unknown from approved source; requires enrichment,Unknown from approved source; requires enrichment,Listed on Kay-approved source page (Portfolio companies; item type: operating company).,Preserve for pattern recognition; fit not yet assessed.,"Enrich website, industry, niche, customer type, revenue model, recurrence, criticality, fragmentation, and acquisition context from approved primary sources.",Medium,source_complete_unfiltered
Hunter Search Capital,https://www.huntersearchcapital.com/portfolio-companies,MD Clarity,https://www.mdclarity.com,Software / healthcare RCM,Healthcare revenue-cycle workflow software,Software,Healthcare providers / RCM teams,Unknown,Software likely recurring; verify,Revenue-cycle workflows are operationally critical,Healthcare RCM software niches can be fragmented,"Hunter lists MD Clarity as active software investment, 2021, entrepreneur Dan Freeman",Reinforces healthcare RCM workflow software pattern with MaxRTE and other healthcare admin software,Verify product scope retention integrations payer dependency and customer concentration,Medium,seed
Hunter Search Capital,https://www.huntersearchcapital.com/portfolio-companies,Beryllium InfoSec,https://www.berylliuminfosec.com,Software / cybersecurity,Information security services/software,Security services/software,Businesses,Unknown,Security relationships may recur; verify managed service vs project,Cybersecurity is mission-critical and compliance-driven,Cyber/security providers fragmented,"Hunter lists Beryllium InfoSec as active software investment, 2022; also appears in Saltoun/Endurance context",Adds signal to cybersecurity services/software cluster,Verify recurring revenue mix customer size and compliance drivers,Medium,seed
Hunter Search Capital,https://www.huntersearchcapital.com/portfolio-companies,Lineage,,Unknown from approved source,Portfolio companies,Unknown from approved source,Unknown from approved source,Unknown from approved source,Unknown from approved source; requires enrichment,Unknown from approved source; requires enrichment,Unknown from approved source; requires enrichment,Listed on Kay-approved source page (Portfolio companies; item type: operating company).,Preserve for pattern recognition; fit not yet assessed.,"Enrich website, industry, niche, customer type, revenue model, recurrence, criticality, fragmentation, and acquisition context from approved primary sources.",Medium,source_complete_unfiltered
Hunter Search Capital,https://www.huntersearchcapital.com/portfolio-companies,Asclepian Group,,Unknown from approved source,Portfolio companies,Unknown from approved source,Unknown from approved source,Unknown from approved source,Unknown from approved source; requires enrichment,Unknown from approved source; requires enrichment,Unknown from approved source; requires enrichment,Listed on Kay-approved source page (Portfolio companies; item type: operating company).,Preserve for pattern recognition; fit not yet assessed.,"Enrich website, industry, niche, customer type, revenue model, recurrence, criticality, fragmentation, and acquisition context from approved primary sources.",Medium,source_complete_unfiltered
Hunter Search Capital,https://www.huntersearchcapital.com/portfolio-companies,Harley Street Medical,,Unknown from approved source,Portfolio companies,Unknown from approved source,Unknown from approved source,Unknown from approved source,Unknown from approved source; requires enrichment,Unknown from approved source; requires enrichment,Unknown from approved source; requires enrichment,Listed on Kay-approved source page (Portfolio companies; item type: operating company).,Preserve for pattern recognition; fit not yet assessed.,"Enrich website, industry, niche, customer type, revenue model, recurrence, criticality, fragmentation, and acquisition context from approved primary sources.",Medium,source_complete_unfiltered
Hunter Search Capital,https://www.huntersearchcapital.com/portfolio-companies,Aspire,,Unknown from approved source,Portfolio companies,Unknown from approved source,Unknown from approved source,Unknown from approved source,Unknown from approved source; requires enrichment,Unknown from approved source; requires enrichment,Unknown from approved source; requires enrichment,Listed on Kay-approved source page (Portfolio companies; item type: operating company).,Preserve for pattern recognition; fit not yet assessed.,"Enrich website, industry, niche, customer type, revenue model, recurrence, criticality, fragmentation, and acquisition context from approved primary sources.",Medium,source_complete_unfiltered
Hunter Search Capital,https://www.huntersearchcapital.com/portfolio-companies,eCard Systems,,Unknown from approved source,Portfolio companies,Unknown from approved source,Unknown from approved source,Unknown from approved source,Unknown from approved source; requires enrichment,Unknown from approved source; requires enrichment,Unknown from approved source; requires enrichment,Listed on Kay-approved source page (Portfolio companies; item type: operating company).,Preserve for pattern recognition; fit not yet assessed.,"Enrich website, industry, niche, customer type, revenue model, recurrence, criticality, fragmentation, and acquisition context from approved primary sources.",Medium,source_complete_unfiltered
Hunter Search Capital,https://www.huntersearchcapital.com/portfolio-companies,Nuqleous,,Software,Retail analytics / planning software likely,Software,Retail/CPG customers,Unknown,Software likely recurring; verify,Planning/analytics can be operationally important but retail exposure is fit caution,Niche retail software fragmented,"Hunter lists Nuqleous as active software investment, 2023","Preserve as vertical software signal, but retail end-market may be less aligned",Find approved company site/details and validate customer type and recurrence,Low,needs_enrichment
Hunter Search Capital,https://www.huntersearchcapital.com/portfolio-companies,ProPoint Solutions,,Unknown from approved source,Portfolio companies,Unknown from approved source,Unknown from approved source,Unknown from approved source,Unknown from approved source; requires enrichment,Unknown from approved source; requires enrichment,Unknown from approved source; requires enrichment,Listed on Kay-approved source page (Portfolio companies; item type: operating company).,Preserve for pattern recognition; fit not yet assessed.,"Enrich website, industry, niche, customer type, revenue model, recurrence, criticality, fragmentation, and acquisition context from approved primary sources.",Medium,source_complete_unfiltered
Hunter Search Capital,https://www.huntersearchcapital.com/portfolio-companies,Transifex,,Unknown from approved source,Portfolio companies,Unknown from approved source,Unknown from approved source,Unknown from approved source,Unknown from approved source; requires enrichment,Unknown from approved source; requires enrichment,Unknown from approved source; requires enrichment,Listed on Kay-approved source page (Portfolio companies; item type: operating company).,Preserve for pattern recognition; fit not yet assessed.,"Enrich website, industry, niche, customer type, revenue model, recurrence, criticality, fragmentation, and acquisition context from approved primary sources.",Medium,source_complete_unfiltered
Hunter Search Capital,https://www.huntersearchcapital.com/portfolio-companies,Govineer Solutions,https://www.govineersolutions.com,Software / public-sector workflow,Government workflow/software services,Software/services,Government entities,Unknown,Software/services likely recurring; verify,Government workflows can be mission-critical,Govtech niches fragmented,"Hunter lists Govineer Solutions as active software investment, 2024",Reinforces public-sector workflow software pattern,Verify product category procurement cycle retention and implementation services,Medium,seed
Hunter Search Capital,https://www.huntersearchcapital.com/portfolio-companies,Big Box Storage,,Unknown from approved source,Portfolio companies,Unknown from approved source,Unknown from approved source,Unknown from approved source,Unknown from approved source; requires enrichment,Unknown from approved source; requires enrichment,Unknown from approved source; requires enrichment,Listed on Kay-approved source page (Portfolio companies; item type: operating company).,Preserve for pattern recognition; fit not yet assessed.,"Enrich website, industry, niche, customer type, revenue model, recurrence, criticality, fragmentation, and acquisition context from approved primary sources.",Medium,source_complete_unfiltered
Hunter Search Capital,https://www.huntersearchcapital.com/portfolio-companies,Union Software Group,,Unknown from approved source,Portfolio companies,Unknown from approved source,Unknown from approved source,Unknown from approved source,Unknown from approved source; requires enrichment,Unknown from approved source; requires enrichment,Unknown from approved source; requires enrichment,Listed on Kay-approved source page (Portfolio companies; item type: operating company).,Preserve for pattern recognition; fit not yet assessed.,"Enrich website, industry, niche, customer type, revenue model, recurrence, criticality, fragmentation, and acquisition context from approved primary sources.",Medium,source_complete_unfiltered
Hunter Search Capital,https://www.huntersearchcapital.com/portfolio-companies,Circle Surrogacy,,Unknown from approved source,Portfolio companies,Unknown from approved source,Unknown from approved source,Unknown from approved source,Unknown from approved source; requires enrichment,Unknown from approved source; requires enrichment,Unknown from approved source; requires enrichment,Listed on Kay-approved source page (Portfolio companies; item type: operating company).,Preserve for pattern recognition; fit not yet assessed.,"Enrich website, industry, niche, customer type, revenue model, recurrence, criticality, fragmentation, and acquisition context from approved primary sources.",Medium,source_complete_unfiltered
Hunter Search Capital,https://www.huntersearchcapital.com/portfolio-companies,maxRTE,,Unknown from approved source,Portfolio companies,Unknown from approved source,Unknown from approved source,Unknown from approved source,Unknown from approved source; requires enrichment,Unknown from approved source; requires enrichment,Unknown from approved source; requires enrichment,Listed on Kay-approved source page (Portfolio companies; item type: operating company).,Preserve for pattern recognition; fit not yet assessed.,"Enrich website, industry, niche, customer type, revenue model, recurrence, criticality, fragmentation, and acquisition context from approved primary sources.",Medium,source_complete_unfiltered
Hunter Search Capital,https://www.huntersearchcapital.com/portfolio-companies,York Street,,Unknown from approved source,Portfolio companies,Unknown from approved source,Unknown from approved source,Unknown from approved source,Unknown from approved source; requires enrichment,Unknown from approved source; requires enrichment,Unknown from approved source; requires enrichment,Listed on Kay-approved source page (Portfolio companies; item type: operating company).,Preserve for pattern recognition; fit not yet assessed.,"Enrich website, industry, niche, customer type, revenue model, recurrence, criticality, fragmentation, and acquisition context from approved primary sources.",Medium,source_complete_unfiltered
Hunter Search Capital,https://www.huntersearchcapital.com/portfolio-companies,APA Medical Equipment,,Unknown from approved source,Portfolio companies,Unknown from approved source,Unknown from approved source,Unknown from approved source,Unknown from approved source; requires enrichment,Unknown from approved source; requires enrichment,Unknown from approved source; requires enrichment,Listed on Kay-approved source page (Portfolio companies; item type: operating company).,Preserve for pattern recognition; fit not yet assessed.,"Enrich website, industry, niche, customer type, revenue model, recurrence, criticality, fragmentation, and acquisition context from approved primary sources.",Medium,source_complete_unfiltered
Hunter Search Capital,https://www.huntersearchcapital.com/portfolio-companies,Beartown Holdings,,Unknown from approved source,Portfolio companies,Unknown from approved source,Unknown from approved source,Unknown from approved source,Unknown from approved source; requires enrichment,Unknown from approved source; requires enrichment,Unknown from approved source; requires enrichment,Listed on Kay-approved source page (Portfolio companies; item type: operating company).,Preserve for pattern recognition; fit not yet assessed.,"Enrich website, industry, niche, customer type, revenue model, recurrence, criticality, fragmentation, and acquisition context from approved primary sources.",Medium,source_complete_unfiltered
Hunter Search Capital,https://www.huntersearchcapital.com/portfolio-companies,Anterra,,Unknown from approved source,Portfolio companies,Unknown from approved source,Unknown from approved source,Unknown from approved source,Unknown from approved source; requires enrichment,Unknown from approved source; requires enrichment,Unknown from approved source; requires enrichment,Listed on Kay-approved source page (Portfolio companies; item type: operating company).,Preserve for pattern recognition; fit not yet assessed.,"Enrich website, industry, niche, customer type, revenue model, recurrence, criticality, fragmentation, and acquisition context from approved primary sources.",Medium,source_complete_unfiltered
Hunter Search Capital,https://www.huntersearchcapital.com/portfolio-companies,Premier Tree Specialists,,B2B/consumer services,Tree services,Field services,Commercial/residential/municipal unknown,Unknown,Recurring maintenance possible; verify,Tree safety and utility clearance can be critical depending customer mix,Tree services fragmented,"Hunter lists Premier Tree Specialists as active services investment, 2024; also appears in WSC/Maven context",Adds cross-source signal to tree/green services but fit depends on B2B/municipal mix,Verify customer mix recurrence and seasonality,Medium,seed
Hunter Search Capital,https://www.huntersearchcapital.com/portfolio-companies,Growth99,,Unknown from approved source,Portfolio companies,Unknown from approved source,Unknown from approved source,Unknown from approved source,Unknown from approved source; requires enrichment,Unknown from approved source; requires enrichment,Unknown from approved source; requires enrichment,Listed on Kay-approved source page (Portfolio companies; item type: operating company).,Preserve for pattern recognition; fit not yet assessed.,"Enrich website, industry, niche, customer type, revenue model, recurrence, criticality, fragmentation, and acquisition context from approved primary sources.",Medium,source_complete_unfiltered
Hunter Search Capital,https://www.huntersearchcapital.com/portfolio-companies,FMT Solutions,,Unknown from approved source,Portfolio companies,Unknown from approved source,Unknown from approved source,Unknown from approved source,Unknown from approved source; requires enrichment,Unknown from approved source; requires enrichment,Unknown from approved source; requires enrichment,Listed on Kay-approved source page (Portfolio companies; item type: operating company).,Preserve for pattern recognition; fit not yet assessed.,"Enrich website, industry, niche, customer type, revenue model, recurrence, criticality, fragmentation, and acquisition context from approved primary sources.",Medium,source_complete_unfiltered
Hunter Search Capital,https://www.huntersearchcapital.com/portfolio-companies,Biometrics4ALL,https://www.biometrics4all.com,Software / public safety,Biometric identity software,Software,Government/public-safety customers,Unknown,Software likely recurring; verify,Identity/fingerprinting workflows can be compliance-critical,Public safety identity software niche fragmented,"Hunter lists Biometrics4ALL as active software investment, 2024",Strong public-sector compliance workflow software signal,Research customer base retention procurement and regulatory drivers,Medium,seed
Hunter Search Capital,https://www.huntersearchcapital.com/portfolio-companies,Radiant Health Partners,,Unknown from approved source,Portfolio companies,Unknown from approved source,Unknown from approved source,Unknown from approved source,Unknown from approved source; requires enrichment,Unknown from approved source; requires enrichment,Unknown from approved source; requires enrichment,Listed on Kay-approved source page (Portfolio companies; item type: operating company).,Preserve for pattern recognition; fit not yet assessed.,"Enrich website, industry, niche, customer type, revenue model, recurrence, criticality, fragmentation, and acquisition context from approved primary sources.",Medium,source_complete_unfiltered
Hunter Search Capital,https://www.huntersearchcapital.com/portfolio-companies,Chronus,,Unknown from approved source,Portfolio companies,Unknown from approved source,Unknown from approved source,Unknown from approved source,Unknown from approved source; requires enrichment,Unknown from approved source; requires enrichment,Unknown from approved source; requires enrichment,Listed on Kay-approved source page (Portfolio companies; item type: operating company).,Preserve for pattern recognition; fit not yet assessed.,"Enrich website, industry, niche, customer type, revenue model, recurrence, criticality, fragmentation, and acquisition context from approved primary sources.",Medium,source_complete_unfiltered
Hunter Search Capital,https://www.huntersearchcapital.com/portfolio-companies,Vitana Pediatric & Orthodontic Partners,,Unknown from approved source,Portfolio companies,Unknown from approved source,Unknown from approved source,Unknown from approved source,Unknown from approved source; requires enrichment,Unknown from approved source; requires enrichment,Unknown from approved source; requires enrichment,Listed on Kay-approved source page (Portfolio companies; item type: operating company).,Preserve for pattern recognition; fit not yet assessed.,"Enrich website, industry, niche, customer type, revenue model, recurrence, criticality, fragmentation, and acquisition context from approved primary sources.",Medium,source_complete_unfiltered
Hunter Search Capital,https://www.huntersearchcapital.com/portfolio-companies,Risk Mitigation Consulting,,Unknown from approved source,Portfolio companies,Unknown from approved source,Unknown from approved source,Unknown from approved source,Unknown from approved source; requires enrichment,Unknown from approved source; requires enrichment,Unknown from approved source; requires enrichment,Listed on Kay-approved source page (Portfolio companies; item type: operating company).,Preserve for pattern recognition; fit not yet assessed.,"Enrich website, industry, niche, customer type, revenue model, recurrence, criticality, fragmentation, and acquisition context from approved primary sources.",Medium,source_complete_unfiltered
Hunter Search Capital,https://www.huntersearchcapital.com/portfolio-companies,AQC Traffic Control,,Unknown from approved source,Portfolio companies,Unknown from approved source,Unknown from approved source,Unknown from approved source,Unknown from approved source; requires enrichment,Unknown from approved source; requires enrichment,Unknown from approved source; requires enrichment,Listed on Kay-approved source page (Portfolio companies; item type: operating company).,Preserve for pattern recognition; fit not yet assessed.,"Enrich website, industry, niche, customer type, revenue model, recurrence, criticality, fragmentation, and acquisition context from approved primary sources.",Medium,source_complete_unfiltered
Hunter Search Capital,https://www.huntersearchcapital.com/portfolio-companies,AdComp Systems,,Unknown from approved source,Portfolio companies,Unknown from approved source,Unknown from approved source,Unknown from approved source,Unknown from approved source; requires enrichment,Unknown from approved source; requires enrichment,Unknown from approved source; requires enrichment,Listed on Kay-approved source page (Portfolio companies; item type: operating company).,Preserve for pattern recognition; fit not yet assessed.,"Enrich website, industry, niche, customer type, revenue model, recurrence, criticality, fragmentation, and acquisition context from approved primary sources.",Medium,source_complete_unfiltered
Hunter Search Capital,https://www.huntersearchcapital.com/portfolio-companies,ElderTree Care Management,,Unknown from approved source,Portfolio companies,Unknown from approved source,Unknown from approved source,Unknown from approved source,Unknown from approved source; requires enrichment,Unknown from approved source; requires enrichment,Unknown from approved source; requires enrichment,Listed on Kay-approved source page (Portfolio companies; item type: operating company).,Preserve for pattern recognition; fit not yet assessed.,"Enrich website, industry, niche, customer type, revenue model, recurrence, criticality, fragmentation, and acquisition context from approved primary sources.",Medium,source_complete_unfiltered
Hunter Search Capital,https://www.huntersearchcapital.com/portfolio-companies,FileOnQ,,Unknown from approved source,Portfolio companies,Unknown from approved source,Unknown from approved source,Unknown from approved source,Unknown from approved source; requires enrichment,Unknown from approved source; requires enrichment,Unknown from approved source; requires enrichment,Listed on Kay-approved source page (Portfolio companies; item type: operating company).,Preserve for pattern recognition; fit not yet assessed.,"Enrich website, industry, niche, customer type, revenue model, recurrence, criticality, fragmentation, and acquisition context from approved primary sources.",Medium,source_complete_unfiltered
Hunter Search Capital,https://www.huntersearchcapital.com/portfolio-companies,Athena Aesthetics,,Unknown from approved source,Portfolio companies,Unknown from approved source,Unknown from approved source,Unknown from approved source,Unknown from approved source; requires enrichment,Unknown from approved source; requires enrichment,Unknown from approved source; requires enrichment,Listed on Kay-approved source page (Portfolio companies; item type: operating company).,Preserve for pattern recognition; fit not yet assessed.,"Enrich website, industry, niche, customer type, revenue model, recurrence, criticality, fragmentation, and acquisition context from approved primary sources.",Medium,source_complete_unfiltered
Hunter Search Capital,https://www.huntersearchcapital.com/portfolio-companies,Forio,,Unknown from approved source,Portfolio companies,Unknown from approved source,Unknown from approved source,Unknown from approved source,Unknown from approved source; requires enrichment,Unknown from approved source; requires enrichment,Unknown from approved source; requires enrichment,Listed on Kay-approved source page (Portfolio companies; item type: operating company).,Preserve for pattern recognition; fit not yet assessed.,"Enrich website, industry, niche, customer type, revenue model, recurrence, criticality, fragmentation, and acquisition context from approved primary sources.",Medium,source_complete_unfiltered
Hunter Search Capital,https://www.huntersearchcapital.com/portfolio-companies,4Ever Young,,Unknown from approved source,Portfolio companies,Unknown from approved source,Unknown from approved source,Unknown from approved source,Unknown from approved source; requires enrichment,Unknown from approved source; requires enrichment,Unknown from approved source; requires enrichment,Listed on Kay-approved source page (Portfolio companies; item type: operating company).,Preserve for pattern recognition; fit not yet assessed.,"Enrich website, industry, niche, customer type, revenue model, recurrence, criticality, fragmentation, and acquisition context from approved primary sources.",Medium,source_complete_unfiltered
Endurance Search Partners,https://www.endurancesearchpartners.com/investments,1SEO Digital Agency,,Unknown from approved source,Investments,Unknown from approved source,Unknown from approved source,Unknown from approved source,Unknown from approved source; requires enrichment,Unknown from approved source; requires enrichment,Unknown from approved source; requires enrichment,Listed on Kay-approved source page (Investments; item type: operating company).,Preserve for pattern recognition; fit not yet assessed.,"Enrich website, industry, niche, customer type, revenue model, recurrence, criticality, fragmentation, and acquisition context from approved primary sources.",High,source_complete_unfiltered
Endurance Search Partners,https://www.endurancesearchpartners.com/investments,360 Smart Networks,https://360smartnetworks.com,Business services / IT,Outsourced information technology services,Managed IT services,Businesses,Unknown,Managed service contracts likely recurring,IT support/security is operationally critical,MSP markets are fragmented,Endurance description: provider of outsourced IT services; current; 2023; industry outsourced IT services,Reinforces MSP / outsourced IT services cluster with Advanced Network Solutions,Research retention gross margin customer concentration and vertical specialization,High,seed
Endurance Search Partners,https://www.endurancesearchpartners.com/investments,AdComp Systems Group,https://www.adcompsystems.com,Software / payments,Payment solution and software for local governments,Payments software,Local governments,Unknown,Payment software likely recurring/transactional; verify,Local government payments are operationally important,Municipal payment software market fragmented by locality/function,Endurance description: payment solution and software provider for local governments; current; 2024,Strong public-sector payments/workflow software pattern,Research contract length take rate procurement and support burden,High,seed
Endurance Search Partners,https://www.endurancesearchpartners.com/investments,Advanced Network Solutions,,Unknown from approved source,Investments,Unknown from approved source,Unknown from approved source,Unknown from approved source,Unknown from approved source; requires enrichment,Unknown from approved source; requires enrichment,Unknown from approved source; requires enrichment,Listed on Kay-approved source page (Investments; item type: operating company).,Preserve for pattern recognition; fit not yet assessed.,"Enrich website, industry, niche, customer type, revenue model, recurrence, criticality, fragmentation, and acquisition context from approved primary sources.",High,source_complete_unfiltered
Endurance Search Partners,https://www.endurancesearchpartners.com/investments,Air Crew Academy,https://www.aircrewacademy.com,Business services / training,Flight crew training and certification content,Compliance/safety training,Flight operations,Unknown,Training/certification repeats with regulatory cadence; verify,Flight crew certification is safety-critical,Specialized aviation training providers fragmented,Endurance description: provider of flight crew training and certification content; current; 2024,High-conviction compliance/safety training pattern across multiple sources,Research certification cadence retention content defensibility and customer concentration,High,seed
Endurance Search Partners,https://www.endurancesearchpartners.com/investments,Altro Pharmaceuticals,,Unknown from approved source,Investments,Unknown from approved source,Unknown from approved source,Unknown from approved source,Unknown from approved source; requires enrichment,Unknown from approved source; requires enrichment,Unknown from approved source; requires enrichment,Listed on Kay-approved source page (Investments; item type: operating company).,Preserve for pattern recognition; fit not yet assessed.,"Enrich website, industry, niche, customer type, revenue model, recurrence, criticality, fragmentation, and acquisition context from approved primary sources.",High,source_complete_unfiltered
Endurance Search Partners,https://www.endurancesearchpartners.com/investments,American Security Systems,,Unknown from approved source,Investments,Unknown from approved source,Unknown from approved source,Unknown from approved source,Unknown from approved source; requires enrichment,Unknown from approved source; requires enrichment,Unknown from approved source; requires enrichment,Listed on Kay-approved source page (Investments; item type: operating company).,Preserve for pattern recognition; fit not yet assessed.,"Enrich website, industry, niche, customer type, revenue model, recurrence, criticality, fragmentation, and acquisition context from approved primary sources.",High,source_complete_unfiltered
Endurance Search Partners,https://www.endurancesearchpartners.com/investments,Amici Pharmaceuticals,,Unknown from approved source,Investments,Unknown from approved source,Unknown from approved source,Unknown from approved source,Unknown from approved source; requires enrichment,Unknown from approved source; requires enrichment,Unknown from approved source; requires enrichment,Listed on Kay-approved source page (Investments; item type: operating company).,Preserve for pattern recognition; fit not yet assessed.,"Enrich website, industry, niche, customer type, revenue model, recurrence, criticality, fragmentation, and acquisition context from approved primary sources.",High,source_complete_unfiltered
Endurance Search Partners,https://www.endurancesearchpartners.com/investments,Answer 1 Communications,,Unknown from approved source,Investments,Unknown from approved source,Unknown from approved source,Unknown from approved source,Unknown from approved source; requires enrichment,Unknown from approved source; requires enrichment,Unknown from approved source; requires enrichment,Listed on Kay-approved source page (Investments; item type: operating company).,Preserve for pattern recognition; fit not yet assessed.,"Enrich website, industry, niche, customer type, revenue model, recurrence, criticality, fragmentation, and acquisition context from approved primary sources.",High,source_complete_unfiltered
Endurance Search Partners,https://www.endurancesearchpartners.com/investments,Apex,,Unknown from approved source,Investments,Unknown from approved source,Unknown from approved source,Unknown from approved source,Unknown from approved source; requires enrichment,Unknown from approved source; requires enrichment,Unknown from approved source; requires enrichment,Listed on Kay-approved source page (Investments; item type: operating company).,Preserve for pattern recognition; fit not yet assessed.,"Enrich website, industry, niche, customer type, revenue model, recurrence, criticality, fragmentation, and acquisition context from approved primary sources.",High,source_complete_unfiltered
Endurance Search Partners,https://www.endurancesearchpartners.com/investments,Applied Data Corporation (ADC),,Unknown from approved source,Investments,Unknown from approved source,Unknown from approved source,Unknown from approved source,Unknown from approved source; requires enrichment,Unknown from approved source; requires enrichment,Unknown from approved source; requires enrichment,Listed on Kay-approved source page (Investments; item type: operating company).,Preserve for pattern recognition; fit not yet assessed.,"Enrich website, industry, niche, customer type, revenue model, recurrence, criticality, fragmentation, and acquisition context from approved primary sources.",High,source_complete_unfiltered
Endurance Search Partners,https://www.endurancesearchpartners.com/investments,AQC Traffic Control,https://aqctraffic.com,Building services / traffic safety,Traffic control services for construction projects,Traffic safety services,Construction/infrastructure customers,Unknown,Project repeat relationships likely; verify recurring contract structure,Traffic control is safety-critical and often required by regulation/permit,Local traffic control providers fragmented,Endurance description: traffic control services for construction projects; current; 2021,Strong field-services safety/compliance pattern with Spivey Services,Research customer mix seasonality equipment/labor intensity and local permitting drivers,High,seed
Endurance Search Partners,https://www.endurancesearchpartners.com/investments,AspenRidge,,Unknown from approved source,Investments,Unknown from approved source,Unknown from approved source,Unknown from approved source,Unknown from approved source; requires enrichment,Unknown from approved source; requires enrichment,Unknown from approved source; requires enrichment,Listed on Kay-approved source page (Investments; item type: operating company).,Preserve for pattern recognition; fit not yet assessed.,"Enrich website, industry, niche, customer type, revenue model, recurrence, criticality, fragmentation, and acquisition context from approved primary sources.",High,source_complete_unfiltered
Endurance Search Partners,https://www.endurancesearchpartners.com/investments,Aspire Home Healthcare,,Unknown from approved source,Investments,Unknown from approved source,Unknown from approved source,Unknown from approved source,Unknown from approved source; requires enrichment,Unknown from approved source; requires enrichment,Unknown from approved source; requires enrichment,Listed on Kay-approved source page (Investments; item type: operating company).,Preserve for pattern recognition; fit not yet assessed.,"Enrich website, industry, niche, customer type, revenue model, recurrence, criticality, fragmentation, and acquisition context from approved primary sources.",High,source_complete_unfiltered
Endurance Search Partners,https://www.endurancesearchpartners.com/investments,Atticus,,Unknown from approved source,Investments,Unknown from approved source,Unknown from approved source,Unknown from approved source,Unknown from approved source; requires enrichment,Unknown from approved source; requires enrichment,Unknown from approved source; requires enrichment,Listed on Kay-approved source page (Investments; item type: operating company).,Preserve for pattern recognition; fit not yet assessed.,"Enrich website, industry, niche, customer type, revenue model, recurrence, criticality, fragmentation, and acquisition context from approved primary sources.",High,source_complete_unfiltered
Endurance Search Partners,https://www.endurancesearchpartners.com/investments,Automotive Business Solutions (ABS),,Unknown from approved source,Investments,Unknown from approved source,Unknown from approved source,Unknown from approved source,Unknown from approved source; requires enrichment,Unknown from approved source; requires enrichment,Unknown from approved source; requires enrichment,Listed on Kay-approved source page (Investments; item type: operating company).,Preserve for pattern recognition; fit not yet assessed.,"Enrich website, industry, niche, customer type, revenue model, recurrence, criticality, fragmentation, and acquisition context from approved primary sources.",High,source_complete_unfiltered
Endurance Search Partners,https://www.endurancesearchpartners.com/investments,Avesta Ketamine & Wellness,,Unknown from approved source,Investments,Unknown from approved source,Unknown from approved source,Unknown from approved source,Unknown from approved source; requires enrichment,Unknown from approved source; requires enrichment,Unknown from approved source; requires enrichment,Listed on Kay-approved source page (Investments; item type: operating company).,Preserve for pattern recognition; fit not yet assessed.,"Enrich website, industry, niche, customer type, revenue model, recurrence, criticality, fragmentation, and acquisition context from approved primary sources.",High,source_complete_unfiltered
Endurance Search Partners,https://www.endurancesearchpartners.com/investments,AW Site Services Holdings,,Unknown from approved source,Investments,Unknown from approved source,Unknown from approved source,Unknown from approved source,Unknown from approved source; requires enrichment,Unknown from approved source; requires enrichment,Unknown from approved source; requires enrichment,Listed on Kay-approved source page (Investments; item type: operating company).,Preserve for pattern recognition; fit not yet assessed.,"Enrich website, industry, niche, customer type, revenue model, recurrence, criticality, fragmentation, and acquisition context from approved primary sources.",High,source_complete_unfiltered
Endurance Search Partners,https://www.endurancesearchpartners.com/investments,Axero Solutions,,Unknown from approved source,Investments,Unknown from approved source,Unknown from approved source,Unknown from approved source,Unknown from approved source; requires enrichment,Unknown from approved source; requires enrichment,Unknown from approved source; requires enrichment,Listed on Kay-approved source page (Investments; item type: operating company).,Preserve for pattern recognition; fit not yet assessed.,"Enrich website, industry, niche, customer type, revenue model, recurrence, criticality, fragmentation, and acquisition context from approved primary sources.",High,source_complete_unfiltered
Endurance Search Partners,https://www.endurancesearchpartners.com/investments,Aymira,,Unknown from approved source,Investments,Unknown from approved source,Unknown from approved source,Unknown from approved source,Unknown from approved source; requires enrichment,Unknown from approved source; requires enrichment,Unknown from approved source; requires enrichment,Listed on Kay-approved source page (Investments; item type: operating company).,Preserve for pattern recognition; fit not yet assessed.,"Enrich website, industry, niche, customer type, revenue model, recurrence, criticality, fragmentation, and acquisition context from approved primary sources.",High,source_complete_unfiltered
Endurance Search Partners,https://www.endurancesearchpartners.com/investments,BelleVie Wellness & Medical Aesthetics,,Unknown from approved source,Investments,Unknown from approved source,Unknown from approved source,Unknown from approved source,Unknown from approved source; requires enrichment,Unknown from approved source; requires enrichment,Unknown from approved source; requires enrichment,Listed on Kay-approved source page (Investments; item type: operating company).,Preserve for pattern recognition; fit not yet assessed.,"Enrich website, industry, niche, customer type, revenue model, recurrence, criticality, fragmentation, and acquisition context from approved primary sources.",High,source_complete_unfiltered
Endurance Search Partners,https://www.endurancesearchpartners.com/investments,Big Box Storage LLC,,Unknown from approved source,Investments,Unknown from approved source,Unknown from approved source,Unknown from approved source,Unknown from approved source; requires enrichment,Unknown from approved source; requires enrichment,Unknown from approved source; requires enrichment,Listed on Kay-approved source page (Investments; item type: operating company).,Preserve for pattern recognition; fit not yet assessed.,"Enrich website, industry, niche, customer type, revenue model, recurrence, criticality, fragmentation, and acquisition context from approved primary sources.",High,source_complete_unfiltered
Endurance Search Partners,https://www.endurancesearchpartners.com/investments,Bio Behavioral Institute,,Unknown from approved source,Investments,Unknown from approved source,Unknown from approved source,Unknown from approved source,Unknown from approved source; requires enrichment,Unknown from approved source; requires enrichment,Unknown from approved source; requires enrichment,Listed on Kay-approved source page (Investments; item type: operating company).,Preserve for pattern recognition; fit not yet assessed.,"Enrich website, industry, niche, customer type, revenue model, recurrence, criticality, fragmentation, and acquisition context from approved primary sources.",High,source_complete_unfiltered
Endurance Search Partners,https://www.endurancesearchpartners.com/investments,Blu Digital Group,,Unknown from approved source,Investments,Unknown from approved source,Unknown from approved source,Unknown from approved source,Unknown from approved source; requires enrichment,Unknown from approved source; requires enrichment,Unknown from approved source; requires enrichment,Listed on Kay-approved source page (Investments; item type: operating company).,Preserve for pattern recognition; fit not yet assessed.,"Enrich website, industry, niche, customer type, revenue model, recurrence, criticality, fragmentation, and acquisition context from approved primary sources.",High,source_complete_unfiltered
Endurance Search Partners,https://www.endurancesearchpartners.com/investments,Blue Sky Network,,Unknown from approved source,Investments,Unknown from approved source,Unknown from approved source,Unknown from approved source,Unknown from approved source; requires enrichment,Unknown from approved source; requires enrichment,Unknown from approved source; requires enrichment,Listed on Kay-approved source page (Investments; item type: operating company).,Preserve for pattern recognition; fit not yet assessed.,"Enrich website, industry, niche, customer type, revenue model, recurrence, criticality, fragmentation, and acquisition context from approved primary sources.",High,source_complete_unfiltered
Endurance Search Partners,https://www.endurancesearchpartners.com/investments,BNI,,Unknown from approved source,Investments,Unknown from approved source,Unknown from approved source,Unknown from approved source,Unknown from approved source; requires enrichment,Unknown from approved source; requires enrichment,Unknown from approved source; requires enrichment,Listed on Kay-approved source page (Investments; item type: operating company).,Preserve for pattern recognition; fit not yet assessed.,"Enrich website, industry, niche, customer type, revenue model, recurrence, criticality, fragmentation, and acquisition context from approved primary sources.",High,source_complete_unfiltered
Endurance Search Partners,https://www.endurancesearchpartners.com/investments,Botanical Designs,,Unknown from approved source,Investments,Unknown from approved source,Unknown from approved source,Unknown from approved source,Unknown from approved source; requires enrichment,Unknown from approved source; requires enrichment,Unknown from approved source; requires enrichment,Listed on Kay-approved source page (Investments; item type: operating company).,Preserve for pattern recognition; fit not yet assessed.,"Enrich website, industry, niche, customer type, revenue model, recurrence, criticality, fragmentation, and acquisition context from approved primary sources.",High,source_complete_unfiltered
Endurance Search Partners,https://www.endurancesearchpartners.com/investments,Bright Market LLC (dba FastSpring),,Unknown from approved source,Investments,Unknown from approved source,Unknown from approved source,Unknown from approved source,Unknown from approved source; requires enrichment,Unknown from approved source; requires enrichment,Unknown from approved source; requires enrichment,Listed on Kay-approved source page (Investments; item type: operating company).,Preserve for pattern recognition; fit not yet assessed.,"Enrich website, industry, niche, customer type, revenue model, recurrence, criticality, fragmentation, and acquisition context from approved primary sources.",High,source_complete_unfiltered
Endurance Search Partners,https://www.endurancesearchpartners.com/investments,Briscoe Protective (fka Worldwide Security),,Unknown from approved source,Investments,Unknown from approved source,Unknown from approved source,Unknown from approved source,Unknown from approved source; requires enrichment,Unknown from approved source; requires enrichment,Unknown from approved source; requires enrichment,Listed on Kay-approved source page (Investments; item type: operating company).,Preserve for pattern recognition; fit not yet assessed.,"Enrich website, industry, niche, customer type, revenue model, recurrence, criticality, fragmentation, and acquisition context from approved primary sources.",High,source_complete_unfiltered
Endurance Search Partners,https://www.endurancesearchpartners.com/investments,BroadPeak Partners,https://www.broadpeakpartners.com,Software / commodity trading,SaaS no-code data integration platform,Vertical SaaS,Commodity trading firms,Unknown,Endurance describes SaaS; recurring likely,Commodity trading data integration can be mission-critical/compliance-relevant,Niche trading data software fragmented,Endurance description: SaaS platform provider to commodity trading firms; current; 2023,Interesting vertical software in regulated/financial operations,Research retention integrations compliance drivers and market size,High,seed
Endurance Search Partners,https://www.endurancesearchpartners.com/investments,"Broughton Pharmaceuticals, LLC",,Unknown from approved source,Investments,Unknown from approved source,Unknown from approved source,Unknown from approved source,Unknown from approved source; requires enrichment,Unknown from approved source; requires enrichment,Unknown from approved source; requires enrichment,Listed on Kay-approved source page (Investments; item type: operating company).,Preserve for pattern recognition; fit not yet assessed.,"Enrich website, industry, niche, customer type, revenue model, recurrence, criticality, fragmentation, and acquisition context from approved primary sources.",High,source_complete_unfiltered
Endurance Search Partners,https://www.endurancesearchpartners.com/investments,Canadian Industrial Pumps Ltd.,,Unknown from approved source,Investments,Unknown from approved source,Unknown from approved source,Unknown from approved source,Unknown from approved source; requires enrichment,Unknown from approved source; requires enrichment,Unknown from approved source; requires enrichment,Listed on Kay-approved source page (Investments; item type: operating company).,Preserve for pattern recognition; fit not yet assessed.,"Enrich website, industry, niche, customer type, revenue model, recurrence, criticality, fragmentation, and acquisition context from approved primary sources.",High,source_complete_unfiltered
Endurance Search Partners,https://www.endurancesearchpartners.com/investments,Canyonlands Camps,,Unknown from approved source,Investments,Unknown from approved source,Unknown from approved source,Unknown from approved source,Unknown from approved source; requires enrichment,Unknown from approved source; requires enrichment,Unknown from approved source; requires enrichment,Listed on Kay-approved source page (Investments; item type: operating company).,Preserve for pattern recognition; fit not yet assessed.,"Enrich website, industry, niche, customer type, revenue model, recurrence, criticality, fragmentation, and acquisition context from approved primary sources.",High,source_complete_unfiltered
Endurance Search Partners,https://www.endurancesearchpartners.com/investments,"Capin-Vyborny, LLC",,Unknown from approved source,Investments,Unknown from approved source,Unknown from approved source,Unknown from approved source,Unknown from approved source; requires enrichment,Unknown from approved source; requires enrichment,Unknown from approved source; requires enrichment,Listed on Kay-approved source page (Investments; item type: operating company).,Preserve for pattern recognition; fit not yet assessed.,"Enrich website, industry, niche, customer type, revenue model, recurrence, criticality, fragmentation, and acquisition context from approved primary sources.",High,source_complete_unfiltered
Endurance Search Partners,https://www.endurancesearchpartners.com/investments,Caravel Autism Health,,Unknown from approved source,Investments,Unknown from approved source,Unknown from approved source,Unknown from approved source,Unknown from approved source; requires enrichment,Unknown from approved source; requires enrichment,Unknown from approved source; requires enrichment,Listed on Kay-approved source page (Investments; item type: operating company).,Preserve for pattern recognition; fit not yet assessed.,"Enrich website, industry, niche, customer type, revenue model, recurrence, criticality, fragmentation, and acquisition context from approved primary sources.",High,source_complete_unfiltered
Endurance Search Partners,https://www.endurancesearchpartners.com/investments,CarData,,Unknown from approved source,Investments,Unknown from approved source,Unknown from approved source,Unknown from approved source,Unknown from approved source; requires enrichment,Unknown from approved source; requires enrichment,Unknown from approved source; requires enrichment,Listed on Kay-approved source page (Investments; item type: operating company).,Preserve for pattern recognition; fit not yet assessed.,"Enrich website, industry, niche, customer type, revenue model, recurrence, criticality, fragmentation, and acquisition context from approved primary sources.",High,source_complete_unfiltered
Endurance Search Partners,https://www.endurancesearchpartners.com/investments,Castle Tire Recycling,,Unknown from approved source,Investments,Unknown from approved source,Unknown from approved source,Unknown from approved source,Unknown from approved source; requires enrichment,Unknown from approved source; requires enrichment,Unknown from approved source; requires enrichment,Listed on Kay-approved source page (Investments; item type: operating company).,Preserve for pattern recognition; fit not yet assessed.,"Enrich website, industry, niche, customer type, revenue model, recurrence, criticality, fragmentation, and acquisition context from approved primary sources.",High,source_complete_unfiltered
Endurance Search Partners,https://www.endurancesearchpartners.com/investments,CatchAll Environmental,,Unknown from approved source,Investments,Unknown from approved source,Unknown from approved source,Unknown from approved source,Unknown from approved source; requires enrichment,Unknown from approved source; requires enrichment,Unknown from approved source; requires enrichment,Listed on Kay-approved source page (Investments; item type: operating company).,Preserve for pattern recognition; fit not yet assessed.,"Enrich website, industry, niche, customer type, revenue model, recurrence, criticality, fragmentation, and acquisition context from approved primary sources.",High,source_complete_unfiltered
Endurance Search Partners,https://www.endurancesearchpartners.com/investments,Central Storage & Warehouse,,Unknown from approved source,Investments,Unknown from approved source,Unknown from approved source,Unknown from approved source,Unknown from approved source; requires enrichment,Unknown from approved source; requires enrichment,Unknown from approved source; requires enrichment,Listed on Kay-approved source page (Investments; item type: operating company).,Preserve for pattern recognition; fit not yet assessed.,"Enrich website, industry, niche, customer type, revenue model, recurrence, criticality, fragmentation, and acquisition context from approved primary sources.",High,source_complete_unfiltered
Endurance Search Partners,https://www.endurancesearchpartners.com/investments,Cerbo,,Unknown from approved source,Investments,Unknown from approved source,Unknown from approved source,Unknown from approved source,Unknown from approved source; requires enrichment,Unknown from approved source; requires enrichment,Unknown from approved source; requires enrichment,Listed on Kay-approved source page (Investments; item type: operating company).,Preserve for pattern recognition; fit not yet assessed.,"Enrich website, industry, niche, customer type, revenue model, recurrence, criticality, fragmentation, and acquisition context from approved primary sources.",High,source_complete_unfiltered
Endurance Search Partners,https://www.endurancesearchpartners.com/investments,Charter Impact,,Unknown from approved source,Investments,Unknown from approved source,Unknown from approved source,Unknown from approved source,Unknown from approved source; requires enrichment,Unknown from approved source; requires enrichment,Unknown from approved source; requires enrichment,Listed on Kay-approved source page (Investments; item type: operating company).,Preserve for pattern recognition; fit not yet assessed.,"Enrich website, industry, niche, customer type, revenue model, recurrence, criticality, fragmentation, and acquisition context from approved primary sources.",High,source_complete_unfiltered
Endurance Search Partners,https://www.endurancesearchpartners.com/investments,Chronus Corporation,,Unknown from approved source,Investments,Unknown from approved source,Unknown from approved source,Unknown from approved source,Unknown from approved source; requires enrichment,Unknown from approved source; requires enrichment,Unknown from approved source; requires enrichment,Listed on Kay-approved source page (Investments; item type: operating company).,Preserve for pattern recognition; fit not yet assessed.,"Enrich website, industry, niche, customer type, revenue model, recurrence, criticality, fragmentation, and acquisition context from approved primary sources.",High,source_complete_unfiltered
Endurance Search Partners,https://www.endurancesearchpartners.com/investments,Cicero Therapies,,Unknown from approved source,Investments,Unknown from approved source,Unknown from approved source,Unknown from approved source,Unknown from approved source; requires enrichment,Unknown from approved source; requires enrichment,Unknown from approved source; requires enrichment,Listed on Kay-approved source page (Investments; item type: operating company).,Preserve for pattern recognition; fit not yet assessed.,"Enrich website, industry, niche, customer type, revenue model, recurrence, criticality, fragmentation, and acquisition context from approved primary sources.",High,source_complete_unfiltered
Endurance Search Partners,https://www.endurancesearchpartners.com/investments,CITTA Brokerage Co.,,Unknown from approved source,Investments,Unknown from approved source,Unknown from approved source,Unknown from approved source,Unknown from approved source; requires enrichment,Unknown from approved source; requires enrichment,Unknown from approved source; requires enrichment,Listed on Kay-approved source page (Investments; item type: operating company).,Preserve for pattern recognition; fit not yet assessed.,"Enrich website, industry, niche, customer type, revenue model, recurrence, criticality, fragmentation, and acquisition context from approved primary sources.",High,source_complete_unfiltered
Endurance Search Partners,https://www.endurancesearchpartners.com/investments,Climate Earth,,Unknown from approved source,Investments,Unknown from approved source,Unknown from approved source,Unknown from approved source,Unknown from approved source; requires enrichment,Unknown from approved source; requires enrichment,Unknown from approved source; requires enrichment,Listed on Kay-approved source page (Investments; item type: operating company).,Preserve for pattern recognition; fit not yet assessed.,"Enrich website, industry, niche, customer type, revenue model, recurrence, criticality, fragmentation, and acquisition context from approved primary sources.",High,source_complete_unfiltered
Endurance Search Partners,https://www.endurancesearchpartners.com/investments,Community Resources and Support Services,,Unknown from approved source,Investments,Unknown from approved source,Unknown from approved source,Unknown from approved source,Unknown from approved source; requires enrichment,Unknown from approved source; requires enrichment,Unknown from approved source; requires enrichment,Listed on Kay-approved source page (Investments; item type: operating company).,Preserve for pattern recognition; fit not yet assessed.,"Enrich website, industry, niche, customer type, revenue model, recurrence, criticality, fragmentation, and acquisition context from approved primary sources.",High,source_complete_unfiltered
Endurance Search Partners,https://www.endurancesearchpartners.com/investments,ComplianceLine,,Unknown from approved source,Investments,Unknown from approved source,Unknown from approved source,Unknown from approved source,Unknown from approved source; requires enrichment,Unknown from approved source; requires enrichment,Unknown from approved source; requires enrichment,Listed on Kay-approved source page (Investments; item type: operating company).,Preserve for pattern recognition; fit not yet assessed.,"Enrich website, industry, niche, customer type, revenue model, recurrence, criticality, fragmentation, and acquisition context from approved primary sources.",High,source_complete_unfiltered
Endurance Search Partners,https://www.endurancesearchpartners.com/investments,Comprehensive Mobile Care,,Unknown from approved source,Investments,Unknown from approved source,Unknown from approved source,Unknown from approved source,Unknown from approved source; requires enrichment,Unknown from approved source; requires enrichment,Unknown from approved source; requires enrichment,Listed on Kay-approved source page (Investments; item type: operating company).,Preserve for pattern recognition; fit not yet assessed.,"Enrich website, industry, niche, customer type, revenue model, recurrence, criticality, fragmentation, and acquisition context from approved primary sources.",High,source_complete_unfiltered
Endurance Search Partners,https://www.endurancesearchpartners.com/investments,ComputeNorth,,Unknown from approved source,Investments,Unknown from approved source,Unknown from approved source,Unknown from approved source,Unknown from approved source; requires enrichment,Unknown from approved source; requires enrichment,Unknown from approved source; requires enrichment,Listed on Kay-approved source page (Investments; item type: operating company).,Preserve for pattern recognition; fit not yet assessed.,"Enrich website, industry, niche, customer type, revenue model, recurrence, criticality, fragmentation, and acquisition context from approved primary sources.",High,source_complete_unfiltered
Endurance Search Partners,https://www.endurancesearchpartners.com/investments,Concierge Plus,,Unknown from approved source,Investments,Unknown from approved source,Unknown from approved source,Unknown from approved source,Unknown from approved source; requires enrichment,Unknown from approved source; requires enrichment,Unknown from approved source; requires enrichment,Listed on Kay-approved source page (Investments; item type: operating company).,Preserve for pattern recognition; fit not yet assessed.,"Enrich website, industry, niche, customer type, revenue model, recurrence, criticality, fragmentation, and acquisition context from approved primary sources.",High,source_complete_unfiltered
Endurance Search Partners,https://www.endurancesearchpartners.com/investments,Constellant,,Unknown from approved source,Investments,Unknown from approved source,Unknown from approved source,Unknown from approved source,Unknown from approved source; requires enrichment,Unknown from approved source; requires enrichment,Unknown from approved source; requires enrichment,Listed on Kay-approved source page (Investments; item type: operating company).,Preserve for pattern recognition; fit not yet assessed.,"Enrich website, industry, niche, customer type, revenue model, recurrence, criticality, fragmentation, and acquisition context from approved primary sources.",High,source_complete_unfiltered
Endurance Search Partners,https://www.endurancesearchpartners.com/investments,"Contract Sweeping Services, LLC",,Unknown from approved source,Investments,Unknown from approved source,Unknown from approved source,Unknown from approved source,Unknown from approved source; requires enrichment,Unknown from approved source; requires enrichment,Unknown from approved source; requires enrichment,Listed on Kay-approved source page (Investments; item type: operating company).,Preserve for pattern recognition; fit not yet assessed.,"Enrich website, industry, niche, customer type, revenue model, recurrence, criticality, fragmentation, and acquisition context from approved primary sources.",High,source_complete_unfiltered
Endurance Search Partners,https://www.endurancesearchpartners.com/investments,Craftsman & Unity,,Unknown from approved source,Investments,Unknown from approved source,Unknown from approved source,Unknown from approved source,Unknown from approved source; requires enrichment,Unknown from approved source; requires enrichment,Unknown from approved source; requires enrichment,Listed on Kay-approved source page (Investments; item type: operating company).,Preserve for pattern recognition; fit not yet assessed.,"Enrich website, industry, niche, customer type, revenue model, recurrence, criticality, fragmentation, and acquisition context from approved primary sources.",High,source_complete_unfiltered
Endurance Search Partners,https://www.endurancesearchpartners.com/investments,Current Ware & Code Work,,Unknown from approved source,Investments,Unknown from approved source,Unknown from approved source,Unknown from approved source,Unknown from approved source; requires enrichment,Unknown from approved source; requires enrichment,Unknown from approved source; requires enrichment,Listed on Kay-approved source page (Investments; item type: operating company).,Preserve for pattern recognition; fit not yet assessed.,"Enrich website, industry, niche, customer type, revenue model, recurrence, criticality, fragmentation, and acquisition context from approved primary sources.",High,source_complete_unfiltered
Endurance Search Partners,https://www.endurancesearchpartners.com/investments,Design Communications (DCI),,Unknown from approved source,Investments,Unknown from approved source,Unknown from approved source,Unknown from approved source,Unknown from approved source; requires enrichment,Unknown from approved source; requires enrichment,Unknown from approved source; requires enrichment,Listed on Kay-approved source page (Investments; item type: operating company).,Preserve for pattern recognition; fit not yet assessed.,"Enrich website, industry, niche, customer type, revenue model, recurrence, criticality, fragmentation, and acquisition context from approved primary sources.",High,source_complete_unfiltered
Endurance Search Partners,https://www.endurancesearchpartners.com/investments,DHA Laboratory,,Unknown from approved source,Investments,Unknown from approved source,Unknown from approved source,Unknown from approved source,Unknown from approved source; requires enrichment,Unknown from approved source; requires enrichment,Unknown from approved source; requires enrichment,Listed on Kay-approved source page (Investments; item type: operating company).,Preserve for pattern recognition; fit not yet assessed.,"Enrich website, industry, niche, customer type, revenue model, recurrence, criticality, fragmentation, and acquisition context from approved primary sources.",High,source_complete_unfiltered
Endurance Search Partners,https://www.endurancesearchpartners.com/investments,Domecile,,Unknown from approved source,Investments,Unknown from approved source,Unknown from approved source,Unknown from approved source,Unknown from approved source; requires enrichment,Unknown from approved source; requires enrichment,Unknown from approved source; requires enrichment,Listed on Kay-approved source page (Investments; item type: operating company).,Preserve for pattern recognition; fit not yet assessed.,"Enrich website, industry, niche, customer type, revenue model, recurrence, criticality, fragmentation, and acquisition context from approved primary sources.",High,source_complete_unfiltered
Endurance Search Partners,https://www.endurancesearchpartners.com/investments,DriveSafe,,Unknown from approved source,Investments,Unknown from approved source,Unknown from approved source,Unknown from approved source,Unknown from approved source; requires enrichment,Unknown from approved source; requires enrichment,Unknown from approved source; requires enrichment,Listed on Kay-approved source page (Investments; item type: operating company).,Preserve for pattern recognition; fit not yet assessed.,"Enrich website, industry, niche, customer type, revenue model, recurrence, criticality, fragmentation, and acquisition context from approved primary sources.",High,source_complete_unfiltered
Endurance Search Partners,https://www.endurancesearchpartners.com/investments,DSD Partners,,Unknown from approved source,Investments,Unknown from approved source,Unknown from approved source,Unknown from approved source,Unknown from approved source; requires enrichment,Unknown from approved source; requires enrichment,Unknown from approved source; requires enrichment,Listed on Kay-approved source page (Investments; item type: operating company).,Preserve for pattern recognition; fit not yet assessed.,"Enrich website, industry, niche, customer type, revenue model, recurrence, criticality, fragmentation, and acquisition context from approved primary sources.",High,source_complete_unfiltered
Endurance Search Partners,https://www.endurancesearchpartners.com/investments,Dynamic Rubber,,Unknown from approved source,Investments,Unknown from approved source,Unknown from approved source,Unknown from approved source,Unknown from approved source; requires enrichment,Unknown from approved source; requires enrichment,Unknown from approved source; requires enrichment,Listed on Kay-approved source page (Investments; item type: operating company).,Preserve for pattern recognition; fit not yet assessed.,"Enrich website, industry, niche, customer type, revenue model, recurrence, criticality, fragmentation, and acquisition context from approved primary sources.",High,source_complete_unfiltered
Endurance Search Partners,https://www.endurancesearchpartners.com/investments,"Earth Development, Inc.",,Unknown from approved source,Investments,Unknown from approved source,Unknown from approved source,Unknown from approved source,Unknown from approved source; requires enrichment,Unknown from approved source; requires enrichment,Unknown from approved source; requires enrichment,Listed on Kay-approved source page (Investments; item type: operating company).,Preserve for pattern recognition; fit not yet assessed.,"Enrich website, industry, niche, customer type, revenue model, recurrence, criticality, fragmentation, and acquisition context from approved primary sources.",High,source_complete_unfiltered
Endurance Search Partners,https://www.endurancesearchpartners.com/investments,Echosec Systems,,Unknown from approved source,Investments,Unknown from approved source,Unknown from approved source,Unknown from approved source,Unknown from approved source; requires enrichment,Unknown from approved source; requires enrichment,Unknown from approved source; requires enrichment,Listed on Kay-approved source page (Investments; item type: operating company).,Preserve for pattern recognition; fit not yet assessed.,"Enrich website, industry, niche, customer type, revenue model, recurrence, criticality, fragmentation, and acquisition context from approved primary sources.",High,source_complete_unfiltered
Endurance Search Partners,https://www.endurancesearchpartners.com/investments,Eclipse Cash Systems,,Unknown from approved source,Investments,Unknown from approved source,Unknown from approved source,Unknown from approved source,Unknown from approved source; requires enrichment,Unknown from approved source; requires enrichment,Unknown from approved source; requires enrichment,Listed on Kay-approved source page (Investments; item type: operating company).,Preserve for pattern recognition; fit not yet assessed.,"Enrich website, industry, niche, customer type, revenue model, recurrence, criticality, fragmentation, and acquisition context from approved primary sources.",High,source_complete_unfiltered
Endurance Search Partners,https://www.endurancesearchpartners.com/investments,ElderTree,,Unknown from approved source,Investments,Unknown from approved source,Unknown from approved source,Unknown from approved source,Unknown from approved source; requires enrichment,Unknown from approved source; requires enrichment,Unknown from approved source; requires enrichment,Listed on Kay-approved source page (Investments; item type: operating company).,Preserve for pattern recognition; fit not yet assessed.,"Enrich website, industry, niche, customer type, revenue model, recurrence, criticality, fragmentation, and acquisition context from approved primary sources.",High,source_complete_unfiltered
Endurance Search Partners,https://www.endurancesearchpartners.com/investments,Eleven Software,,Unknown from approved source,Investments,Unknown from approved source,Unknown from approved source,Unknown from approved source,Unknown from approved source; requires enrichment,Unknown from approved source; requires enrichment,Unknown from approved source; requires enrichment,Listed on Kay-approved source page (Investments; item type: operating company).,Preserve for pattern recognition; fit not yet assessed.,"Enrich website, industry, niche, customer type, revenue model, recurrence, criticality, fragmentation, and acquisition context from approved primary sources.",High,source_complete_unfiltered
Endurance Search Partners,https://www.endurancesearchpartners.com/investments,Elk Analytics,,Unknown from approved source,Investments,Unknown from approved source,Unknown from approved source,Unknown from approved source,Unknown from approved source; requires enrichment,Unknown from approved source; requires enrichment,Unknown from approved source; requires enrichment,Listed on Kay-approved source page (Investments; item type: operating company).,Preserve for pattern recognition; fit not yet assessed.,"Enrich website, industry, niche, customer type, revenue model, recurrence, criticality, fragmentation, and acquisition context from approved primary sources.",High,source_complete_unfiltered
Endurance Search Partners,https://www.endurancesearchpartners.com/investments,"Emporos, Inc.",,Unknown from approved source,Investments,Unknown from approved source,Unknown from approved source,Unknown from approved source,Unknown from approved source; requires enrichment,Unknown from approved source; requires enrichment,Unknown from approved source; requires enrichment,Listed on Kay-approved source page (Investments; item type: operating company).,Preserve for pattern recognition; fit not yet assessed.,"Enrich website, industry, niche, customer type, revenue model, recurrence, criticality, fragmentation, and acquisition context from approved primary sources.",High,source_complete_unfiltered
Endurance Search Partners,https://www.endurancesearchpartners.com/investments,Ennoble Care,,Unknown from approved source,Investments,Unknown from approved source,Unknown from approved source,Unknown from approved source,Unknown from approved source; requires enrichment,Unknown from approved source; requires enrichment,Unknown from approved source; requires enrichment,Listed on Kay-approved source page (Investments; item type: operating company).,Preserve for pattern recognition; fit not yet assessed.,"Enrich website, industry, niche, customer type, revenue model, recurrence, criticality, fragmentation, and acquisition context from approved primary sources.",High,source_complete_unfiltered
Endurance Search Partners,https://www.endurancesearchpartners.com/investments,Environmental Monitoring and Technologies (EMT),,Unknown from approved source,Investments,Unknown from approved source,Unknown from approved source,Unknown from approved source,Unknown from approved source; requires enrichment,Unknown from approved source; requires enrichment,Unknown from approved source; requires enrichment,Listed on Kay-approved source page (Investments; item type: operating company).,Preserve for pattern recognition; fit not yet assessed.,"Enrich website, industry, niche, customer type, revenue model, recurrence, criticality, fragmentation, and acquisition context from approved primary sources.",High,source_complete_unfiltered
Endurance Search Partners,https://www.endurancesearchpartners.com/investments,ePac Flexible Packaging,,Unknown from approved source,Investments,Unknown from approved source,Unknown from approved source,Unknown from approved source,Unknown from approved source; requires enrichment,Unknown from approved source; requires enrichment,Unknown from approved source; requires enrichment,Listed on Kay-approved source page (Investments; item type: operating company).,Preserve for pattern recognition; fit not yet assessed.,"Enrich website, industry, niche, customer type, revenue model, recurrence, criticality, fragmentation, and acquisition context from approved primary sources.",High,source_complete_unfiltered
Endurance Search Partners,https://www.endurancesearchpartners.com/investments,EvoText,,Unknown from approved source,Investments,Unknown from approved source,Unknown from approved source,Unknown from approved source,Unknown from approved source; requires enrichment,Unknown from approved source; requires enrichment,Unknown from approved source; requires enrichment,Listed on Kay-approved source page (Investments; item type: operating company).,Preserve for pattern recognition; fit not yet assessed.,"Enrich website, industry, niche, customer type, revenue model, recurrence, criticality, fragmentation, and acquisition context from approved primary sources.",High,source_complete_unfiltered
Endurance Search Partners,https://www.endurancesearchpartners.com/investments,ExpensePoint,,Unknown from approved source,Investments,Unknown from approved source,Unknown from approved source,Unknown from approved source,Unknown from approved source; requires enrichment,Unknown from approved source; requires enrichment,Unknown from approved source; requires enrichment,Listed on Kay-approved source page (Investments; item type: operating company).,Preserve for pattern recognition; fit not yet assessed.,"Enrich website, industry, niche, customer type, revenue model, recurrence, criticality, fragmentation, and acquisition context from approved primary sources.",High,source_complete_unfiltered
Endurance Search Partners,https://www.endurancesearchpartners.com/investments,"Facilities Survey, Inc.",,Unknown from approved source,Investments,Unknown from approved source,Unknown from approved source,Unknown from approved source,Unknown from approved source; requires enrichment,Unknown from approved source; requires enrichment,Unknown from approved source; requires enrichment,Listed on Kay-approved source page (Investments; item type: operating company).,Preserve for pattern recognition; fit not yet assessed.,"Enrich website, industry, niche, customer type, revenue model, recurrence, criticality, fragmentation, and acquisition context from approved primary sources.",High,source_complete_unfiltered
Endurance Search Partners,https://www.endurancesearchpartners.com/investments,Falcon Critical Care Transport,,Unknown from approved source,Investments,Unknown from approved source,Unknown from approved source,Unknown from approved source,Unknown from approved source; requires enrichment,Unknown from approved source; requires enrichment,Unknown from approved source; requires enrichment,Listed on Kay-approved source page (Investments; item type: operating company).,Preserve for pattern recognition; fit not yet assessed.,"Enrich website, industry, niche, customer type, revenue model, recurrence, criticality, fragmentation, and acquisition context from approved primary sources.",High,source_complete_unfiltered
Endurance Search Partners,https://www.endurancesearchpartners.com/investments,Financial Insurance Management Corporation (FIMC),,Unknown from approved source,Investments,Unknown from approved source,Unknown from approved source,Unknown from approved source,Unknown from approved source; requires enrichment,Unknown from approved source; requires enrichment,Unknown from approved source; requires enrichment,Listed on Kay-approved source page (Investments; item type: operating company).,Preserve for pattern recognition; fit not yet assessed.,"Enrich website, industry, niche, customer type, revenue model, recurrence, criticality, fragmentation, and acquisition context from approved primary sources.",High,source_complete_unfiltered
Endurance Search Partners,https://www.endurancesearchpartners.com/investments,Fleetflo,,Unknown from approved source,Investments,Unknown from approved source,Unknown from approved source,Unknown from approved source,Unknown from approved source; requires enrichment,Unknown from approved source; requires enrichment,Unknown from approved source; requires enrichment,Listed on Kay-approved source page (Investments; item type: operating company).,Preserve for pattern recognition; fit not yet assessed.,"Enrich website, industry, niche, customer type, revenue model, recurrence, criticality, fragmentation, and acquisition context from approved primary sources.",High,source_complete_unfiltered
Endurance Search Partners,https://www.endurancesearchpartners.com/investments,FluidSecure,,Unknown from approved source,Investments,Unknown from approved source,Unknown from approved source,Unknown from approved source,Unknown from approved source; requires enrichment,Unknown from approved source; requires enrichment,Unknown from approved source; requires enrichment,Listed on Kay-approved source page (Investments; item type: operating company).,Preserve for pattern recognition; fit not yet assessed.,"Enrich website, industry, niche, customer type, revenue model, recurrence, criticality, fragmentation, and acquisition context from approved primary sources.",High,source_complete_unfiltered
Endurance Search Partners,https://www.endurancesearchpartners.com/investments,Foster Heating and Cooling,,Unknown from approved source,Investments,Unknown from approved source,Unknown from approved source,Unknown from approved source,Unknown from approved source; requires enrichment,Unknown from approved source; requires enrichment,Unknown from approved source; requires enrichment,Listed on Kay-approved source page (Investments; item type: operating company).,Preserve for pattern recognition; fit not yet assessed.,"Enrich website, industry, niche, customer type, revenue model, recurrence, criticality, fragmentation, and acquisition context from approved primary sources.",High,source_complete_unfiltered
Endurance Search Partners,https://www.endurancesearchpartners.com/investments,GlobalCFO Group,,Unknown from approved source,Investments,Unknown from approved source,Unknown from approved source,Unknown from approved source,Unknown from approved source; requires enrichment,Unknown from approved source; requires enrichment,Unknown from approved source; requires enrichment,Listed on Kay-approved source page (Investments; item type: operating company).,Preserve for pattern recognition; fit not yet assessed.,"Enrich website, industry, niche, customer type, revenue model, recurrence, criticality, fragmentation, and acquisition context from approved primary sources.",High,source_complete_unfiltered
Endurance Search Partners,https://www.endurancesearchpartners.com/investments,GLP Canada,,Unknown from approved source,Investments,Unknown from approved source,Unknown from approved source,Unknown from approved source,Unknown from approved source; requires enrichment,Unknown from approved source; requires enrichment,Unknown from approved source; requires enrichment,Listed on Kay-approved source page (Investments; item type: operating company).,Preserve for pattern recognition; fit not yet assessed.,"Enrich website, industry, niche, customer type, revenue model, recurrence, criticality, fragmentation, and acquisition context from approved primary sources.",High,source_complete_unfiltered
Endurance Search Partners,https://www.endurancesearchpartners.com/investments,Greenback Expat Tax Services,,Unknown from approved source,Investments,Unknown from approved source,Unknown from approved source,Unknown from approved source,Unknown from approved source; requires enrichment,Unknown from approved source; requires enrichment,Unknown from approved source; requires enrichment,Listed on Kay-approved source page (Investments; item type: operating company).,Preserve for pattern recognition; fit not yet assessed.,"Enrich website, industry, niche, customer type, revenue model, recurrence, criticality, fragmentation, and acquisition context from approved primary sources.",High,source_complete_unfiltered
Endurance Search Partners,https://www.endurancesearchpartners.com/investments,Growth 99,,Unknown from approved source,Investments,Unknown from approved source,Unknown from approved source,Unknown from approved source,Unknown from approved source; requires enrichment,Unknown from approved source; requires enrichment,Unknown from approved source; requires enrichment,Listed on Kay-approved source page (Investments; item type: operating company).,Preserve for pattern recognition; fit not yet assessed.,"Enrich website, industry, niche, customer type, revenue model, recurrence, criticality, fragmentation, and acquisition context from approved primary sources.",High,source_complete_unfiltered
Endurance Search Partners,https://www.endurancesearchpartners.com/investments,HealthMark Group,,Unknown from approved source,Investments,Unknown from approved source,Unknown from approved source,Unknown from approved source,Unknown from approved source; requires enrichment,Unknown from approved source; requires enrichment,Unknown from approved source; requires enrichment,Listed on Kay-approved source page (Investments; item type: operating company).,Preserve for pattern recognition; fit not yet assessed.,"Enrich website, industry, niche, customer type, revenue model, recurrence, criticality, fragmentation, and acquisition context from approved primary sources.",High,source_complete_unfiltered
Endurance Search Partners,https://www.endurancesearchpartners.com/investments,Health Training Educational Services,,Unknown from approved source,Investments,Unknown from approved source,Unknown from approved source,Unknown from approved source,Unknown from approved source; requires enrichment,Unknown from approved source; requires enrichment,Unknown from approved source; requires enrichment,Listed on Kay-approved source page (Investments; item type: operating company).,Preserve for pattern recognition; fit not yet assessed.,"Enrich website, industry, niche, customer type, revenue model, recurrence, criticality, fragmentation, and acquisition context from approved primary sources.",High,source_complete_unfiltered
Endurance Search Partners,https://www.endurancesearchpartners.com/investments,Honolulu Ship Supply Co.,,Unknown from approved source,Investments,Unknown from approved source,Unknown from approved source,Unknown from approved source,Unknown from approved source; requires enrichment,Unknown from approved source; requires enrichment,Unknown from approved source; requires enrichment,Listed on Kay-approved source page (Investments; item type: operating company).,Preserve for pattern recognition; fit not yet assessed.,"Enrich website, industry, niche, customer type, revenue model, recurrence, criticality, fragmentation, and acquisition context from approved primary sources.",High,source_complete_unfiltered
Endurance Search Partners,https://www.endurancesearchpartners.com/investments,HousingWire,,Unknown from approved source,Investments,Unknown from approved source,Unknown from approved source,Unknown from approved source,Unknown from approved source; requires enrichment,Unknown from approved source; requires enrichment,Unknown from approved source; requires enrichment,Listed on Kay-approved source page (Investments; item type: operating company).,Preserve for pattern recognition; fit not yet assessed.,"Enrich website, industry, niche, customer type, revenue model, recurrence, criticality, fragmentation, and acquisition context from approved primary sources.",High,source_complete_unfiltered
Endurance Search Partners,https://www.endurancesearchpartners.com/investments,HRTMS,,Unknown from approved source,Investments,Unknown from approved source,Unknown from approved source,Unknown from approved source,Unknown from approved source; requires enrichment,Unknown from approved source; requires enrichment,Unknown from approved source; requires enrichment,Listed on Kay-approved source page (Investments; item type: operating company).,Preserve for pattern recognition; fit not yet assessed.,"Enrich website, industry, niche, customer type, revenue model, recurrence, criticality, fragmentation, and acquisition context from approved primary sources.",High,source_complete_unfiltered
Endurance Search Partners,https://www.endurancesearchpartners.com/investments,HRtoGo,,Unknown from approved source,Investments,Unknown from approved source,Unknown from approved source,Unknown from approved source,Unknown from approved source; requires enrichment,Unknown from approved source; requires enrichment,Unknown from approved source; requires enrichment,Listed on Kay-approved source page (Investments; item type: operating company).,Preserve for pattern recognition; fit not yet assessed.,"Enrich website, industry, niche, customer type, revenue model, recurrence, criticality, fragmentation, and acquisition context from approved primary sources.",High,source_complete_unfiltered
Endurance Search Partners,https://www.endurancesearchpartners.com/investments,"Hydro Flow Products, Inc.",,Unknown from approved source,Investments,Unknown from approved source,Unknown from approved source,Unknown from approved source,Unknown from approved source; requires enrichment,Unknown from approved source; requires enrichment,Unknown from approved source; requires enrichment,Listed on Kay-approved source page (Investments; item type: operating company).,Preserve for pattern recognition; fit not yet assessed.,"Enrich website, industry, niche, customer type, revenue model, recurrence, criticality, fragmentation, and acquisition context from approved primary sources.",High,source_complete_unfiltered
Endurance Search Partners,https://www.endurancesearchpartners.com/investments,"Integrated Computer Systems, Inc.",,Unknown from approved source,Investments,Unknown from approved source,Unknown from approved source,Unknown from approved source,Unknown from approved source; requires enrichment,Unknown from approved source; requires enrichment,Unknown from approved source; requires enrichment,Listed on Kay-approved source page (Investments; item type: operating company).,Preserve for pattern recognition; fit not yet assessed.,"Enrich website, industry, niche, customer type, revenue model, recurrence, criticality, fragmentation, and acquisition context from approved primary sources.",High,source_complete_unfiltered
Endurance Search Partners,https://www.endurancesearchpartners.com/investments,ISI Telemanagement Solutions,,Unknown from approved source,Investments,Unknown from approved source,Unknown from approved source,Unknown from approved source,Unknown from approved source; requires enrichment,Unknown from approved source; requires enrichment,Unknown from approved source; requires enrichment,Listed on Kay-approved source page (Investments; item type: operating company).,Preserve for pattern recognition; fit not yet assessed.,"Enrich website, industry, niche, customer type, revenue model, recurrence, criticality, fragmentation, and acquisition context from approved primary sources.",High,source_complete_unfiltered
Endurance Search Partners,https://www.endurancesearchpartners.com/investments,"ISPN, Inc.",,Unknown from approved source,Investments,Unknown from approved source,Unknown from approved source,Unknown from approved source,Unknown from approved source; requires enrichment,Unknown from approved source; requires enrichment,Unknown from approved source; requires enrichment,Listed on Kay-approved source page (Investments; item type: operating company).,Preserve for pattern recognition; fit not yet assessed.,"Enrich website, industry, niche, customer type, revenue model, recurrence, criticality, fragmentation, and acquisition context from approved primary sources.",High,source_complete_unfiltered
Endurance Search Partners,https://www.endurancesearchpartners.com/investments,"Kantola Training Solutions, LLC",,Unknown from approved source,Investments,Unknown from approved source,Unknown from approved source,Unknown from approved source,Unknown from approved source; requires enrichment,Unknown from approved source; requires enrichment,Unknown from approved source; requires enrichment,Listed on Kay-approved source page (Investments; item type: operating company).,Preserve for pattern recognition; fit not yet assessed.,"Enrich website, industry, niche, customer type, revenue model, recurrence, criticality, fragmentation, and acquisition context from approved primary sources.",High,source_complete_unfiltered
Endurance Search Partners,https://www.endurancesearchpartners.com/investments,"Katonah Management Services, LLC",,Unknown from approved source,Investments,Unknown from approved source,Unknown from approved source,Unknown from approved source,Unknown from approved source; requires enrichment,Unknown from approved source; requires enrichment,Unknown from approved source; requires enrichment,Listed on Kay-approved source page (Investments; item type: operating company).,Preserve for pattern recognition; fit not yet assessed.,"Enrich website, industry, niche, customer type, revenue model, recurrence, criticality, fragmentation, and acquisition context from approved primary sources.",High,source_complete_unfiltered
Endurance Search Partners,https://www.endurancesearchpartners.com/investments,KGHP,,Unknown from approved source,Investments,Unknown from approved source,Unknown from approved source,Unknown from approved source,Unknown from approved source; requires enrichment,Unknown from approved source; requires enrichment,Unknown from approved source; requires enrichment,Listed on Kay-approved source page (Investments; item type: operating company).,Preserve for pattern recognition; fit not yet assessed.,"Enrich website, industry, niche, customer type, revenue model, recurrence, criticality, fragmentation, and acquisition context from approved primary sources.",High,source_complete_unfiltered
Endurance Search Partners,https://www.endurancesearchpartners.com/investments,Kivuto Solutions Inc.,,Unknown from approved source,Investments,Unknown from approved source,Unknown from approved source,Unknown from approved source,Unknown from approved source; requires enrichment,Unknown from approved source; requires enrichment,Unknown from approved source; requires enrichment,Listed on Kay-approved source page (Investments; item type: operating company).,Preserve for pattern recognition; fit not yet assessed.,"Enrich website, industry, niche, customer type, revenue model, recurrence, criticality, fragmentation, and acquisition context from approved primary sources.",High,source_complete_unfiltered
Endurance Search Partners,https://www.endurancesearchpartners.com/investments,Kollath CPA,,Unknown from approved source,Investments,Unknown from approved source,Unknown from approved source,Unknown from approved source,Unknown from approved source; requires enrichment,Unknown from approved source; requires enrichment,Unknown from approved source; requires enrichment,Listed on Kay-approved source page (Investments; item type: operating company).,Preserve for pattern recognition; fit not yet assessed.,"Enrich website, industry, niche, customer type, revenue model, recurrence, criticality, fragmentation, and acquisition context from approved primary sources.",High,source_complete_unfiltered
Endurance Search Partners,https://www.endurancesearchpartners.com/investments,Kotter Group,,Unknown from approved source,Investments,Unknown from approved source,Unknown from approved source,Unknown from approved source,Unknown from approved source; requires enrichment,Unknown from approved source; requires enrichment,Unknown from approved source; requires enrichment,Listed on Kay-approved source page (Investments; item type: operating company).,Preserve for pattern recognition; fit not yet assessed.,"Enrich website, industry, niche, customer type, revenue model, recurrence, criticality, fragmentation, and acquisition context from approved primary sources.",High,source_complete_unfiltered
Next Coast Ventures,https://www.nextcoastventures.com/portfolio,"We back early stage, high-growth startups outside the coasts",,Unknown from approved source,Portfolio,Unknown from approved source,Unknown from approved source,Unknown from approved source,Unknown from approved source; requires enrichment,Unknown from approved source; requires enrichment,Unknown from approved source; requires enrichment,Listed on Kay-approved source page (Portfolio; item type: operating company).,Preserve for pattern recognition; fit not yet assessed.,"Enrich website, industry, niche, customer type, revenue model, recurrence, criticality, fragmentation, and acquisition context from approved primary sources.",High,source_complete_unfiltered
Next Coast Ventures,https://www.nextcoastventures.com/portfolio,Able,,Unknown from approved source,Portfolio,Unknown from approved source,Unknown from approved source,Unknown from approved source,Unknown from approved source; requires enrichment,Unknown from approved source; requires enrichment,Unknown from approved source; requires enrichment,Listed on Kay-approved source page (Portfolio; item type: operating company).,Preserve for pattern recognition; fit not yet assessed.,"Enrich website, industry, niche, customer type, revenue model, recurrence, criticality, fragmentation, and acquisition context from approved primary sources.",High,source_complete_unfiltered
Next Coast Ventures,https://www.nextcoastventures.com/portfolio,Acadeum,,Unknown from approved source,Portfolio,Unknown from approved source,Unknown from approved source,Unknown from approved source,Unknown from approved source; requires enrichment,Unknown from approved source; requires enrichment,Unknown from approved source; requires enrichment,Listed on Kay-approved source page (Portfolio; item type: operating company).,Preserve for pattern recognition; fit not yet assessed.,"Enrich website, industry, niche, customer type, revenue model, recurrence, criticality, fragmentation, and acquisition context from approved primary sources.",High,source_complete_unfiltered
Next Coast Ventures,https://www.nextcoastventures.com/portfolio,"Aceable, Inc.",,Unknown from approved source,Portfolio,Unknown from approved source,Unknown from approved source,Unknown from approved source,Unknown from approved source; requires enrichment,Unknown from approved source; requires enrichment,Unknown from approved source; requires enrichment,Listed on Kay-approved source page (Portfolio; item type: operating company).,Preserve for pattern recognition; fit not yet assessed.,"Enrich website, industry, niche, customer type, revenue model, recurrence, criticality, fragmentation, and acquisition context from approved primary sources.",High,source_complete_unfiltered
Next Coast Ventures,https://www.nextcoastventures.com/portfolio,"Aclaimant, Inc.",,Unknown from approved source,Portfolio,Unknown from approved source,Unknown from approved source,Unknown from approved source,Unknown from approved source; requires enrichment,Unknown from approved source; requires enrichment,Unknown from approved source; requires enrichment,Listed on Kay-approved source page (Portfolio; item type: operating company).,Preserve for pattern recognition; fit not yet assessed.,"Enrich website, industry, niche, customer type, revenue model, recurrence, criticality, fragmentation, and acquisition context from approved primary sources.",High,source_complete_unfiltered
Next Coast Ventures,https://www.nextcoastventures.com/portfolio,"Alert Media, Inc.",,Unknown from approved source,Portfolio,Unknown from approved source,Unknown from approved source,Unknown from approved source,Unknown from approved source; requires enrichment,Unknown from approved source; requires enrichment,Unknown from approved source; requires enrichment,Listed on Kay-approved source page (Portfolio; item type: operating company).,Preserve for pattern recognition; fit not yet assessed.,"Enrich website, industry, niche, customer type, revenue model, recurrence, criticality, fragmentation, and acquisition context from approved primary sources.",High,source_complete_unfiltered
Next Coast Ventures,https://www.nextcoastventures.com/portfolio,Alias,,Unknown from approved source,Portfolio,Unknown from approved source,Unknown from approved source,Unknown from approved source,Unknown from approved source; requires enrichment,Unknown from approved source; requires enrichment,Unknown from approved source; requires enrichment,Listed on Kay-approved source page (Portfolio; item type: operating company).,Preserve for pattern recognition; fit not yet assessed.,"Enrich website, industry, niche, customer type, revenue model, recurrence, criticality, fragmentation, and acquisition context from approved primary sources.",High,source_complete_unfiltered
Next Coast Ventures,https://www.nextcoastventures.com/portfolio,Arcade,,Unknown from approved source,Portfolio,Unknown from approved source,Unknown from approved source,Unknown from approved source,Unknown from approved source; requires enrichment,Unknown from approved source; requires enrichment,Unknown from approved source; requires enrichment,Listed on Kay-approved source page (Portfolio; item type: operating company).,Preserve for pattern recognition; fit not yet assessed.,"Enrich website, industry, niche, customer type, revenue model, recurrence, criticality, fragmentation, and acquisition context from approved primary sources.",High,source_complete_unfiltered
Next Coast Ventures,https://www.nextcoastventures.com/portfolio,Architect.io,,Unknown from approved source,Portfolio,Unknown from approved source,Unknown from approved source,Unknown from approved source,Unknown from approved source; requires enrichment,Unknown from approved source; requires enrichment,Unknown from approved source; requires enrichment,Listed on Kay-approved source page (Portfolio; item type: operating company).,Preserve for pattern recognition; fit not yet assessed.,"Enrich website, industry, niche, customer type, revenue model, recurrence, criticality, fragmentation, and acquisition context from approved primary sources.",High,source_complete_unfiltered
Next Coast Ventures,https://www.nextcoastventures.com/portfolio,"Boxt, Inc.",,Unknown from approved source,Portfolio,Unknown from approved source,Unknown from approved source,Unknown from approved source,Unknown from approved source; requires enrichment,Unknown from approved source; requires enrichment,Unknown from approved source; requires enrichment,Listed on Kay-approved source page (Portfolio; item type: operating company).,Preserve for pattern recognition; fit not yet assessed.,"Enrich website, industry, niche, customer type, revenue model, recurrence, criticality, fragmentation, and acquisition context from approved primary sources.",High,source_complete_unfiltered
Next Coast Ventures,https://www.nextcoastventures.com/portfolio,BrainCheck,,Unknown from approved source,Portfolio,Unknown from approved source,Unknown from approved source,Unknown from approved source,Unknown from approved source; requires enrichment,Unknown from approved source; requires enrichment,Unknown from approved source; requires enrichment,Listed on Kay-approved source page (Portfolio; item type: operating company).,Preserve for pattern recognition; fit not yet assessed.,"Enrich website, industry, niche, customer type, revenue model, recurrence, criticality, fragmentation, and acquisition context from approved primary sources.",High,source_complete_unfiltered
Next Coast Ventures,https://www.nextcoastventures.com/portfolio,"Brava Home, Inc.",,Unknown from approved source,Portfolio,Unknown from approved source,Unknown from approved source,Unknown from approved source,Unknown from approved source; requires enrichment,Unknown from approved source; requires enrichment,Unknown from approved source; requires enrichment,Listed on Kay-approved source page (Portfolio; item type: operating company).,Preserve for pattern recognition; fit not yet assessed.,"Enrich website, industry, niche, customer type, revenue model, recurrence, criticality, fragmentation, and acquisition context from approved primary sources.",High,source_complete_unfiltered
Next Coast Ventures,https://www.nextcoastventures.com/portfolio,"Cardlytics, Inc.",,Unknown from approved source,Portfolio,Unknown from approved source,Unknown from approved source,Unknown from approved source,Unknown from approved source; requires enrichment,Unknown from approved source; requires enrichment,Unknown from approved source; requires enrichment,Listed on Kay-approved source page (Portfolio; item type: operating company).,Preserve for pattern recognition; fit not yet assessed.,"Enrich website, industry, niche, customer type, revenue model, recurrence, criticality, fragmentation, and acquisition context from approved primary sources.",High,source_complete_unfiltered
Next Coast Ventures,https://www.nextcoastventures.com/portfolio,"Ceresa, Inc.",,Unknown from approved source,Portfolio,Unknown from approved source,Unknown from approved source,Unknown from approved source,Unknown from approved source; requires enrichment,Unknown from approved source; requires enrichment,Unknown from approved source; requires enrichment,Listed on Kay-approved source page (Portfolio; item type: operating company).,Preserve for pattern recognition; fit not yet assessed.,"Enrich website, industry, niche, customer type, revenue model, recurrence, criticality, fragmentation, and acquisition context from approved primary sources.",High,source_complete_unfiltered
Next Coast Ventures,https://www.nextcoastventures.com/portfolio,Chargeback,https://chargeback.com,Software / payments,Dispute management automation platform,SaaS/workflow software,In-house payment/dispute teams,Unknown,Software likely recurring,Payment disputes affect revenue leakage and compliance,Chargeback/dispute software niche fragmented,Next Coast description: integrated platform to automate and manage disputes,Useful financial operations workflow software signal,Research vertical customer type retention and payments ecosystem dependency,Medium,selective_seed
Next Coast Ventures,https://www.nextcoastventures.com/portfolio,"Clarity Money, Inc.",,Unknown from approved source,Portfolio,Unknown from approved source,Unknown from approved source,Unknown from approved source,Unknown from approved source; requires enrichment,Unknown from approved source; requires enrichment,Unknown from approved source; requires enrichment,Listed on Kay-approved source page (Portfolio; item type: operating company).,Preserve for pattern recognition; fit not yet assessed.,"Enrich website, industry, niche, customer type, revenue model, recurrence, criticality, fragmentation, and acquisition context from approved primary sources.",High,source_complete_unfiltered
Next Coast Ventures,https://www.nextcoastventures.com/portfolio,CollX,,Unknown from approved source,Portfolio,Unknown from approved source,Unknown from approved source,Unknown from approved source,Unknown from approved source; requires enrichment,Unknown from approved source; requires enrichment,Unknown from approved source; requires enrichment,Listed on Kay-approved source page (Portfolio; item type: operating company).,Preserve for pattern recognition; fit not yet assessed.,"Enrich website, industry, niche, customer type, revenue model, recurrence, criticality, fragmentation, and acquisition context from approved primary sources.",High,source_complete_unfiltered
Next Coast Ventures,https://www.nextcoastventures.com/portfolio,Conversifi,,Unknown from approved source,Portfolio,Unknown from approved source,Unknown from approved source,Unknown from approved source,Unknown from approved source; requires enrichment,Unknown from approved source; requires enrichment,Unknown from approved source; requires enrichment,Listed on Kay-approved source page (Portfolio; item type: operating company).,Preserve for pattern recognition; fit not yet assessed.,"Enrich website, industry, niche, customer type, revenue model, recurrence, criticality, fragmentation, and acquisition context from approved primary sources.",High,source_complete_unfiltered
Next Coast Ventures,https://www.nextcoastventures.com/portfolio,CoPilot Corporation,,Unknown from approved source,Portfolio,Unknown from approved source,Unknown from approved source,Unknown from approved source,Unknown from approved source; requires enrichment,Unknown from approved source; requires enrichment,Unknown from approved source; requires enrichment,Listed on Kay-approved source page (Portfolio; item type: operating company).,Preserve for pattern recognition; fit not yet assessed.,"Enrich website, industry, niche, customer type, revenue model, recurrence, criticality, fragmentation, and acquisition context from approved primary sources.",High,source_complete_unfiltered
Next Coast Ventures,https://www.nextcoastventures.com/portfolio,CoreChain,,Unknown from approved source,Portfolio,Unknown from approved source,Unknown from approved source,Unknown from approved source,Unknown from approved source; requires enrichment,Unknown from approved source; requires enrichment,Unknown from approved source; requires enrichment,Listed on Kay-approved source page (Portfolio; item type: operating company).,Preserve for pattern recognition; fit not yet assessed.,"Enrich website, industry, niche, customer type, revenue model, recurrence, criticality, fragmentation, and acquisition context from approved primary sources.",High,source_complete_unfiltered
Next Coast Ventures,https://www.nextcoastventures.com/portfolio,"Crowdhealth, Inc.",,Unknown from approved source,Portfolio,Unknown from approved source,Unknown from approved source,Unknown from approved source,Unknown from approved source; requires enrichment,Unknown from approved source; requires enrichment,Unknown from approved source; requires enrichment,Listed on Kay-approved source page (Portfolio; item type: operating company).,Preserve for pattern recognition; fit not yet assessed.,"Enrich website, industry, niche, customer type, revenue model, recurrence, criticality, fragmentation, and acquisition context from approved primary sources.",High,source_complete_unfiltered
Next Coast Ventures,https://www.nextcoastventures.com/portfolio,Cuvrd,,Unknown from approved source,Portfolio,Unknown from approved source,Unknown from approved source,Unknown from approved source,Unknown from approved source; requires enrichment,Unknown from approved source; requires enrichment,Unknown from approved source; requires enrichment,Listed on Kay-approved source page (Portfolio; item type: operating company).,Preserve for pattern recognition; fit not yet assessed.,"Enrich website, industry, niche, customer type, revenue model, recurrence, criticality, fragmentation, and acquisition context from approved primary sources.",High,source_complete_unfiltered
Next Coast Ventures,https://www.nextcoastventures.com/portfolio,Diligent Robotics,,Unknown from approved source,Portfolio,Unknown from approved source,Unknown from approved source,Unknown from approved source,Unknown from approved source; requires enrichment,Unknown from approved source; requires enrichment,Unknown from approved source; requires enrichment,Listed on Kay-approved source page (Portfolio; item type: operating company).,Preserve for pattern recognition; fit not yet assessed.,"Enrich website, industry, niche, customer type, revenue model, recurrence, criticality, fragmentation, and acquisition context from approved primary sources.",High,source_complete_unfiltered
Next Coast Ventures,https://www.nextcoastventures.com/portfolio,Distribute,,Unknown from approved source,Portfolio,Unknown from approved source,Unknown from approved source,Unknown from approved source,Unknown from approved source; requires enrichment,Unknown from approved source; requires enrichment,Unknown from approved source; requires enrichment,Listed on Kay-approved source page (Portfolio; item type: operating company).,Preserve for pattern recognition; fit not yet assessed.,"Enrich website, industry, niche, customer type, revenue model, recurrence, criticality, fragmentation, and acquisition context from approved primary sources.",High,source_complete_unfiltered
Next Coast Ventures,https://www.nextcoastventures.com/portfolio,"Domain Money, Inc.",,Unknown from approved source,Portfolio,Unknown from approved source,Unknown from approved source,Unknown from approved source,Unknown from approved source; requires enrichment,Unknown from approved source; requires enrichment,Unknown from approved source; requires enrichment,Listed on Kay-approved source page (Portfolio; item type: operating company).,Preserve for pattern recognition; fit not yet assessed.,"Enrich website, industry, niche, customer type, revenue model, recurrence, criticality, fragmentation, and acquisition context from approved primary sources.",High,source_complete_unfiltered
Next Coast Ventures,https://www.nextcoastventures.com/portfolio,Dosh Holdings,,Unknown from approved source,Portfolio,Unknown from approved source,Unknown from approved source,Unknown from approved source,Unknown from approved source; requires enrichment,Unknown from approved source; requires enrichment,Unknown from approved source; requires enrichment,Listed on Kay-approved source page (Portfolio; item type: operating company).,Preserve for pattern recognition; fit not yet assessed.,"Enrich website, industry, niche, customer type, revenue model, recurrence, criticality, fragmentation, and acquisition context from approved primary sources.",High,source_complete_unfiltered
Next Coast Ventures,https://www.nextcoastventures.com/portfolio,"Dropoff, Inc.",,Unknown from approved source,Portfolio,Unknown from approved source,Unknown from approved source,Unknown from approved source,Unknown from approved source; requires enrichment,Unknown from approved source; requires enrichment,Unknown from approved source; requires enrichment,Listed on Kay-approved source page (Portfolio; item type: operating company).,Preserve for pattern recognition; fit not yet assessed.,"Enrich website, industry, niche, customer type, revenue model, recurrence, criticality, fragmentation, and acquisition context from approved primary sources.",High,source_complete_unfiltered
Next Coast Ventures,https://www.nextcoastventures.com/portfolio,"Enboarder, Inc.",,Unknown from approved source,Portfolio,Unknown from approved source,Unknown from approved source,Unknown from approved source,Unknown from approved source; requires enrichment,Unknown from approved source; requires enrichment,Unknown from approved source; requires enrichment,Listed on Kay-approved source page (Portfolio; item type: operating company).,Preserve for pattern recognition; fit not yet assessed.,"Enrich website, industry, niche, customer type, revenue model, recurrence, criticality, fragmentation, and acquisition context from approved primary sources.",High,source_complete_unfiltered
Next Coast Ventures,https://www.nextcoastventures.com/portfolio,Endless Health,,Unknown from approved source,Portfolio,Unknown from approved source,Unknown from approved source,Unknown from approved source,Unknown from approved source; requires enrichment,Unknown from approved source; requires enrichment,Unknown from approved source; requires enrichment,Listed on Kay-approved source page (Portfolio; item type: operating company).,Preserve for pattern recognition; fit not yet assessed.,"Enrich website, industry, niche, customer type, revenue model, recurrence, criticality, fragmentation, and acquisition context from approved primary sources.",High,source_complete_unfiltered
Next Coast Ventures,https://www.nextcoastventures.com/portfolio,Eterneva,,Unknown from approved source,Portfolio,Unknown from approved source,Unknown from approved source,Unknown from approved source,Unknown from approved source; requires enrichment,Unknown from approved source; requires enrichment,Unknown from approved source; requires enrichment,Listed on Kay-approved source page (Portfolio; item type: operating company).,Preserve for pattern recognition; fit not yet assessed.,"Enrich website, industry, niche, customer type, revenue model, recurrence, criticality, fragmentation, and acquisition context from approved primary sources.",High,source_complete_unfiltered
Next Coast Ventures,https://www.nextcoastventures.com/portfolio,"Everly Health, Inc.",,Unknown from approved source,Portfolio,Unknown from approved source,Unknown from approved source,Unknown from approved source,Unknown from approved source; requires enrichment,Unknown from approved source; requires enrichment,Unknown from approved source; requires enrichment,Listed on Kay-approved source page (Portfolio; item type: operating company).,Preserve for pattern recognition; fit not yet assessed.,"Enrich website, industry, niche, customer type, revenue model, recurrence, criticality, fragmentation, and acquisition context from approved primary sources.",High,source_complete_unfiltered
Next Coast Ventures,https://www.nextcoastventures.com/portfolio,Finery,,Unknown from approved source,Portfolio,Unknown from approved source,Unknown from approved source,Unknown from approved source,Unknown from approved source; requires enrichment,Unknown from approved source; requires enrichment,Unknown from approved source; requires enrichment,Listed on Kay-approved source page (Portfolio; item type: operating company).,Preserve for pattern recognition; fit not yet assessed.,"Enrich website, industry, niche, customer type, revenue model, recurrence, criticality, fragmentation, and acquisition context from approved primary sources.",High,source_complete_unfiltered
Next Coast Ventures,https://www.nextcoastventures.com/portfolio,First Dollar,,Unknown from approved source,Portfolio,Unknown from approved source,Unknown from approved source,Unknown from approved source,Unknown from approved source; requires enrichment,Unknown from approved source; requires enrichment,Unknown from approved source; requires enrichment,Listed on Kay-approved source page (Portfolio; item type: operating company).,Preserve for pattern recognition; fit not yet assessed.,"Enrich website, industry, niche, customer type, revenue model, recurrence, criticality, fragmentation, and acquisition context from approved primary sources.",High,source_complete_unfiltered
Next Coast Ventures,https://www.nextcoastventures.com/portfolio,Flip,,Unknown from approved source,Portfolio,Unknown from approved source,Unknown from approved source,Unknown from approved source,Unknown from approved source; requires enrichment,Unknown from approved source; requires enrichment,Unknown from approved source; requires enrichment,Listed on Kay-approved source page (Portfolio; item type: operating company).,Preserve for pattern recognition; fit not yet assessed.,"Enrich website, industry, niche, customer type, revenue model, recurrence, criticality, fragmentation, and acquisition context from approved primary sources.",High,source_complete_unfiltered
Next Coast Ventures,https://www.nextcoastventures.com/portfolio,"FloorFound, Inc.",,Unknown from approved source,Portfolio,Unknown from approved source,Unknown from approved source,Unknown from approved source,Unknown from approved source; requires enrichment,Unknown from approved source; requires enrichment,Unknown from approved source; requires enrichment,Listed on Kay-approved source page (Portfolio; item type: operating company).,Preserve for pattern recognition; fit not yet assessed.,"Enrich website, industry, niche, customer type, revenue model, recurrence, criticality, fragmentation, and acquisition context from approved primary sources.",High,source_complete_unfiltered
Next Coast Ventures,https://www.nextcoastventures.com/portfolio,Fondo,,Unknown from approved source,Portfolio,Unknown from approved source,Unknown from approved source,Unknown from approved source,Unknown from approved source; requires enrichment,Unknown from approved source; requires enrichment,Unknown from approved source; requires enrichment,Listed on Kay-approved source page (Portfolio; item type: operating company).,Preserve for pattern recognition; fit not yet assessed.,"Enrich website, industry, niche, customer type, revenue model, recurrence, criticality, fragmentation, and acquisition context from approved primary sources.",High,source_complete_unfiltered
Next Coast Ventures,https://www.nextcoastventures.com/portfolio,Frontrow Health,,Unknown from approved source,Portfolio,Unknown from approved source,Unknown from approved source,Unknown from approved source,Unknown from approved source; requires enrichment,Unknown from approved source; requires enrichment,Unknown from approved source; requires enrichment,Listed on Kay-approved source page (Portfolio; item type: operating company).,Preserve for pattern recognition; fit not yet assessed.,"Enrich website, industry, niche, customer type, revenue model, recurrence, criticality, fragmentation, and acquisition context from approved primary sources.",High,source_complete_unfiltered
Next Coast Ventures,https://www.nextcoastventures.com/portfolio,"Galileo, Inc.",,Unknown from approved source,Portfolio,Unknown from approved source,Unknown from approved source,Unknown from approved source,Unknown from approved source; requires enrichment,Unknown from approved source; requires enrichment,Unknown from approved source; requires enrichment,Listed on Kay-approved source page (Portfolio; item type: operating company).,Preserve for pattern recognition; fit not yet assessed.,"Enrich website, industry, niche, customer type, revenue model, recurrence, criticality, fragmentation, and acquisition context from approved primary sources.",High,source_complete_unfiltered
Next Coast Ventures,https://www.nextcoastventures.com/portfolio,"Goja Holdings, Inc.",,Unknown from approved source,Portfolio,Unknown from approved source,Unknown from approved source,Unknown from approved source,Unknown from approved source; requires enrichment,Unknown from approved source; requires enrichment,Unknown from approved source; requires enrichment,Listed on Kay-approved source page (Portfolio; item type: operating company).,Preserve for pattern recognition; fit not yet assessed.,"Enrich website, industry, niche, customer type, revenue model, recurrence, criticality, fragmentation, and acquisition context from approved primary sources.",High,source_complete_unfiltered
Next Coast Ventures,https://www.nextcoastventures.com/portfolio,Goodkind Co,,Unknown from approved source,Portfolio,Unknown from approved source,Unknown from approved source,Unknown from approved source,Unknown from approved source; requires enrichment,Unknown from approved source; requires enrichment,Unknown from approved source; requires enrichment,Listed on Kay-approved source page (Portfolio; item type: operating company).,Preserve for pattern recognition; fit not yet assessed.,"Enrich website, industry, niche, customer type, revenue model, recurrence, criticality, fragmentation, and acquisition context from approved primary sources.",High,source_complete_unfiltered
Next Coast Ventures,https://www.nextcoastventures.com/portfolio,Grazzy,,Unknown from approved source,Portfolio,Unknown from approved source,Unknown from approved source,Unknown from approved source,Unknown from approved source; requires enrichment,Unknown from approved source; requires enrichment,Unknown from approved source; requires enrichment,Listed on Kay-approved source page (Portfolio; item type: operating company).,Preserve for pattern recognition; fit not yet assessed.,"Enrich website, industry, niche, customer type, revenue model, recurrence, criticality, fragmentation, and acquisition context from approved primary sources.",High,source_complete_unfiltered
Next Coast Ventures,https://www.nextcoastventures.com/portfolio,Haul,https://www.haulcompliance.com,Software / fleet compliance,Compliance maintenance and safety monitoring for drivers vehicles and equipment,AI/software monitoring,Fleet operators,Unknown,Monitoring software likely recurring,Fleet compliance maintenance and safety are mission-critical,Fleet compliance software fragmented,Next Coast description: uses AI to monitor compliance maintenance and safety across drivers vehicles and equipment,Directly reinforces fuel/fleet/compliance monitoring cluster,Research customer type retention regulatory drivers and hardware/data integrations,Medium,selective_seed
Next Coast Ventures,https://www.nextcoastventures.com/portfolio,Hip eCommerce,,Unknown from approved source,Portfolio,Unknown from approved source,Unknown from approved source,Unknown from approved source,Unknown from approved source; requires enrichment,Unknown from approved source; requires enrichment,Unknown from approved source; requires enrichment,Listed on Kay-approved source page (Portfolio; item type: operating company).,Preserve for pattern recognition; fit not yet assessed.,"Enrich website, industry, niche, customer type, revenue model, recurrence, criticality, fragmentation, and acquisition context from approved primary sources.",High,source_complete_unfiltered
Next Coast Ventures,https://www.nextcoastventures.com/portfolio,"ICON Technology, Inc.",,Unknown from approved source,Portfolio,Unknown from approved source,Unknown from approved source,Unknown from approved source,Unknown from approved source; requires enrichment,Unknown from approved source; requires enrichment,Unknown from approved source; requires enrichment,Listed on Kay-approved source page (Portfolio; item type: operating company).,Preserve for pattern recognition; fit not yet assessed.,"Enrich website, industry, niche, customer type, revenue model, recurrence, criticality, fragmentation, and acquisition context from approved primary sources.",High,source_complete_unfiltered
Next Coast Ventures,https://www.nextcoastventures.com/portfolio,Judy Security,https://www.judysecurity.ai,Cybersecurity,All-in-one cybersecurity solution with 24/7 protection/support,Security software/services,Businesses,Unknown,24/7 protection/support suggests recurring subscription,Cybersecurity is mission-critical,SMB/security platform market fragmented,Next Coast description: all-in-one cybersecurity solution easy to install/manage with 24/7 support,Reinforces cybersecurity managed/software cluster,Research target customer retention service intensity and differentiation,Medium,selective_seed
Next Coast Ventures,https://www.nextcoastventures.com/portfolio,"Kronologic, Inc.",,Unknown from approved source,Portfolio,Unknown from approved source,Unknown from approved source,Unknown from approved source,Unknown from approved source; requires enrichment,Unknown from approved source; requires enrichment,Unknown from approved source; requires enrichment,Listed on Kay-approved source page (Portfolio; item type: operating company).,Preserve for pattern recognition; fit not yet assessed.,"Enrich website, industry, niche, customer type, revenue model, recurrence, criticality, fragmentation, and acquisition context from approved primary sources.",High,source_complete_unfiltered
Next Coast Ventures,https://www.nextcoastventures.com/portfolio,"LeanDNA, Inc.",,Unknown from approved source,Portfolio,Unknown from approved source,Unknown from approved source,Unknown from approved source,Unknown from approved source; requires enrichment,Unknown from approved source; requires enrichment,Unknown from approved source; requires enrichment,Listed on Kay-approved source page (Portfolio; item type: operating company).,Preserve for pattern recognition; fit not yet assessed.,"Enrich website, industry, niche, customer type, revenue model, recurrence, criticality, fragmentation, and acquisition context from approved primary sources.",High,source_complete_unfiltered
Next Coast Ventures,https://www.nextcoastventures.com/portfolio,Legion Health,,Unknown from approved source,Portfolio,Unknown from approved source,Unknown from approved source,Unknown from approved source,Unknown from approved source; requires enrichment,Unknown from approved source; requires enrichment,Unknown from approved source; requires enrichment,Listed on Kay-approved source page (Portfolio; item type: operating company).,Preserve for pattern recognition; fit not yet assessed.,"Enrich website, industry, niche, customer type, revenue model, recurrence, criticality, fragmentation, and acquisition context from approved primary sources.",High,source_complete_unfiltered
Next Coast Ventures,https://www.nextcoastventures.com/portfolio,"Localfluence, Inc",,Unknown from approved source,Portfolio,Unknown from approved source,Unknown from approved source,Unknown from approved source,Unknown from approved source; requires enrichment,Unknown from approved source; requires enrichment,Unknown from approved source; requires enrichment,Listed on Kay-approved source page (Portfolio; item type: operating company).,Preserve for pattern recognition; fit not yet assessed.,"Enrich website, industry, niche, customer type, revenue model, recurrence, criticality, fragmentation, and acquisition context from approved primary sources.",High,source_complete_unfiltered
Next Coast Ventures,https://www.nextcoastventures.com/portfolio,Loman AI,,Unknown from approved source,Portfolio,Unknown from approved source,Unknown from approved source,Unknown from approved source,Unknown from approved source; requires enrichment,Unknown from approved source; requires enrichment,Unknown from approved source; requires enrichment,Listed on Kay-approved source page (Portfolio; item type: operating company).,Preserve for pattern recognition; fit not yet assessed.,"Enrich website, industry, niche, customer type, revenue model, recurrence, criticality, fragmentation, and acquisition context from approved primary sources.",High,source_complete_unfiltered
Next Coast Ventures,https://www.nextcoastventures.com/portfolio,Marqii,,Unknown from approved source,Portfolio,Unknown from approved source,Unknown from approved source,Unknown from approved source,Unknown from approved source; requires enrichment,Unknown from approved source; requires enrichment,Unknown from approved source; requires enrichment,Listed on Kay-approved source page (Portfolio; item type: operating company).,Preserve for pattern recognition; fit not yet assessed.,"Enrich website, industry, niche, customer type, revenue model, recurrence, criticality, fragmentation, and acquisition context from approved primary sources.",High,source_complete_unfiltered
Next Coast Ventures,https://www.nextcoastventures.com/portfolio,"Navegate, Inc.",,Unknown from approved source,Portfolio,Unknown from approved source,Unknown from approved source,Unknown from approved source,Unknown from approved source; requires enrichment,Unknown from approved source; requires enrichment,Unknown from approved source; requires enrichment,Listed on Kay-approved source page (Portfolio; item type: operating company).,Preserve for pattern recognition; fit not yet assessed.,"Enrich website, industry, niche, customer type, revenue model, recurrence, criticality, fragmentation, and acquisition context from approved primary sources.",High,source_complete_unfiltered
Next Coast Ventures,https://www.nextcoastventures.com/portfolio,Osano,,Unknown from approved source,Portfolio,Unknown from approved source,Unknown from approved source,Unknown from approved source,Unknown from approved source; requires enrichment,Unknown from approved source; requires enrichment,Unknown from approved source; requires enrichment,Listed on Kay-approved source page (Portfolio; item type: operating company).,Preserve for pattern recognition; fit not yet assessed.,"Enrich website, industry, niche, customer type, revenue model, recurrence, criticality, fragmentation, and acquisition context from approved primary sources.",High,source_complete_unfiltered
Next Coast Ventures,https://www.nextcoastventures.com/portfolio,Outlier,,Unknown from approved source,Portfolio,Unknown from approved source,Unknown from approved source,Unknown from approved source,Unknown from approved source; requires enrichment,Unknown from approved source; requires enrichment,Unknown from approved source; requires enrichment,Listed on Kay-approved source page (Portfolio; item type: operating company).,Preserve for pattern recognition; fit not yet assessed.,"Enrich website, industry, niche, customer type, revenue model, recurrence, criticality, fragmentation, and acquisition context from approved primary sources.",High,source_complete_unfiltered
Next Coast Ventures,https://www.nextcoastventures.com/portfolio,Passage,,Unknown from approved source,Portfolio,Unknown from approved source,Unknown from approved source,Unknown from approved source,Unknown from approved source; requires enrichment,Unknown from approved source; requires enrichment,Unknown from approved source; requires enrichment,Listed on Kay-approved source page (Portfolio; item type: operating company).,Preserve for pattern recognition; fit not yet assessed.,"Enrich website, industry, niche, customer type, revenue model, recurrence, criticality, fragmentation, and acquisition context from approved primary sources.",High,source_complete_unfiltered
Next Coast Ventures,https://www.nextcoastventures.com/portfolio,Propensity,,Unknown from approved source,Portfolio,Unknown from approved source,Unknown from approved source,Unknown from approved source,Unknown from approved source; requires enrichment,Unknown from approved source; requires enrichment,Unknown from approved source; requires enrichment,Listed on Kay-approved source page (Portfolio; item type: operating company).,Preserve for pattern recognition; fit not yet assessed.,"Enrich website, industry, niche, customer type, revenue model, recurrence, criticality, fragmentation, and acquisition context from approved primary sources.",High,source_complete_unfiltered
Next Coast Ventures,https://www.nextcoastventures.com/portfolio,Savi,,Unknown from approved source,Portfolio,Unknown from approved source,Unknown from approved source,Unknown from approved source,Unknown from approved source; requires enrichment,Unknown from approved source; requires enrichment,Unknown from approved source; requires enrichment,Listed on Kay-approved source page (Portfolio; item type: operating company).,Preserve for pattern recognition; fit not yet assessed.,"Enrich website, industry, niche, customer type, revenue model, recurrence, criticality, fragmentation, and acquisition context from approved primary sources.",High,source_complete_unfiltered
Next Coast Ventures,https://www.nextcoastventures.com/portfolio,Scorability,,Unknown from approved source,Portfolio,Unknown from approved source,Unknown from approved source,Unknown from approved source,Unknown from approved source; requires enrichment,Unknown from approved source; requires enrichment,Unknown from approved source; requires enrichment,Listed on Kay-approved source page (Portfolio; item type: operating company).,Preserve for pattern recognition; fit not yet assessed.,"Enrich website, industry, niche, customer type, revenue model, recurrence, criticality, fragmentation, and acquisition context from approved primary sources.",High,source_complete_unfiltered
Next Coast Ventures,https://www.nextcoastventures.com/portfolio,"Sift Science, Inc.",,Unknown from approved source,Portfolio,Unknown from approved source,Unknown from approved source,Unknown from approved source,Unknown from approved source; requires enrichment,Unknown from approved source; requires enrichment,Unknown from approved source; requires enrichment,Listed on Kay-approved source page (Portfolio; item type: operating company).,Preserve for pattern recognition; fit not yet assessed.,"Enrich website, industry, niche, customer type, revenue model, recurrence, criticality, fragmentation, and acquisition context from approved primary sources.",High,source_complete_unfiltered
Next Coast Ventures,https://www.nextcoastventures.com/portfolio,SiteOwl,,Unknown from approved source,Portfolio,Unknown from approved source,Unknown from approved source,Unknown from approved source,Unknown from approved source; requires enrichment,Unknown from approved source; requires enrichment,Unknown from approved source; requires enrichment,Listed on Kay-approved source page (Portfolio; item type: operating company).,Preserve for pattern recognition; fit not yet assessed.,"Enrich website, industry, niche, customer type, revenue model, recurrence, criticality, fragmentation, and acquisition context from approved primary sources.",High,source_complete_unfiltered
Next Coast Ventures,https://www.nextcoastventures.com/portfolio,Somite,,Unknown from approved source,Portfolio,Unknown from approved source,Unknown from approved source,Unknown from approved source,Unknown from approved source; requires enrichment,Unknown from approved source; requires enrichment,Unknown from approved source; requires enrichment,Listed on Kay-approved source page (Portfolio; item type: operating company).,Preserve for pattern recognition; fit not yet assessed.,"Enrich website, industry, niche, customer type, revenue model, recurrence, criticality, fragmentation, and acquisition context from approved primary sources.",High,source_complete_unfiltered
Next Coast Ventures,https://www.nextcoastventures.com/portfolio,Statt,,Unknown from approved source,Portfolio,Unknown from approved source,Unknown from approved source,Unknown from approved source,Unknown from approved source; requires enrichment,Unknown from approved source; requires enrichment,Unknown from approved source; requires enrichment,Listed on Kay-approved source page (Portfolio; item type: operating company).,Preserve for pattern recognition; fit not yet assessed.,"Enrich website, industry, niche, customer type, revenue model, recurrence, criticality, fragmentation, and acquisition context from approved primary sources.",High,source_complete_unfiltered
Next Coast Ventures,https://www.nextcoastventures.com/portfolio,Steadily,,Unknown from approved source,Portfolio,Unknown from approved source,Unknown from approved source,Unknown from approved source,Unknown from approved source; requires enrichment,Unknown from approved source; requires enrichment,Unknown from approved source; requires enrichment,Listed on Kay-approved source page (Portfolio; item type: operating company).,Preserve for pattern recognition; fit not yet assessed.,"Enrich website, industry, niche, customer type, revenue model, recurrence, criticality, fragmentation, and acquisition context from approved primary sources.",High,source_complete_unfiltered
Next Coast Ventures,https://www.nextcoastventures.com/portfolio,Stoplight,,Unknown from approved source,Portfolio,Unknown from approved source,Unknown from approved source,Unknown from approved source,Unknown from approved source; requires enrichment,Unknown from approved source; requires enrichment,Unknown from approved source; requires enrichment,Listed on Kay-approved source page (Portfolio; item type: operating company).,Preserve for pattern recognition; fit not yet assessed.,"Enrich website, industry, niche, customer type, revenue model, recurrence, criticality, fragmentation, and acquisition context from approved primary sources.",High,source_complete_unfiltered
Next Coast Ventures,https://www.nextcoastventures.com/portfolio,Street Smarts VR,,Unknown from approved source,Portfolio,Unknown from approved source,Unknown from approved source,Unknown from approved source,Unknown from approved source; requires enrichment,Unknown from approved source; requires enrichment,Unknown from approved source; requires enrichment,Listed on Kay-approved source page (Portfolio; item type: operating company).,Preserve for pattern recognition; fit not yet assessed.,"Enrich website, industry, niche, customer type, revenue model, recurrence, criticality, fragmentation, and acquisition context from approved primary sources.",High,source_complete_unfiltered
Next Coast Ventures,https://www.nextcoastventures.com/portfolio,Submittable Holdings Inc.,,Unknown from approved source,Portfolio,Unknown from approved source,Unknown from approved source,Unknown from approved source,Unknown from approved source; requires enrichment,Unknown from approved source; requires enrichment,Unknown from approved source; requires enrichment,Listed on Kay-approved source page (Portfolio; item type: operating company).,Preserve for pattern recognition; fit not yet assessed.,"Enrich website, industry, niche, customer type, revenue model, recurrence, criticality, fragmentation, and acquisition context from approved primary sources.",High,source_complete_unfiltered
Next Coast Ventures,https://www.nextcoastventures.com/portfolio,Swivel,,Unknown from approved source,Portfolio,Unknown from approved source,Unknown from approved source,Unknown from approved source,Unknown from approved source; requires enrichment,Unknown from approved source; requires enrichment,Unknown from approved source; requires enrichment,Listed on Kay-approved source page (Portfolio; item type: operating company).,Preserve for pattern recognition; fit not yet assessed.,"Enrich website, industry, niche, customer type, revenue model, recurrence, criticality, fragmentation, and acquisition context from approved primary sources.",High,source_complete_unfiltered
Next Coast Ventures,https://www.nextcoastventures.com/portfolio,Tenfold,,Unknown from approved source,Portfolio,Unknown from approved source,Unknown from approved source,Unknown from approved source,Unknown from approved source; requires enrichment,Unknown from approved source; requires enrichment,Unknown from approved source; requires enrichment,Listed on Kay-approved source page (Portfolio; item type: operating company).,Preserve for pattern recognition; fit not yet assessed.,"Enrich website, industry, niche, customer type, revenue model, recurrence, criticality, fragmentation, and acquisition context from approved primary sources.",High,source_complete_unfiltered
Next Coast Ventures,https://www.nextcoastventures.com/portfolio,Tiny Health,,Unknown from approved source,Portfolio,Unknown from approved source,Unknown from approved source,Unknown from approved source,Unknown from approved source; requires enrichment,Unknown from approved source; requires enrichment,Unknown from approved source; requires enrichment,Listed on Kay-approved source page (Portfolio; item type: operating company).,Preserve for pattern recognition; fit not yet assessed.,"Enrich website, industry, niche, customer type, revenue model, recurrence, criticality, fragmentation, and acquisition context from approved primary sources.",High,source_complete_unfiltered
Next Coast Ventures,https://www.nextcoastventures.com/portfolio,TrustRadius,,Unknown from approved source,Portfolio,Unknown from approved source,Unknown from approved source,Unknown from approved source,Unknown from approved source; requires enrichment,Unknown from approved source; requires enrichment,Unknown from approved source; requires enrichment,Listed on Kay-approved source page (Portfolio; item type: operating company).,Preserve for pattern recognition; fit not yet assessed.,"Enrich website, industry, niche, customer type, revenue model, recurrence, criticality, fragmentation, and acquisition context from approved primary sources.",High,source_complete_unfiltered
Next Coast Ventures,https://www.nextcoastventures.com/portfolio,"Tuned Systems, Inc.",,Unknown from approved source,Portfolio,Unknown from approved source,Unknown from approved source,Unknown from approved source,Unknown from approved source; requires enrichment,Unknown from approved source; requires enrichment,Unknown from approved source; requires enrichment,Listed on Kay-approved source page (Portfolio; item type: operating company).,Preserve for pattern recognition; fit not yet assessed.,"Enrich website, industry, niche, customer type, revenue model, recurrence, criticality, fragmentation, and acquisition context from approved primary sources.",High,source_complete_unfiltered
Next Coast Ventures,https://www.nextcoastventures.com/portfolio,UpEquity,,Unknown from approved source,Portfolio,Unknown from approved source,Unknown from approved source,Unknown from approved source,Unknown from approved source; requires enrichment,Unknown from approved source; requires enrichment,Unknown from approved source; requires enrichment,Listed on Kay-approved source page (Portfolio; item type: operating company).,Preserve for pattern recognition; fit not yet assessed.,"Enrich website, industry, niche, customer type, revenue model, recurrence, criticality, fragmentation, and acquisition context from approved primary sources.",High,source_complete_unfiltered
Next Coast Ventures,https://www.nextcoastventures.com/portfolio,Uplinq,,Unknown from approved source,Portfolio,Unknown from approved source,Unknown from approved source,Unknown from approved source,Unknown from approved source; requires enrichment,Unknown from approved source; requires enrichment,Unknown from approved source; requires enrichment,Listed on Kay-approved source page (Portfolio; item type: operating company).,Preserve for pattern recognition; fit not yet assessed.,"Enrich website, industry, niche, customer type, revenue model, recurrence, criticality, fragmentation, and acquisition context from approved primary sources.",High,source_complete_unfiltered
Next Coast Ventures,https://www.nextcoastventures.com/portfolio,Vertalo,,Unknown from approved source,Portfolio,Unknown from approved source,Unknown from approved source,Unknown from approved source,Unknown from approved source; requires enrichment,Unknown from approved source; requires enrichment,Unknown from approved source; requires enrichment,Listed on Kay-approved source page (Portfolio; item type: operating company).,Preserve for pattern recognition; fit not yet assessed.,"Enrich website, industry, niche, customer type, revenue model, recurrence, criticality, fragmentation, and acquisition context from approved primary sources.",High,source_complete_unfiltered
Next Coast Ventures,https://www.nextcoastventures.com/portfolio,VirtualZ Computing,,Unknown from approved source,Portfolio,Unknown from approved source,Unknown from approved source,Unknown from approved source,Unknown from approved source; requires enrichment,Unknown from approved source; requires enrichment,Unknown from approved source; requires enrichment,Listed on Kay-approved source page (Portfolio; item type: operating company).,Preserve for pattern recognition; fit not yet assessed.,"Enrich website, industry, niche, customer type, revenue model, recurrence, criticality, fragmentation, and acquisition context from approved primary sources.",High,source_complete_unfiltered
Next Coast Ventures,https://www.nextcoastventures.com/portfolio,Vital Interaction,,Unknown from approved source,Portfolio,Unknown from approved source,Unknown from approved source,Unknown from approved source,Unknown from approved source; requires enrichment,Unknown from approved source; requires enrichment,Unknown from approved source; requires enrichment,Listed on Kay-approved source page (Portfolio; item type: operating company).,Preserve for pattern recognition; fit not yet assessed.,"Enrich website, industry, niche, customer type, revenue model, recurrence, criticality, fragmentation, and acquisition context from approved primary sources.",High,source_complete_unfiltered
Next Coast Ventures,https://www.nextcoastventures.com/portfolio,Voxia,,Unknown from approved source,Portfolio,Unknown from approved source,Unknown from approved source,Unknown from approved source,Unknown from approved source; requires enrichment,Unknown from approved source; requires enrichment,Unknown from approved source; requires enrichment,Listed on Kay-approved source page (Portfolio; item type: operating company).,Preserve for pattern recognition; fit not yet assessed.,"Enrich website, industry, niche, customer type, revenue model, recurrence, criticality, fragmentation, and acquisition context from approved primary sources.",High,source_complete_unfiltered
Next Coast Ventures,https://www.nextcoastventures.com/portfolio,Workweek,,Unknown from approved source,Portfolio,Unknown from approved source,Unknown from approved source,Unknown from approved source,Unknown from approved source; requires enrichment,Unknown from approved source; requires enrichment,Unknown from approved source; requires enrichment,Listed on Kay-approved source page (Portfolio; item type: operating company).,Preserve for pattern recognition; fit not yet assessed.,"Enrich website, industry, niche, customer type, revenue model, recurrence, criticality, fragmentation, and acquisition context from approved primary sources.",High,source_complete_unfiltered
Futaleufu Partners,https://futaleufu-partners.com/our-investments/,Anterra Technology,,Unknown from approved source,Our investments,Unknown from approved source,Unknown from approved source,Unknown from approved source,Unknown from approved source; requires enrichment,Unknown from approved source; requires enrichment,Unknown from approved source; requires enrichment,Listed on Kay-approved source page (Our investments; item type: operating company).,Preserve for pattern recognition; fit not yet assessed.,"Enrich website, industry, niche, customer type, revenue model, recurrence, criticality, fragmentation, and acquisition context from approved primary sources.",Medium,source_complete_unfiltered
Futaleufu Partners,https://futaleufu-partners.com/our-investments/,Axero Solutions,,Unknown from approved source,Our investments,Unknown from approved source,Unknown from approved source,Unknown from approved source,Unknown from approved source; requires enrichment,Unknown from approved source; requires enrichment,Unknown from approved source; requires enrichment,Listed on Kay-approved source page (Our investments; item type: operating company).,Preserve for pattern recognition; fit not yet assessed.,"Enrich website, industry, niche, customer type, revenue model, recurrence, criticality, fragmentation, and acquisition context from approved primary sources.",Medium,source_complete_unfiltered
Futaleufu Partners,https://futaleufu-partners.com/our-investments/,Banyan Software,,Unknown from approved source,Our investments,Unknown from approved source,Unknown from approved source,Unknown from approved source,Unknown from approved source; requires enrichment,Unknown from approved source; requires enrichment,Unknown from approved source; requires enrichment,Listed on Kay-approved source page (Our investments; item type: operating company).,Preserve for pattern recognition; fit not yet assessed.,"Enrich website, industry, niche, customer type, revenue model, recurrence, criticality, fragmentation, and acquisition context from approved primary sources.",Medium,source_complete_unfiltered
Futaleufu Partners,https://futaleufu-partners.com/our-investments/,BeeckerCo,,Unknown from approved source,Our investments,Unknown from approved source,Unknown from approved source,Unknown from approved source,Unknown from approved source; requires enrichment,Unknown from approved source; requires enrichment,Unknown from approved source; requires enrichment,Listed on Kay-approved source page (Our investments; item type: operating company).,Preserve for pattern recognition; fit not yet assessed.,"Enrich website, industry, niche, customer type, revenue model, recurrence, criticality, fragmentation, and acquisition context from approved primary sources.",Medium,source_complete_unfiltered
Futaleufu Partners,https://futaleufu-partners.com/our-investments/,Bio Behavioral Institute,,Unknown from approved source,Our investments,Unknown from approved source,Unknown from approved source,Unknown from approved source,Unknown from approved source; requires enrichment,Unknown from approved source; requires enrichment,Unknown from approved source; requires enrichment,Listed on Kay-approved source page (Our investments; item type: operating company).,Preserve for pattern recognition; fit not yet assessed.,"Enrich website, industry, niche, customer type, revenue model, recurrence, criticality, fragmentation, and acquisition context from approved primary sources.",Medium,source_complete_unfiltered
Futaleufu Partners,https://futaleufu-partners.com/our-investments/,Broughton Pharmaceuticals,,Unknown from approved source,Our investments,Unknown from approved source,Unknown from approved source,Unknown from approved source,Unknown from approved source; requires enrichment,Unknown from approved source; requires enrichment,Unknown from approved source; requires enrichment,Listed on Kay-approved source page (Our investments; item type: operating company).,Preserve for pattern recognition; fit not yet assessed.,"Enrich website, industry, niche, customer type, revenue model, recurrence, criticality, fragmentation, and acquisition context from approved primary sources.",Medium,source_complete_unfiltered
Futaleufu Partners,https://futaleufu-partners.com/our-investments/,CurrentWare,,Unknown from approved source,Our investments,Unknown from approved source,Unknown from approved source,Unknown from approved source,Unknown from approved source; requires enrichment,Unknown from approved source; requires enrichment,Unknown from approved source; requires enrichment,Listed on Kay-approved source page (Our investments; item type: operating company).,Preserve for pattern recognition; fit not yet assessed.,"Enrich website, industry, niche, customer type, revenue model, recurrence, criticality, fragmentation, and acquisition context from approved primary sources.",Medium,source_complete_unfiltered
Futaleufu Partners,https://futaleufu-partners.com/our-investments/,Elk Analytics,,Unknown from approved source,Our investments,Unknown from approved source,Unknown from approved source,Unknown from approved source,Unknown from approved source; requires enrichment,Unknown from approved source; requires enrichment,Unknown from approved source; requires enrichment,Listed on Kay-approved source page (Our investments; item type: operating company).,Preserve for pattern recognition; fit not yet assessed.,"Enrich website, industry, niche, customer type, revenue model, recurrence, criticality, fragmentation, and acquisition context from approved primary sources.",Medium,source_complete_unfiltered
Futaleufu Partners,https://futaleufu-partners.com/our-investments/,Emporos,,Unknown from approved source,Our investments,Unknown from approved source,Unknown from approved source,Unknown from approved source,Unknown from approved source; requires enrichment,Unknown from approved source; requires enrichment,Unknown from approved source; requires enrichment,Listed on Kay-approved source page (Our investments; item type: operating company).,Preserve for pattern recognition; fit not yet assessed.,"Enrich website, industry, niche, customer type, revenue model, recurrence, criticality, fragmentation, and acquisition context from approved primary sources.",Medium,source_complete_unfiltered
Futaleufu Partners,https://futaleufu-partners.com/our-investments/,FIMC,,Unknown from approved source,Our investments,Unknown from approved source,Unknown from approved source,Unknown from approved source,Unknown from approved source; requires enrichment,Unknown from approved source; requires enrichment,Unknown from approved source; requires enrichment,Listed on Kay-approved source page (Our investments; item type: operating company).,Preserve for pattern recognition; fit not yet assessed.,"Enrich website, industry, niche, customer type, revenue model, recurrence, criticality, fragmentation, and acquisition context from approved primary sources.",Medium,source_complete_unfiltered
Futaleufu Partners,https://futaleufu-partners.com/our-investments/,Growth99,,Unknown from approved source,Our investments,Unknown from approved source,Unknown from approved source,Unknown from approved source,Unknown from approved source; requires enrichment,Unknown from approved source; requires enrichment,Unknown from approved source; requires enrichment,Listed on Kay-approved source page (Our investments; item type: operating company).,Preserve for pattern recognition; fit not yet assessed.,"Enrich website, industry, niche, customer type, revenue model, recurrence, criticality, fragmentation, and acquisition context from approved primary sources.",Medium,source_complete_unfiltered
Futaleufu Partners,https://futaleufu-partners.com/our-investments/,HealthMark Group,,Unknown from approved source,Our investments,Unknown from approved source,Unknown from approved source,Unknown from approved source,Unknown from approved source; requires enrichment,Unknown from approved source; requires enrichment,Unknown from approved source; requires enrichment,Listed on Kay-approved source page (Our investments; item type: operating company).,Preserve for pattern recognition; fit not yet assessed.,"Enrich website, industry, niche, customer type, revenue model, recurrence, criticality, fragmentation, and acquisition context from approved primary sources.",Medium,source_complete_unfiltered
Futaleufu Partners,https://futaleufu-partners.com/our-investments/,IntellaTriage,,Unknown from approved source,Our investments,Unknown from approved source,Unknown from approved source,Unknown from approved source,Unknown from approved source; requires enrichment,Unknown from approved source; requires enrichment,Unknown from approved source; requires enrichment,Listed on Kay-approved source page (Our investments; item type: operating company).,Preserve for pattern recognition; fit not yet assessed.,"Enrich website, industry, niche, customer type, revenue model, recurrence, criticality, fragmentation, and acquisition context from approved primary sources.",Medium,source_complete_unfiltered
Futaleufu Partners,https://futaleufu-partners.com/our-investments/,Katonah Management Services,,Unknown from approved source,Our investments,Unknown from approved source,Unknown from approved source,Unknown from approved source,Unknown from approved source; requires enrichment,Unknown from approved source; requires enrichment,Unknown from approved source; requires enrichment,Listed on Kay-approved source page (Our investments; item type: operating company).,Preserve for pattern recognition; fit not yet assessed.,"Enrich website, industry, niche, customer type, revenue model, recurrence, criticality, fragmentation, and acquisition context from approved primary sources.",Medium,source_complete_unfiltered
Futaleufu Partners,https://futaleufu-partners.com/our-investments/,Kivuto,,Unknown from approved source,Our investments,Unknown from approved source,Unknown from approved source,Unknown from approved source,Unknown from approved source; requires enrichment,Unknown from approved source; requires enrichment,Unknown from approved source; requires enrichment,Listed on Kay-approved source page (Our investments; item type: operating company).,Preserve for pattern recognition; fit not yet assessed.,"Enrich website, industry, niche, customer type, revenue model, recurrence, criticality, fragmentation, and acquisition context from approved primary sources.",Medium,source_complete_unfiltered
Futaleufu Partners,https://futaleufu-partners.com/our-investments/,Morningside,,Unknown from approved source,Our investments,Unknown from approved source,Unknown from approved source,Unknown from approved source,Unknown from approved source; requires enrichment,Unknown from approved source; requires enrichment,Unknown from approved source; requires enrichment,Listed on Kay-approved source page (Our investments; item type: operating company).,Preserve for pattern recognition; fit not yet assessed.,"Enrich website, industry, niche, customer type, revenue model, recurrence, criticality, fragmentation, and acquisition context from approved primary sources.",Medium,source_complete_unfiltered
Futaleufu Partners,https://futaleufu-partners.com/our-investments/,OneShield,,Unknown from approved source,Our investments,Unknown from approved source,Unknown from approved source,Unknown from approved source,Unknown from approved source; requires enrichment,Unknown from approved source; requires enrichment,Unknown from approved source; requires enrichment,Listed on Kay-approved source page (Our investments; item type: operating company).,Preserve for pattern recognition; fit not yet assessed.,"Enrich website, industry, niche, customer type, revenue model, recurrence, criticality, fragmentation, and acquisition context from approved primary sources.",Medium,source_complete_unfiltered
Futaleufu Partners,https://futaleufu-partners.com/our-investments/,PrecisionMed,,Unknown from approved source,Our investments,Unknown from approved source,Unknown from approved source,Unknown from approved source,Unknown from approved source; requires enrichment,Unknown from approved source; requires enrichment,Unknown from approved source; requires enrichment,Listed on Kay-approved source page (Our investments; item type: operating company).,Preserve for pattern recognition; fit not yet assessed.,"Enrich website, industry, niche, customer type, revenue model, recurrence, criticality, fragmentation, and acquisition context from approved primary sources.",Medium,source_complete_unfiltered
Futaleufu Partners,https://futaleufu-partners.com/our-investments/,TaskRay,,Unknown from approved source,Our investments,Unknown from approved source,Unknown from approved source,Unknown from approved source,Unknown from approved source; requires enrichment,Unknown from approved source; requires enrichment,Unknown from approved source; requires enrichment,Listed on Kay-approved source page (Our investments; item type: operating company).,Preserve for pattern recognition; fit not yet assessed.,"Enrich website, industry, niche, customer type, revenue model, recurrence, criticality, fragmentation, and acquisition context from approved primary sources.",Medium,source_complete_unfiltered
Futaleufu Partners,https://futaleufu-partners.com/our-investments/,Transifex,,Unknown from approved source,Our investments,Unknown from approved source,Unknown from approved source,Unknown from approved source,Unknown from approved source; requires enrichment,Unknown from approved source; requires enrichment,Unknown from approved source; requires enrichment,Listed on Kay-approved source page (Our investments; item type: operating company).,Preserve for pattern recognition; fit not yet assessed.,"Enrich website, industry, niche, customer type, revenue model, recurrence, criticality, fragmentation, and acquisition context from approved primary sources.",Medium,source_complete_unfiltered
Futaleufu Partners,https://futaleufu-partners.com/our-investments/,Triyam,,Unknown from approved source,Our investments,Unknown from approved source,Unknown from approved source,Unknown from approved source,Unknown from approved source; requires enrichment,Unknown from approved source; requires enrichment,Unknown from approved source; requires enrichment,Listed on Kay-approved source page (Our investments; item type: operating company).,Preserve for pattern recognition; fit not yet assessed.,"Enrich website, industry, niche, customer type, revenue model, recurrence, criticality, fragmentation, and acquisition context from approved primary sources.",Medium,source_complete_unfiltered
Maven Equity Partners,https://www.mavenequitypartners.com/portfolio,Advanced Aesthetics,,Unknown from approved source,Portfolio,Unknown from approved source,Unknown from approved source,Unknown from approved source,Unknown from approved source; requires enrichment,Unknown from approved source; requires enrichment,Unknown from approved source; requires enrichment,Listed on Kay-approved source page (Portfolio; item type: operating company).,Preserve for pattern recognition; fit not yet assessed.,"Enrich website, industry, niche, customer type, revenue model, recurrence, criticality, fragmentation, and acquisition context from approved primary sources.",Medium,source_complete_unfiltered
Maven Equity Partners,https://www.mavenequitypartners.com/portfolio,Aesthetic Partners,,Unknown from approved source,Portfolio,Unknown from approved source,Unknown from approved source,Unknown from approved source,Unknown from approved source; requires enrichment,Unknown from approved source; requires enrichment,Unknown from approved source; requires enrichment,Listed on Kay-approved source page (Portfolio; item type: operating company).,Preserve for pattern recognition; fit not yet assessed.,"Enrich website, industry, niche, customer type, revenue model, recurrence, criticality, fragmentation, and acquisition context from approved primary sources.",Medium,source_complete_unfiltered
Maven Equity Partners,https://www.mavenequitypartners.com/portfolio,APA Medical,,Unknown from approved source,Portfolio,Unknown from approved source,Unknown from approved source,Unknown from approved source,Unknown from approved source; requires enrichment,Unknown from approved source; requires enrichment,Unknown from approved source; requires enrichment,Listed on Kay-approved source page (Portfolio; item type: operating company).,Preserve for pattern recognition; fit not yet assessed.,"Enrich website, industry, niche, customer type, revenue model, recurrence, criticality, fragmentation, and acquisition context from approved primary sources.",Medium,source_complete_unfiltered
Maven Equity Partners,https://www.mavenequitypartners.com/portfolio,Aproove,,Unknown from approved source,Portfolio,Unknown from approved source,Unknown from approved source,Unknown from approved source,Unknown from approved source; requires enrichment,Unknown from approved source; requires enrichment,Unknown from approved source; requires enrichment,Listed on Kay-approved source page (Portfolio; item type: operating company).,Preserve for pattern recognition; fit not yet assessed.,"Enrich website, industry, niche, customer type, revenue model, recurrence, criticality, fragmentation, and acquisition context from approved primary sources.",Medium,source_complete_unfiltered
Maven Equity Partners,https://www.mavenequitypartners.com/portfolio,ASI Group,,Unknown from approved source,Portfolio,Unknown from approved source,Unknown from approved source,Unknown from approved source,Unknown from approved source; requires enrichment,Unknown from approved source; requires enrichment,Unknown from approved source; requires enrichment,Listed on Kay-approved source page (Portfolio; item type: operating company).,Preserve for pattern recognition; fit not yet assessed.,"Enrich website, industry, niche, customer type, revenue model, recurrence, criticality, fragmentation, and acquisition context from approved primary sources.",Medium,source_complete_unfiltered
Maven Equity Partners,https://www.mavenequitypartners.com/portfolio,Aspire,,Unknown from approved source,Portfolio,Unknown from approved source,Unknown from approved source,Unknown from approved source,Unknown from approved source; requires enrichment,Unknown from approved source; requires enrichment,Unknown from approved source; requires enrichment,Listed on Kay-approved source page (Portfolio; item type: operating company).,Preserve for pattern recognition; fit not yet assessed.,"Enrich website, industry, niche, customer type, revenue model, recurrence, criticality, fragmentation, and acquisition context from approved primary sources.",Medium,source_complete_unfiltered
Maven Equity Partners,https://www.mavenequitypartners.com/portfolio,Bonney,https://bonney.com,Business services / home services,Plumbing HVAC/electrical likely,Field services,Residential/commercial unknown,Unknown,Service plans/repeat repairs possible; verify,Mechanical/plumbing systems are critical,Local trade services fragmented,Maven lists Bonney as Business Services investment with website,Potential field services pattern but residential mix may reduce fit,Verify commercial mix service agreement revenue and EBITDA scale,Medium,seed
Maven Equity Partners,https://www.mavenequitypartners.com/portfolio,BSU Inc.,,Unknown from approved source,Portfolio,Unknown from approved source,Unknown from approved source,Unknown from approved source,Unknown from approved source; requires enrichment,Unknown from approved source; requires enrichment,Unknown from approved source; requires enrichment,Listed on Kay-approved source page (Portfolio; item type: operating company).,Preserve for pattern recognition; fit not yet assessed.,"Enrich website, industry, niche, customer type, revenue model, recurrence, criticality, fragmentation, and acquisition context from approved primary sources.",Medium,source_complete_unfiltered
Maven Equity Partners,https://www.mavenequitypartners.com/portfolio,Canyonlands Camps,,Unknown from approved source,Portfolio,Unknown from approved source,Unknown from approved source,Unknown from approved source,Unknown from approved source; requires enrichment,Unknown from approved source; requires enrichment,Unknown from approved source; requires enrichment,Listed on Kay-approved source page (Portfolio; item type: operating company).,Preserve for pattern recognition; fit not yet assessed.,"Enrich website, industry, niche, customer type, revenue model, recurrence, criticality, fragmentation, and acquisition context from approved primary sources.",Medium,source_complete_unfiltered
Maven Equity Partners,https://www.mavenequitypartners.com/portfolio,Catch All Environmental,https://catchallenvironmental.com,Business services / environmental,Environmental services,Field/environmental services,Business/municipal customers likely,Unknown,Maintenance/service work may recur; verify,Environmental compliance/maintenance can be mission-critical,Environmental service providers fragmented,Maven lists Catch All Environmental as Business Services investment with website,Strong environmental services cluster signal,Research exact service lines stormwater/waste focus customer mix and recurring contracts,Medium,seed
Maven Equity Partners,https://www.mavenequitypartners.com/portfolio,Clariti Software,,Unknown from approved source,Portfolio,Unknown from approved source,Unknown from approved source,Unknown from approved source,Unknown from approved source; requires enrichment,Unknown from approved source; requires enrichment,Unknown from approved source; requires enrichment,Listed on Kay-approved source page (Portfolio; item type: operating company).,Preserve for pattern recognition; fit not yet assessed.,"Enrich website, industry, niche, customer type, revenue model, recurrence, criticality, fragmentation, and acquisition context from approved primary sources.",Medium,source_complete_unfiltered
Maven Equity Partners,https://www.mavenequitypartners.com/portfolio,Cliff Ridge,,Unknown from approved source,Portfolio,Unknown from approved source,Unknown from approved source,Unknown from approved source,Unknown from approved source; requires enrichment,Unknown from approved source; requires enrichment,Unknown from approved source; requires enrichment,Listed on Kay-approved source page (Portfolio; item type: operating company).,Preserve for pattern recognition; fit not yet assessed.,"Enrich website, industry, niche, customer type, revenue model, recurrence, criticality, fragmentation, and acquisition context from approved primary sources.",Medium,source_complete_unfiltered
Maven Equity Partners,https://www.mavenequitypartners.com/portfolio,Climate Earth,,Unknown from approved source,Portfolio,Unknown from approved source,Unknown from approved source,Unknown from approved source,Unknown from approved source; requires enrichment,Unknown from approved source; requires enrichment,Unknown from approved source; requires enrichment,Listed on Kay-approved source page (Portfolio; item type: operating company).,Preserve for pattern recognition; fit not yet assessed.,"Enrich website, industry, niche, customer type, revenue model, recurrence, criticality, fragmentation, and acquisition context from approved primary sources.",Medium,source_complete_unfiltered
Maven Equity Partners,https://www.mavenequitypartners.com/portfolio,CoFi,,Unknown from approved source,Portfolio,Unknown from approved source,Unknown from approved source,Unknown from approved source,Unknown from approved source; requires enrichment,Unknown from approved source; requires enrichment,Unknown from approved source; requires enrichment,Listed on Kay-approved source page (Portfolio; item type: operating company).,Preserve for pattern recognition; fit not yet assessed.,"Enrich website, industry, niche, customer type, revenue model, recurrence, criticality, fragmentation, and acquisition context from approved primary sources.",Medium,source_complete_unfiltered
Maven Equity Partners,https://www.mavenequitypartners.com/portfolio,DaVinci Unified,,Unknown from approved source,Portfolio,Unknown from approved source,Unknown from approved source,Unknown from approved source,Unknown from approved source; requires enrichment,Unknown from approved source; requires enrichment,Unknown from approved source; requires enrichment,Listed on Kay-approved source page (Portfolio; item type: operating company).,Preserve for pattern recognition; fit not yet assessed.,"Enrich website, industry, niche, customer type, revenue model, recurrence, criticality, fragmentation, and acquisition context from approved primary sources.",Medium,source_complete_unfiltered
Maven Equity Partners,https://www.mavenequitypartners.com/portfolio,Endoscopy MD,,Unknown from approved source,Portfolio,Unknown from approved source,Unknown from approved source,Unknown from approved source,Unknown from approved source; requires enrichment,Unknown from approved source; requires enrichment,Unknown from approved source; requires enrichment,Listed on Kay-approved source page (Portfolio; item type: operating company).,Preserve for pattern recognition; fit not yet assessed.,"Enrich website, industry, niche, customer type, revenue model, recurrence, criticality, fragmentation, and acquisition context from approved primary sources.",Medium,source_complete_unfiltered
Maven Equity Partners,https://www.mavenequitypartners.com/portfolio,Energy Ogre,,Unknown from approved source,Portfolio,Unknown from approved source,Unknown from approved source,Unknown from approved source,Unknown from approved source; requires enrichment,Unknown from approved source; requires enrichment,Unknown from approved source; requires enrichment,Listed on Kay-approved source page (Portfolio; item type: operating company).,Preserve for pattern recognition; fit not yet assessed.,"Enrich website, industry, niche, customer type, revenue model, recurrence, criticality, fragmentation, and acquisition context from approved primary sources.",Medium,source_complete_unfiltered
Maven Equity Partners,https://www.mavenequitypartners.com/portfolio,Ennoble Care,,Unknown from approved source,Portfolio,Unknown from approved source,Unknown from approved source,Unknown from approved source,Unknown from approved source; requires enrichment,Unknown from approved source; requires enrichment,Unknown from approved source; requires enrichment,Listed on Kay-approved source page (Portfolio; item type: operating company).,Preserve for pattern recognition; fit not yet assessed.,"Enrich website, industry, niche, customer type, revenue model, recurrence, criticality, fragmentation, and acquisition context from approved primary sources.",Medium,source_complete_unfiltered
Maven Equity Partners,https://www.mavenequitypartners.com/portfolio,Eventus Security,,Unknown from approved source,Portfolio,Unknown from approved source,Unknown from approved source,Unknown from approved source,Unknown from approved source; requires enrichment,Unknown from approved source; requires enrichment,Unknown from approved source; requires enrichment,Listed on Kay-approved source page (Portfolio; item type: operating company).,Preserve for pattern recognition; fit not yet assessed.,"Enrich website, industry, niche, customer type, revenue model, recurrence, criticality, fragmentation, and acquisition context from approved primary sources.",Medium,source_complete_unfiltered
Maven Equity Partners,https://www.mavenequitypartners.com/portfolio,EvoText,,Unknown from approved source,Portfolio,Unknown from approved source,Unknown from approved source,Unknown from approved source,Unknown from approved source; requires enrichment,Unknown from approved source; requires enrichment,Unknown from approved source; requires enrichment,Listed on Kay-approved source page (Portfolio; item type: operating company).,Preserve for pattern recognition; fit not yet assessed.,"Enrich website, industry, niche, customer type, revenue model, recurrence, criticality, fragmentation, and acquisition context from approved primary sources.",Medium,source_complete_unfiltered
Maven Equity Partners,https://www.mavenequitypartners.com/portfolio,Facial Aesthetics Inc.,,Unknown from approved source,Portfolio,Unknown from approved source,Unknown from approved source,Unknown from approved source,Unknown from approved source; requires enrichment,Unknown from approved source; requires enrichment,Unknown from approved source; requires enrichment,Listed on Kay-approved source page (Portfolio; item type: operating company).,Preserve for pattern recognition; fit not yet assessed.,"Enrich website, industry, niche, customer type, revenue model, recurrence, criticality, fragmentation, and acquisition context from approved primary sources.",Medium,source_complete_unfiltered
Maven Equity Partners,https://www.mavenequitypartners.com/portfolio,GLP Canada,https://glpcanada.com,Business services,Unknown B2B services,Services,Unknown,Canada,Unknown,Unknown,Unknown,Maven lists GLP Canada as Business Services investment with website,Preserve as business services signal; not enough detail,Enrich before pattern use,Low,needs_enrichment
Maven Equity Partners,https://www.mavenequitypartners.com/portfolio,Herscan,,Unknown from approved source,Portfolio,Unknown from approved source,Unknown from approved source,Unknown from approved source,Unknown from approved source; requires enrichment,Unknown from approved source; requires enrichment,Unknown from approved source; requires enrichment,Listed on Kay-approved source page (Portfolio; item type: operating company).,Preserve for pattern recognition; fit not yet assessed.,"Enrich website, industry, niche, customer type, revenue model, recurrence, criticality, fragmentation, and acquisition context from approved primary sources.",Medium,source_complete_unfiltered
Maven Equity Partners,https://www.mavenequitypartners.com/portfolio,Icon,,Unknown from approved source,Portfolio,Unknown from approved source,Unknown from approved source,Unknown from approved source,Unknown from approved source; requires enrichment,Unknown from approved source; requires enrichment,Unknown from approved source; requires enrichment,Listed on Kay-approved source page (Portfolio; item type: operating company).,Preserve for pattern recognition; fit not yet assessed.,"Enrich website, industry, niche, customer type, revenue model, recurrence, criticality, fragmentation, and acquisition context from approved primary sources.",Medium,source_complete_unfiltered
Maven Equity Partners,https://www.mavenequitypartners.com/portfolio,IT Pipes,,Unknown from approved source,Portfolio,Unknown from approved source,Unknown from approved source,Unknown from approved source,Unknown from approved source; requires enrichment,Unknown from approved source; requires enrichment,Unknown from approved source; requires enrichment,Listed on Kay-approved source page (Portfolio; item type: operating company).,Preserve for pattern recognition; fit not yet assessed.,"Enrich website, industry, niche, customer type, revenue model, recurrence, criticality, fragmentation, and acquisition context from approved primary sources.",Medium,source_complete_unfiltered
Maven Equity Partners,https://www.mavenequitypartners.com/portfolio,Management One,,Unknown from approved source,Portfolio,Unknown from approved source,Unknown from approved source,Unknown from approved source,Unknown from approved source; requires enrichment,Unknown from approved source; requires enrichment,Unknown from approved source; requires enrichment,Listed on Kay-approved source page (Portfolio; item type: operating company).,Preserve for pattern recognition; fit not yet assessed.,"Enrich website, industry, niche, customer type, revenue model, recurrence, criticality, fragmentation, and acquisition context from approved primary sources.",Medium,source_complete_unfiltered
Maven Equity Partners,https://www.mavenequitypartners.com/portfolio,Mas Labor,,Unknown from approved source,Portfolio,Unknown from approved source,Unknown from approved source,Unknown from approved source,Unknown from approved source; requires enrichment,Unknown from approved source; requires enrichment,Unknown from approved source; requires enrichment,Listed on Kay-approved source page (Portfolio; item type: operating company).,Preserve for pattern recognition; fit not yet assessed.,"Enrich website, industry, niche, customer type, revenue model, recurrence, criticality, fragmentation, and acquisition context from approved primary sources.",Medium,source_complete_unfiltered
Maven Equity Partners,https://www.mavenequitypartners.com/portfolio,Mas Seguros,,Unknown from approved source,Portfolio,Unknown from approved source,Unknown from approved source,Unknown from approved source,Unknown from approved source; requires enrichment,Unknown from approved source; requires enrichment,Unknown from approved source; requires enrichment,Listed on Kay-approved source page (Portfolio; item type: operating company).,Preserve for pattern recognition; fit not yet assessed.,"Enrich website, industry, niche, customer type, revenue model, recurrence, criticality, fragmentation, and acquisition context from approved primary sources.",Medium,source_complete_unfiltered
Maven Equity Partners,https://www.mavenequitypartners.com/portfolio,Message Digital,,Unknown from approved source,Portfolio,Unknown from approved source,Unknown from approved source,Unknown from approved source,Unknown from approved source; requires enrichment,Unknown from approved source; requires enrichment,Unknown from approved source; requires enrichment,Listed on Kay-approved source page (Portfolio; item type: operating company).,Preserve for pattern recognition; fit not yet assessed.,"Enrich website, industry, niche, customer type, revenue model, recurrence, criticality, fragmentation, and acquisition context from approved primary sources.",Medium,source_complete_unfiltered
Maven Equity Partners,https://www.mavenequitypartners.com/portfolio,New Leaf Publishing,,Unknown from approved source,Portfolio,Unknown from approved source,Unknown from approved source,Unknown from approved source,Unknown from approved source; requires enrichment,Unknown from approved source; requires enrichment,Unknown from approved source; requires enrichment,Listed on Kay-approved source page (Portfolio; item type: operating company).,Preserve for pattern recognition; fit not yet assessed.,"Enrich website, industry, niche, customer type, revenue model, recurrence, criticality, fragmentation, and acquisition context from approved primary sources.",Medium,source_complete_unfiltered
Maven Equity Partners,https://www.mavenequitypartners.com/portfolio,Newburn Franklin,,Unknown from approved source,Portfolio,Unknown from approved source,Unknown from approved source,Unknown from approved source,Unknown from approved source; requires enrichment,Unknown from approved source; requires enrichment,Unknown from approved source; requires enrichment,Listed on Kay-approved source page (Portfolio; item type: operating company).,Preserve for pattern recognition; fit not yet assessed.,"Enrich website, industry, niche, customer type, revenue model, recurrence, criticality, fragmentation, and acquisition context from approved primary sources.",Medium,source_complete_unfiltered
Maven Equity Partners,https://www.mavenequitypartners.com/portfolio,Nexplore,,Unknown from approved source,Portfolio,Unknown from approved source,Unknown from approved source,Unknown from approved source,Unknown from approved source; requires enrichment,Unknown from approved source; requires enrichment,Unknown from approved source; requires enrichment,Listed on Kay-approved source page (Portfolio; item type: operating company).,Preserve for pattern recognition; fit not yet assessed.,"Enrich website, industry, niche, customer type, revenue model, recurrence, criticality, fragmentation, and acquisition context from approved primary sources.",Medium,source_complete_unfiltered
Maven Equity Partners,https://www.mavenequitypartners.com/portfolio,No-IP,https://noip.com,Software / internet infrastructure,Dynamic DNS and remote access services,Internet infrastructure software,Businesses/technical users,Unknown,DNS/remote access services likely recurring,DNS/remote connectivity can be operationally important,Internet infrastructure tools fragmented by segment,Maven lists No-IP as Software investment with website; Futaleufu also references No-IP,Interesting infrastructure software pattern though possibly SMB/prosumer exposed,Research customer mix retention pricing and mission-criticality,Medium,seed
Maven Equity Partners,https://www.mavenequitypartners.com/portfolio,Novopath,,Unknown from approved source,Portfolio,Unknown from approved source,Unknown from approved source,Unknown from approved source,Unknown from approved source; requires enrichment,Unknown from approved source; requires enrichment,Unknown from approved source; requires enrichment,Listed on Kay-approved source page (Portfolio; item type: operating company).,Preserve for pattern recognition; fit not yet assessed.,"Enrich website, industry, niche, customer type, revenue model, recurrence, criticality, fragmentation, and acquisition context from approved primary sources.",Medium,source_complete_unfiltered
Maven Equity Partners,https://www.mavenequitypartners.com/portfolio,Odyssey Autism ABA Therapy,,Unknown from approved source,Portfolio,Unknown from approved source,Unknown from approved source,Unknown from approved source,Unknown from approved source; requires enrichment,Unknown from approved source; requires enrichment,Unknown from approved source; requires enrichment,Listed on Kay-approved source page (Portfolio; item type: operating company).,Preserve for pattern recognition; fit not yet assessed.,"Enrich website, industry, niche, customer type, revenue model, recurrence, criticality, fragmentation, and acquisition context from approved primary sources.",Medium,source_complete_unfiltered
Maven Equity Partners,https://www.mavenequitypartners.com/portfolio,OneShield,,Unknown from approved source,Portfolio,Unknown from approved source,Unknown from approved source,Unknown from approved source,Unknown from approved source; requires enrichment,Unknown from approved source; requires enrichment,Unknown from approved source; requires enrichment,Listed on Kay-approved source page (Portfolio; item type: operating company).,Preserve for pattern recognition; fit not yet assessed.,"Enrich website, industry, niche, customer type, revenue model, recurrence, criticality, fragmentation, and acquisition context from approved primary sources.",Medium,source_complete_unfiltered
Maven Equity Partners,https://www.mavenequitypartners.com/portfolio,Orion Cordage,,Unknown from approved source,Portfolio,Unknown from approved source,Unknown from approved source,Unknown from approved source,Unknown from approved source; requires enrichment,Unknown from approved source; requires enrichment,Unknown from approved source; requires enrichment,Listed on Kay-approved source page (Portfolio; item type: operating company).,Preserve for pattern recognition; fit not yet assessed.,"Enrich website, industry, niche, customer type, revenue model, recurrence, criticality, fragmentation, and acquisition context from approved primary sources.",Medium,source_complete_unfiltered
Maven Equity Partners,https://www.mavenequitypartners.com/portfolio,Pando Home Care,,Unknown from approved source,Portfolio,Unknown from approved source,Unknown from approved source,Unknown from approved source,Unknown from approved source; requires enrichment,Unknown from approved source; requires enrichment,Unknown from approved source; requires enrichment,Listed on Kay-approved source page (Portfolio; item type: operating company).,Preserve for pattern recognition; fit not yet assessed.,"Enrich website, industry, niche, customer type, revenue model, recurrence, criticality, fragmentation, and acquisition context from approved primary sources.",Medium,source_complete_unfiltered
Maven Equity Partners,https://www.mavenequitypartners.com/portfolio,Personal Physicians,,Unknown from approved source,Portfolio,Unknown from approved source,Unknown from approved source,Unknown from approved source,Unknown from approved source; requires enrichment,Unknown from approved source; requires enrichment,Unknown from approved source; requires enrichment,Listed on Kay-approved source page (Portfolio; item type: operating company).,Preserve for pattern recognition; fit not yet assessed.,"Enrich website, industry, niche, customer type, revenue model, recurrence, criticality, fragmentation, and acquisition context from approved primary sources.",Medium,source_complete_unfiltered
Maven Equity Partners,https://www.mavenequitypartners.com/portfolio,PGS NH Care,,Unknown from approved source,Portfolio,Unknown from approved source,Unknown from approved source,Unknown from approved source,Unknown from approved source; requires enrichment,Unknown from approved source; requires enrichment,Unknown from approved source; requires enrichment,Listed on Kay-approved source page (Portfolio; item type: operating company).,Preserve for pattern recognition; fit not yet assessed.,"Enrich website, industry, niche, customer type, revenue model, recurrence, criticality, fragmentation, and acquisition context from approved primary sources.",Medium,source_complete_unfiltered
Maven Equity Partners,https://www.mavenequitypartners.com/portfolio,Premier Tree Specialists,,Unknown from approved source,Portfolio,Unknown from approved source,Unknown from approved source,Unknown from approved source,Unknown from approved source; requires enrichment,Unknown from approved source; requires enrichment,Unknown from approved source; requires enrichment,Listed on Kay-approved source page (Portfolio; item type: operating company).,Preserve for pattern recognition; fit not yet assessed.,"Enrich website, industry, niche, customer type, revenue model, recurrence, criticality, fragmentation, and acquisition context from approved primary sources.",Medium,source_complete_unfiltered
Maven Equity Partners,https://www.mavenequitypartners.com/portfolio,PS Machine,,Unknown from approved source,Portfolio,Unknown from approved source,Unknown from approved source,Unknown from approved source,Unknown from approved source; requires enrichment,Unknown from approved source; requires enrichment,Unknown from approved source; requires enrichment,Listed on Kay-approved source page (Portfolio; item type: operating company).,Preserve for pattern recognition; fit not yet assessed.,"Enrich website, industry, niche, customer type, revenue model, recurrence, criticality, fragmentation, and acquisition context from approved primary sources.",Medium,source_complete_unfiltered
Maven Equity Partners,https://www.mavenequitypartners.com/portfolio,PT Everywhere,,Unknown from approved source,Portfolio,Unknown from approved source,Unknown from approved source,Unknown from approved source,Unknown from approved source; requires enrichment,Unknown from approved source; requires enrichment,Unknown from approved source; requires enrichment,Listed on Kay-approved source page (Portfolio; item type: operating company).,Preserve for pattern recognition; fit not yet assessed.,"Enrich website, industry, niche, customer type, revenue model, recurrence, criticality, fragmentation, and acquisition context from approved primary sources.",Medium,source_complete_unfiltered
Maven Equity Partners,https://www.mavenequitypartners.com/portfolio,Ryzer,,Unknown from approved source,Portfolio,Unknown from approved source,Unknown from approved source,Unknown from approved source,Unknown from approved source; requires enrichment,Unknown from approved source; requires enrichment,Unknown from approved source; requires enrichment,Listed on Kay-approved source page (Portfolio; item type: operating company).,Preserve for pattern recognition; fit not yet assessed.,"Enrich website, industry, niche, customer type, revenue model, recurrence, criticality, fragmentation, and acquisition context from approved primary sources.",Medium,source_complete_unfiltered
Maven Equity Partners,https://www.mavenequitypartners.com/portfolio,Saepio,,Unknown from approved source,Portfolio,Unknown from approved source,Unknown from approved source,Unknown from approved source,Unknown from approved source; requires enrichment,Unknown from approved source; requires enrichment,Unknown from approved source; requires enrichment,Listed on Kay-approved source page (Portfolio; item type: operating company).,Preserve for pattern recognition; fit not yet assessed.,"Enrich website, industry, niche, customer type, revenue model, recurrence, criticality, fragmentation, and acquisition context from approved primary sources.",Medium,source_complete_unfiltered
Maven Equity Partners,https://www.mavenequitypartners.com/portfolio,SAMS,,Unknown from approved source,Portfolio,Unknown from approved source,Unknown from approved source,Unknown from approved source,Unknown from approved source; requires enrichment,Unknown from approved source; requires enrichment,Unknown from approved source; requires enrichment,Listed on Kay-approved source page (Portfolio; item type: operating company).,Preserve for pattern recognition; fit not yet assessed.,"Enrich website, industry, niche, customer type, revenue model, recurrence, criticality, fragmentation, and acquisition context from approved primary sources.",Medium,source_complete_unfiltered
Maven Equity Partners,https://www.mavenequitypartners.com/portfolio,Seqent,https://seqent.com,Software / industrial operations,Industrial communication and notification software likely,Operational software,Manufacturers/industrial operators,Unknown,Software likely recurring; verify,Industrial alerts/communication are operationally critical,Industrial software niches fragmented,Maven lists Seqent as Software investment with website,Strong industrial workflow software candidate,Research product scope end markets retention and integration depth,Medium,seed
Maven Equity Partners,https://www.mavenequitypartners.com/portfolio,Tacna,,Unknown from approved source,Portfolio,Unknown from approved source,Unknown from approved source,Unknown from approved source,Unknown from approved source; requires enrichment,Unknown from approved source; requires enrichment,Unknown from approved source; requires enrichment,Listed on Kay-approved source page (Portfolio; item type: operating company).,Preserve for pattern recognition; fit not yet assessed.,"Enrich website, industry, niche, customer type, revenue model, recurrence, criticality, fragmentation, and acquisition context from approved primary sources.",Medium,source_complete_unfiltered
Maven Equity Partners,https://www.mavenequitypartners.com/portfolio,The Nearshore Company,,Unknown from approved source,Portfolio,Unknown from approved source,Unknown from approved source,Unknown from approved source,Unknown from approved source; requires enrichment,Unknown from approved source; requires enrichment,Unknown from approved source; requires enrichment,Listed on Kay-approved source page (Portfolio; item type: operating company).,Preserve for pattern recognition; fit not yet assessed.,"Enrich website, industry, niche, customer type, revenue model, recurrence, criticality, fragmentation, and acquisition context from approved primary sources.",Medium,source_complete_unfiltered
Maven Equity Partners,https://www.mavenequitypartners.com/portfolio,TrueCare Biomedix,,Unknown from approved source,Portfolio,Unknown from approved source,Unknown from approved source,Unknown from approved source,Unknown from approved source; requires enrichment,Unknown from approved source; requires enrichment,Unknown from approved source; requires enrichment,Listed on Kay-approved source page (Portfolio; item type: operating company).,Preserve for pattern recognition; fit not yet assessed.,"Enrich website, industry, niche, customer type, revenue model, recurrence, criticality, fragmentation, and acquisition context from approved primary sources.",Medium,source_complete_unfiltered
Maven Equity Partners,https://www.mavenequitypartners.com/portfolio,TrueMed LIS,https://truemedlis.com,Software / healthcare laboratory,Laboratory information system,Healthcare/lab software,Labs/healthcare providers,Unknown,LIS software likely recurring,Lab information systems are mission-critical,LIS markets fragmented by segment,Maven lists TrueMed LIS as Software investment with website,Reinforces lab software cluster with NovoPath/myLIMS,Research retention implementation and regulatory drivers,Medium,seed
Maven Equity Partners,https://www.mavenequitypartners.com/portfolio,WaveRock Software,,Unknown from approved source,Portfolio,Unknown from approved source,Unknown from approved source,Unknown from approved source,Unknown from approved source; requires enrichment,Unknown from approved source; requires enrichment,Unknown from approved source; requires enrichment,Listed on Kay-approved source page (Portfolio; item type: operating company).,Preserve for pattern recognition; fit not yet assessed.,"Enrich website, industry, niche, customer type, revenue model, recurrence, criticality, fragmentation, and acquisition context from approved primary sources.",Medium,source_complete_unfiltered
Maven Equity Partners,https://www.mavenequitypartners.com/portfolio,Windmill Wellness Ranch,,Unknown from approved source,Portfolio,Unknown from approved source,Unknown from approved source,Unknown from approved source,Unknown from approved source; requires enrichment,Unknown from approved source; requires enrichment,Unknown from approved source; requires enrichment,Listed on Kay-approved source page (Portfolio; item type: operating company).,Preserve for pattern recognition; fit not yet assessed.,"Enrich website, industry, niche, customer type, revenue model, recurrence, criticality, fragmentation, and acquisition context from approved primary sources.",Medium,source_complete_unfiltered
Maven Equity Partners,https://www.mavenequitypartners.com/portfolio,Belle Vie Medical,,Unknown from approved source,Portfolio,Unknown from approved source,Unknown from approved source,Unknown from approved source,Unknown from approved source; requires enrichment,Unknown from approved source; requires enrichment,Unknown from approved source; requires enrichment,Listed on Kay-approved source page (Portfolio; item type: operating company).,Preserve for pattern recognition; fit not yet assessed.,"Enrich website, industry, niche, customer type, revenue model, recurrence, criticality, fragmentation, and acquisition context from approved primary sources.",Medium,source_complete_unfiltered
Maven Equity Partners,https://www.mavenequitypartners.com/portfolio,CarData,,Unknown from approved source,Portfolio,Unknown from approved source,Unknown from approved source,Unknown from approved source,Unknown from approved source; requires enrichment,Unknown from approved source; requires enrichment,Unknown from approved source; requires enrichment,Listed on Kay-approved source page (Portfolio; item type: operating company).,Preserve for pattern recognition; fit not yet assessed.,"Enrich website, industry, niche, customer type, revenue model, recurrence, criticality, fragmentation, and acquisition context from approved primary sources.",Medium,source_complete_unfiltered
Maven Equity Partners,https://www.mavenequitypartners.com/portfolio,Echosec,,Unknown from approved source,Portfolio,Unknown from approved source,Unknown from approved source,Unknown from approved source,Unknown from approved source; requires enrichment,Unknown from approved source; requires enrichment,Unknown from approved source; requires enrichment,Listed on Kay-approved source page (Portfolio; item type: operating company).,Preserve for pattern recognition; fit not yet assessed.,"Enrich website, industry, niche, customer type, revenue model, recurrence, criticality, fragmentation, and acquisition context from approved primary sources.",Medium,source_complete_unfiltered
Maven Equity Partners,https://www.mavenequitypartners.com/portfolio,ECP,,Unknown from approved source,Portfolio,Unknown from approved source,Unknown from approved source,Unknown from approved source,Unknown from approved source; requires enrichment,Unknown from approved source; requires enrichment,Unknown from approved source; requires enrichment,Listed on Kay-approved source page (Portfolio; item type: operating company).,Preserve for pattern recognition; fit not yet assessed.,"Enrich website, industry, niche, customer type, revenue model, recurrence, criticality, fragmentation, and acquisition context from approved primary sources.",Medium,source_complete_unfiltered
Maven Equity Partners,https://www.mavenequitypartners.com/portfolio,Knight Franchise Holdings,,Unknown from approved source,Portfolio,Unknown from approved source,Unknown from approved source,Unknown from approved source,Unknown from approved source; requires enrichment,Unknown from approved source; requires enrichment,Unknown from approved source; requires enrichment,Listed on Kay-approved source page (Portfolio; item type: operating company).,Preserve for pattern recognition; fit not yet assessed.,"Enrich website, industry, niche, customer type, revenue model, recurrence, criticality, fragmentation, and acquisition context from approved primary sources.",Medium,source_complete_unfiltered
Maven Equity Partners,https://www.mavenequitypartners.com/portfolio,Transifex,,Unknown from approved source,Portfolio,Unknown from approved source,Unknown from approved source,Unknown from approved source,Unknown from approved source; requires enrichment,Unknown from approved source; requires enrichment,Unknown from approved source; requires enrichment,Listed on Kay-approved source page (Portfolio; item type: operating company).,Preserve for pattern recognition; fit not yet assessed.,"Enrich website, industry, niche, customer type, revenue model, recurrence, criticality, fragmentation, and acquisition context from approved primary sources.",Medium,source_complete_unfiltered
Peterson Partners,https://www.petersonpartners.com/portfolio/,Abound Health,,Unknown from approved source,Portfolio,Unknown from approved source,Unknown from approved source,Unknown from approved source,Unknown from approved source; requires enrichment,Unknown from approved source; requires enrichment,Unknown from approved source; requires enrichment,Listed on Kay-approved source page (Portfolio; item type: operating company).,Preserve for pattern recognition; fit not yet assessed.,"Enrich website, industry, niche, customer type, revenue model, recurrence, criticality, fragmentation, and acquisition context from approved primary sources.",Medium,source_complete_unfiltered
Peterson Partners,https://www.petersonpartners.com/portfolio/,Airin,,Unknown from approved source,Portfolio,Unknown from approved source,Unknown from approved source,Unknown from approved source,Unknown from approved source; requires enrichment,Unknown from approved source; requires enrichment,Unknown from approved source; requires enrichment,Listed on Kay-approved source page (Portfolio; item type: operating company).,Preserve for pattern recognition; fit not yet assessed.,"Enrich website, industry, niche, customer type, revenue model, recurrence, criticality, fragmentation, and acquisition context from approved primary sources.",Medium,source_complete_unfiltered
Peterson Partners,https://www.petersonpartners.com/portfolio/,Allbirds,,Unknown from approved source,Portfolio,Unknown from approved source,Unknown from approved source,Unknown from approved source,Unknown from approved source; requires enrichment,Unknown from approved source; requires enrichment,Unknown from approved source; requires enrichment,Listed on Kay-approved source page (Portfolio; item type: operating company).,Preserve for pattern recognition; fit not yet assessed.,"Enrich website, industry, niche, customer type, revenue model, recurrence, criticality, fragmentation, and acquisition context from approved primary sources.",Medium,source_complete_unfiltered
Peterson Partners,https://www.petersonpartners.com/portfolio/,Anterra Technology,,Unknown from approved source,Portfolio,Unknown from approved source,Unknown from approved source,Unknown from approved source,Unknown from approved source; requires enrichment,Unknown from approved source; requires enrichment,Unknown from approved source; requires enrichment,Listed on Kay-approved source page (Portfolio; item type: operating company).,Preserve for pattern recognition; fit not yet assessed.,"Enrich website, industry, niche, customer type, revenue model, recurrence, criticality, fragmentation, and acquisition context from approved primary sources.",Medium,source_complete_unfiltered
Peterson Partners,https://www.petersonpartners.com/portfolio/,Artemis,,Unknown from approved source,Portfolio,Unknown from approved source,Unknown from approved source,Unknown from approved source,Unknown from approved source; requires enrichment,Unknown from approved source; requires enrichment,Unknown from approved source; requires enrichment,Listed on Kay-approved source page (Portfolio; item type: operating company).,Preserve for pattern recognition; fit not yet assessed.,"Enrich website, industry, niche, customer type, revenue model, recurrence, criticality, fragmentation, and acquisition context from approved primary sources.",Medium,source_complete_unfiltered
Peterson Partners,https://www.petersonpartners.com/portfolio/,Aspire Home Health Care,,Unknown from approved source,Portfolio,Unknown from approved source,Unknown from approved source,Unknown from approved source,Unknown from approved source; requires enrichment,Unknown from approved source; requires enrichment,Unknown from approved source; requires enrichment,Listed on Kay-approved source page (Portfolio; item type: operating company).,Preserve for pattern recognition; fit not yet assessed.,"Enrich website, industry, niche, customer type, revenue model, recurrence, criticality, fragmentation, and acquisition context from approved primary sources.",Medium,source_complete_unfiltered
Peterson Partners,https://www.petersonpartners.com/portfolio/,Atlas Urology,,Unknown from approved source,Portfolio,Unknown from approved source,Unknown from approved source,Unknown from approved source,Unknown from approved source; requires enrichment,Unknown from approved source; requires enrichment,Unknown from approved source; requires enrichment,Listed on Kay-approved source page (Portfolio; item type: operating company).,Preserve for pattern recognition; fit not yet assessed.,"Enrich website, industry, niche, customer type, revenue model, recurrence, criticality, fragmentation, and acquisition context from approved primary sources.",Medium,source_complete_unfiltered
Peterson Partners,https://www.petersonpartners.com/portfolio/,Backbone,,Unknown from approved source,Portfolio,Unknown from approved source,Unknown from approved source,Unknown from approved source,Unknown from approved source; requires enrichment,Unknown from approved source; requires enrichment,Unknown from approved source; requires enrichment,Listed on Kay-approved source page (Portfolio; item type: operating company).,Preserve for pattern recognition; fit not yet assessed.,"Enrich website, industry, niche, customer type, revenue model, recurrence, criticality, fragmentation, and acquisition context from approved primary sources.",Medium,source_complete_unfiltered
Peterson Partners,https://www.petersonpartners.com/portfolio/,Banyan,,Unknown from approved source,Portfolio,Unknown from approved source,Unknown from approved source,Unknown from approved source,Unknown from approved source; requires enrichment,Unknown from approved source; requires enrichment,Unknown from approved source; requires enrichment,Listed on Kay-approved source page (Portfolio; item type: operating company).,Preserve for pattern recognition; fit not yet assessed.,"Enrich website, industry, niche, customer type, revenue model, recurrence, criticality, fragmentation, and acquisition context from approved primary sources.",Medium,source_complete_unfiltered
Peterson Partners,https://www.petersonpartners.com/portfolio/,Beecker,,Unknown from approved source,Portfolio,Unknown from approved source,Unknown from approved source,Unknown from approved source,Unknown from approved source; requires enrichment,Unknown from approved source; requires enrichment,Unknown from approved source; requires enrichment,Listed on Kay-approved source page (Portfolio; item type: operating company).,Preserve for pattern recognition; fit not yet assessed.,"Enrich website, industry, niche, customer type, revenue model, recurrence, criticality, fragmentation, and acquisition context from approved primary sources.",Medium,source_complete_unfiltered
Peterson Partners,https://www.petersonpartners.com/portfolio/,Blue Matador,,Unknown from approved source,Portfolio,Unknown from approved source,Unknown from approved source,Unknown from approved source,Unknown from approved source; requires enrichment,Unknown from approved source; requires enrichment,Unknown from approved source; requires enrichment,Listed on Kay-approved source page (Portfolio; item type: operating company).,Preserve for pattern recognition; fit not yet assessed.,"Enrich website, industry, niche, customer type, revenue model, recurrence, criticality, fragmentation, and acquisition context from approved primary sources.",Medium,source_complete_unfiltered
Peterson Partners,https://www.petersonpartners.com/portfolio/,Blyncsy,,Unknown from approved source,Portfolio,Unknown from approved source,Unknown from approved source,Unknown from approved source,Unknown from approved source; requires enrichment,Unknown from approved source; requires enrichment,Unknown from approved source; requires enrichment,Listed on Kay-approved source page (Portfolio; item type: operating company).,Preserve for pattern recognition; fit not yet assessed.,"Enrich website, industry, niche, customer type, revenue model, recurrence, criticality, fragmentation, and acquisition context from approved primary sources.",Medium,source_complete_unfiltered
Peterson Partners,https://www.petersonpartners.com/portfolio/,Bonobos,,Unknown from approved source,Portfolio,Unknown from approved source,Unknown from approved source,Unknown from approved source,Unknown from approved source; requires enrichment,Unknown from approved source; requires enrichment,Unknown from approved source; requires enrichment,Listed on Kay-approved source page (Portfolio; item type: operating company).,Preserve for pattern recognition; fit not yet assessed.,"Enrich website, industry, niche, customer type, revenue model, recurrence, criticality, fragmentation, and acquisition context from approved primary sources.",Medium,source_complete_unfiltered
Peterson Partners,https://www.petersonpartners.com/portfolio/,BrainStorm,,Unknown from approved source,Portfolio,Unknown from approved source,Unknown from approved source,Unknown from approved source,Unknown from approved source; requires enrichment,Unknown from approved source; requires enrichment,Unknown from approved source; requires enrichment,Listed on Kay-approved source page (Portfolio; item type: operating company).,Preserve for pattern recognition; fit not yet assessed.,"Enrich website, industry, niche, customer type, revenue model, recurrence, criticality, fragmentation, and acquisition context from approved primary sources.",Medium,source_complete_unfiltered
Peterson Partners,https://www.petersonpartners.com/portfolio/,Breeze Airways,,Unknown from approved source,Portfolio,Unknown from approved source,Unknown from approved source,Unknown from approved source,Unknown from approved source; requires enrichment,Unknown from approved source; requires enrichment,Unknown from approved source; requires enrichment,Listed on Kay-approved source page (Portfolio; item type: operating company).,Preserve for pattern recognition; fit not yet assessed.,"Enrich website, industry, niche, customer type, revenue model, recurrence, criticality, fragmentation, and acquisition context from approved primary sources.",Medium,source_complete_unfiltered
Peterson Partners,https://www.petersonpartners.com/portfolio/,Buffy,,Unknown from approved source,Portfolio,Unknown from approved source,Unknown from approved source,Unknown from approved source,Unknown from approved source; requires enrichment,Unknown from approved source; requires enrichment,Unknown from approved source; requires enrichment,Listed on Kay-approved source page (Portfolio; item type: operating company).,Preserve for pattern recognition; fit not yet assessed.,"Enrich website, industry, niche, customer type, revenue model, recurrence, criticality, fragmentation, and acquisition context from approved primary sources.",Medium,source_complete_unfiltered
Peterson Partners,https://www.petersonpartners.com/portfolio/,Callpop,,Unknown from approved source,Portfolio,Unknown from approved source,Unknown from approved source,Unknown from approved source,Unknown from approved source; requires enrichment,Unknown from approved source; requires enrichment,Unknown from approved source; requires enrichment,Listed on Kay-approved source page (Portfolio; item type: operating company).,Preserve for pattern recognition; fit not yet assessed.,"Enrich website, industry, niche, customer type, revenue model, recurrence, criticality, fragmentation, and acquisition context from approved primary sources.",Medium,source_complete_unfiltered
Peterson Partners,https://www.petersonpartners.com/portfolio/,Central Storage & Warehouse,,Unknown from approved source,Portfolio,Unknown from approved source,Unknown from approved source,Unknown from approved source,Unknown from approved source; requires enrichment,Unknown from approved source; requires enrichment,Unknown from approved source; requires enrichment,Listed on Kay-approved source page (Portfolio; item type: operating company).,Preserve for pattern recognition; fit not yet assessed.,"Enrich website, industry, niche, customer type, revenue model, recurrence, criticality, fragmentation, and acquisition context from approved primary sources.",Medium,source_complete_unfiltered
Peterson Partners,https://www.petersonpartners.com/portfolio/,Charlie,,Unknown from approved source,Portfolio,Unknown from approved source,Unknown from approved source,Unknown from approved source,Unknown from approved source; requires enrichment,Unknown from approved source; requires enrichment,Unknown from approved source; requires enrichment,Listed on Kay-approved source page (Portfolio; item type: operating company).,Preserve for pattern recognition; fit not yet assessed.,"Enrich website, industry, niche, customer type, revenue model, recurrence, criticality, fragmentation, and acquisition context from approved primary sources.",Medium,source_complete_unfiltered
Peterson Partners,https://www.petersonpartners.com/portfolio/,Chatalytic,,Unknown from approved source,Portfolio,Unknown from approved source,Unknown from approved source,Unknown from approved source,Unknown from approved source; requires enrichment,Unknown from approved source; requires enrichment,Unknown from approved source; requires enrichment,Listed on Kay-approved source page (Portfolio; item type: operating company).,Preserve for pattern recognition; fit not yet assessed.,"Enrich website, industry, niche, customer type, revenue model, recurrence, criticality, fragmentation, and acquisition context from approved primary sources.",Medium,source_complete_unfiltered
Peterson Partners,https://www.petersonpartners.com/portfolio/,Chatbooks,,Unknown from approved source,Portfolio,Unknown from approved source,Unknown from approved source,Unknown from approved source,Unknown from approved source; requires enrichment,Unknown from approved source; requires enrichment,Unknown from approved source; requires enrichment,Listed on Kay-approved source page (Portfolio; item type: operating company).,Preserve for pattern recognition; fit not yet assessed.,"Enrich website, industry, niche, customer type, revenue model, recurrence, criticality, fragmentation, and acquisition context from approved primary sources.",Medium,source_complete_unfiltered
Peterson Partners,https://www.petersonpartners.com/portfolio/,Chobolabs,,Unknown from approved source,Portfolio,Unknown from approved source,Unknown from approved source,Unknown from approved source,Unknown from approved source; requires enrichment,Unknown from approved source; requires enrichment,Unknown from approved source; requires enrichment,Listed on Kay-approved source page (Portfolio; item type: operating company).,Preserve for pattern recognition; fit not yet assessed.,"Enrich website, industry, niche, customer type, revenue model, recurrence, criticality, fragmentation, and acquisition context from approved primary sources.",Medium,source_complete_unfiltered
Peterson Partners,https://www.petersonpartners.com/portfolio/,City Wide Facility Solutions San Diego,,Unknown from approved source,Portfolio,Unknown from approved source,Unknown from approved source,Unknown from approved source,Unknown from approved source; requires enrichment,Unknown from approved source; requires enrichment,Unknown from approved source; requires enrichment,Listed on Kay-approved source page (Portfolio; item type: operating company).,Preserve for pattern recognition; fit not yet assessed.,"Enrich website, industry, niche, customer type, revenue model, recurrence, criticality, fragmentation, and acquisition context from approved primary sources.",Medium,source_complete_unfiltered
Peterson Partners,https://www.petersonpartners.com/portfolio/,Collective Medical Technologies,,Unknown from approved source,Portfolio,Unknown from approved source,Unknown from approved source,Unknown from approved source,Unknown from approved source; requires enrichment,Unknown from approved source; requires enrichment,Unknown from approved source; requires enrichment,Listed on Kay-approved source page (Portfolio; item type: operating company).,Preserve for pattern recognition; fit not yet assessed.,"Enrich website, industry, niche, customer type, revenue model, recurrence, criticality, fragmentation, and acquisition context from approved primary sources.",Medium,source_complete_unfiltered
Peterson Partners,https://www.petersonpartners.com/portfolio/,Concierge Plus,,Unknown from approved source,Portfolio,Unknown from approved source,Unknown from approved source,Unknown from approved source,Unknown from approved source; requires enrichment,Unknown from approved source; requires enrichment,Unknown from approved source; requires enrichment,Listed on Kay-approved source page (Portfolio; item type: operating company).,Preserve for pattern recognition; fit not yet assessed.,"Enrich website, industry, niche, customer type, revenue model, recurrence, criticality, fragmentation, and acquisition context from approved primary sources.",Medium,source_complete_unfiltered
Peterson Partners,https://www.petersonpartners.com/portfolio/,Content Analytics,,Unknown from approved source,Portfolio,Unknown from approved source,Unknown from approved source,Unknown from approved source,Unknown from approved source; requires enrichment,Unknown from approved source; requires enrichment,Unknown from approved source; requires enrichment,Listed on Kay-approved source page (Portfolio; item type: operating company).,Preserve for pattern recognition; fit not yet assessed.,"Enrich website, industry, niche, customer type, revenue model, recurrence, criticality, fragmentation, and acquisition context from approved primary sources.",Medium,source_complete_unfiltered
Peterson Partners,https://www.petersonpartners.com/portfolio/,Cotopaxi,,Unknown from approved source,Portfolio,Unknown from approved source,Unknown from approved source,Unknown from approved source,Unknown from approved source; requires enrichment,Unknown from approved source; requires enrichment,Unknown from approved source; requires enrichment,Listed on Kay-approved source page (Portfolio; item type: operating company).,Preserve for pattern recognition; fit not yet assessed.,"Enrich website, industry, niche, customer type, revenue model, recurrence, criticality, fragmentation, and acquisition context from approved primary sources.",Medium,source_complete_unfiltered
Peterson Partners,https://www.petersonpartners.com/portfolio/,Datawatch Angoss,,Unknown from approved source,Portfolio,Unknown from approved source,Unknown from approved source,Unknown from approved source,Unknown from approved source; requires enrichment,Unknown from approved source; requires enrichment,Unknown from approved source; requires enrichment,Listed on Kay-approved source page (Portfolio; item type: operating company).,Preserve for pattern recognition; fit not yet assessed.,"Enrich website, industry, niche, customer type, revenue model, recurrence, criticality, fragmentation, and acquisition context from approved primary sources.",Medium,source_complete_unfiltered
Peterson Partners,https://www.petersonpartners.com/portfolio/,Discovery Senior Living,,Unknown from approved source,Portfolio,Unknown from approved source,Unknown from approved source,Unknown from approved source,Unknown from approved source; requires enrichment,Unknown from approved source; requires enrichment,Unknown from approved source; requires enrichment,Listed on Kay-approved source page (Portfolio; item type: operating company).,Preserve for pattern recognition; fit not yet assessed.,"Enrich website, industry, niche, customer type, revenue model, recurrence, criticality, fragmentation, and acquisition context from approved primary sources.",Medium,source_complete_unfiltered
Peterson Partners,https://www.petersonpartners.com/portfolio/,Dsco,,Unknown from approved source,Portfolio,Unknown from approved source,Unknown from approved source,Unknown from approved source,Unknown from approved source; requires enrichment,Unknown from approved source; requires enrichment,Unknown from approved source; requires enrichment,Listed on Kay-approved source page (Portfolio; item type: operating company).,Preserve for pattern recognition; fit not yet assessed.,"Enrich website, industry, niche, customer type, revenue model, recurrence, criticality, fragmentation, and acquisition context from approved primary sources.",Medium,source_complete_unfiltered
Peterson Partners,https://www.petersonpartners.com/portfolio/,Dura Software,,Unknown from approved source,Portfolio,Unknown from approved source,Unknown from approved source,Unknown from approved source,Unknown from approved source; requires enrichment,Unknown from approved source; requires enrichment,Unknown from approved source; requires enrichment,Listed on Kay-approved source page (Portfolio; item type: operating company).,Preserve for pattern recognition; fit not yet assessed.,"Enrich website, industry, niche, customer type, revenue model, recurrence, criticality, fragmentation, and acquisition context from approved primary sources.",Medium,source_complete_unfiltered
Peterson Partners,https://www.petersonpartners.com/portfolio/,Dwelo,,Unknown from approved source,Portfolio,Unknown from approved source,Unknown from approved source,Unknown from approved source,Unknown from approved source; requires enrichment,Unknown from approved source; requires enrichment,Unknown from approved source; requires enrichment,Listed on Kay-approved source page (Portfolio; item type: operating company).,Preserve for pattern recognition; fit not yet assessed.,"Enrich website, industry, niche, customer type, revenue model, recurrence, criticality, fragmentation, and acquisition context from approved primary sources.",Medium,source_complete_unfiltered
Peterson Partners,https://www.petersonpartners.com/portfolio/,Eargo,,Unknown from approved source,Portfolio,Unknown from approved source,Unknown from approved source,Unknown from approved source,Unknown from approved source; requires enrichment,Unknown from approved source; requires enrichment,Unknown from approved source; requires enrichment,Listed on Kay-approved source page (Portfolio; item type: operating company).,Preserve for pattern recognition; fit not yet assessed.,"Enrich website, industry, niche, customer type, revenue model, recurrence, criticality, fragmentation, and acquisition context from approved primary sources.",Medium,source_complete_unfiltered
Peterson Partners,https://www.petersonpartners.com/portfolio/,Ennoble Care,,Unknown from approved source,Portfolio,Unknown from approved source,Unknown from approved source,Unknown from approved source,Unknown from approved source; requires enrichment,Unknown from approved source; requires enrichment,Unknown from approved source; requires enrichment,Listed on Kay-approved source page (Portfolio; item type: operating company).,Preserve for pattern recognition; fit not yet assessed.,"Enrich website, industry, niche, customer type, revenue model, recurrence, criticality, fragmentation, and acquisition context from approved primary sources.",Medium,source_complete_unfiltered
Peterson Partners,https://www.petersonpartners.com/portfolio/,EnterMedicare,,Unknown from approved source,Portfolio,Unknown from approved source,Unknown from approved source,Unknown from approved source,Unknown from approved source; requires enrichment,Unknown from approved source; requires enrichment,Unknown from approved source; requires enrichment,Listed on Kay-approved source page (Portfolio; item type: operating company).,Preserve for pattern recognition; fit not yet assessed.,"Enrich website, industry, niche, customer type, revenue model, recurrence, criticality, fragmentation, and acquisition context from approved primary sources.",Medium,source_complete_unfiltered
Peterson Partners,https://www.petersonpartners.com/portfolio/,Ethos,,Unknown from approved source,Portfolio,Unknown from approved source,Unknown from approved source,Unknown from approved source,Unknown from approved source; requires enrichment,Unknown from approved source; requires enrichment,Unknown from approved source; requires enrichment,Listed on Kay-approved source page (Portfolio; item type: operating company).,Preserve for pattern recognition; fit not yet assessed.,"Enrich website, industry, niche, customer type, revenue model, recurrence, criticality, fragmentation, and acquisition context from approved primary sources.",Medium,source_complete_unfiltered
Peterson Partners,https://www.petersonpartners.com/portfolio/,Facilities Survey Inc.,https://facilitiessurvey.com,Healthcare software / facilities,Hospital CMMS / facilities software,Maintenance management software,Hospitals,Unknown,Software likely recurring,Hospital facility maintenance is mission-critical,Healthcare CMMS providers fragmented,Peterson portfolio lists Facilities Survey Inc.; Trilogy provides detailed description elsewhere,Cross-source reinforcement of hospital facilities software,Research retention hospital customer concentration and implementation complexity,Medium,seed
Peterson Partners,https://www.petersonpartners.com/portfolio/,Frontpoint Health,,Unknown from approved source,Portfolio,Unknown from approved source,Unknown from approved source,Unknown from approved source,Unknown from approved source; requires enrichment,Unknown from approved source; requires enrichment,Unknown from approved source; requires enrichment,Listed on Kay-approved source page (Portfolio; item type: operating company).,Preserve for pattern recognition; fit not yet assessed.,"Enrich website, industry, niche, customer type, revenue model, recurrence, criticality, fragmentation, and acquisition context from approved primary sources.",Medium,source_complete_unfiltered
Peterson Partners,https://www.petersonpartners.com/portfolio/,Gloss Ventures,,Unknown from approved source,Portfolio,Unknown from approved source,Unknown from approved source,Unknown from approved source,Unknown from approved source; requires enrichment,Unknown from approved source; requires enrichment,Unknown from approved source; requires enrichment,Listed on Kay-approved source page (Portfolio; item type: operating company).,Preserve for pattern recognition; fit not yet assessed.,"Enrich website, industry, niche, customer type, revenue model, recurrence, criticality, fragmentation, and acquisition context from approved primary sources.",Medium,source_complete_unfiltered
Peterson Partners,https://www.petersonpartners.com/portfolio/,Glowbar,,Unknown from approved source,Portfolio,Unknown from approved source,Unknown from approved source,Unknown from approved source,Unknown from approved source; requires enrichment,Unknown from approved source; requires enrichment,Unknown from approved source; requires enrichment,Listed on Kay-approved source page (Portfolio; item type: operating company).,Preserve for pattern recognition; fit not yet assessed.,"Enrich website, industry, niche, customer type, revenue model, recurrence, criticality, fragmentation, and acquisition context from approved primary sources.",Medium,source_complete_unfiltered
Peterson Partners,https://www.petersonpartners.com/portfolio/,Govineer,,Unknown from approved source,Portfolio,Unknown from approved source,Unknown from approved source,Unknown from approved source,Unknown from approved source; requires enrichment,Unknown from approved source; requires enrichment,Unknown from approved source; requires enrichment,Listed on Kay-approved source page (Portfolio; item type: operating company).,Preserve for pattern recognition; fit not yet assessed.,"Enrich website, industry, niche, customer type, revenue model, recurrence, criticality, fragmentation, and acquisition context from approved primary sources.",Medium,source_complete_unfiltered
Peterson Partners,https://www.petersonpartners.com/portfolio/,Grain,,Unknown from approved source,Portfolio,Unknown from approved source,Unknown from approved source,Unknown from approved source,Unknown from approved source; requires enrichment,Unknown from approved source; requires enrichment,Unknown from approved source; requires enrichment,Listed on Kay-approved source page (Portfolio; item type: operating company).,Preserve for pattern recognition; fit not yet assessed.,"Enrich website, industry, niche, customer type, revenue model, recurrence, criticality, fragmentation, and acquisition context from approved primary sources.",Medium,source_complete_unfiltered
Peterson Partners,https://www.petersonpartners.com/portfolio/,Gravity Media,,Unknown from approved source,Portfolio,Unknown from approved source,Unknown from approved source,Unknown from approved source,Unknown from approved source; requires enrichment,Unknown from approved source; requires enrichment,Unknown from approved source; requires enrichment,Listed on Kay-approved source page (Portfolio; item type: operating company).,Preserve for pattern recognition; fit not yet assessed.,"Enrich website, industry, niche, customer type, revenue model, recurrence, criticality, fragmentation, and acquisition context from approved primary sources.",Medium,source_complete_unfiltered
Peterson Partners,https://www.petersonpartners.com/portfolio/,Grow,,Unknown from approved source,Portfolio,Unknown from approved source,Unknown from approved source,Unknown from approved source,Unknown from approved source; requires enrichment,Unknown from approved source; requires enrichment,Unknown from approved source; requires enrichment,Listed on Kay-approved source page (Portfolio; item type: operating company).,Preserve for pattern recognition; fit not yet assessed.,"Enrich website, industry, niche, customer type, revenue model, recurrence, criticality, fragmentation, and acquisition context from approved primary sources.",Medium,source_complete_unfiltered
Peterson Partners,https://www.petersonpartners.com/portfolio/,Halsey Health,,Unknown from approved source,Portfolio,Unknown from approved source,Unknown from approved source,Unknown from approved source,Unknown from approved source; requires enrichment,Unknown from approved source; requires enrichment,Unknown from approved source; requires enrichment,Listed on Kay-approved source page (Portfolio; item type: operating company).,Preserve for pattern recognition; fit not yet assessed.,"Enrich website, industry, niche, customer type, revenue model, recurrence, criticality, fragmentation, and acquisition context from approved primary sources.",Medium,source_complete_unfiltered
Peterson Partners,https://www.petersonpartners.com/portfolio/,HODL,,Unknown from approved source,Portfolio,Unknown from approved source,Unknown from approved source,Unknown from approved source,Unknown from approved source; requires enrichment,Unknown from approved source; requires enrichment,Unknown from approved source; requires enrichment,Listed on Kay-approved source page (Portfolio; item type: operating company).,Preserve for pattern recognition; fit not yet assessed.,"Enrich website, industry, niche, customer type, revenue model, recurrence, criticality, fragmentation, and acquisition context from approved primary sources.",Medium,source_complete_unfiltered
Peterson Partners,https://www.petersonpartners.com/portfolio/,Homelyfe,,Unknown from approved source,Portfolio,Unknown from approved source,Unknown from approved source,Unknown from approved source,Unknown from approved source; requires enrichment,Unknown from approved source; requires enrichment,Unknown from approved source; requires enrichment,Listed on Kay-approved source page (Portfolio; item type: operating company).,Preserve for pattern recognition; fit not yet assessed.,"Enrich website, industry, niche, customer type, revenue model, recurrence, criticality, fragmentation, and acquisition context from approved primary sources.",Medium,source_complete_unfiltered
Peterson Partners,https://www.petersonpartners.com/portfolio/,Insikt,,Unknown from approved source,Portfolio,Unknown from approved source,Unknown from approved source,Unknown from approved source,Unknown from approved source; requires enrichment,Unknown from approved source; requires enrichment,Unknown from approved source; requires enrichment,Listed on Kay-approved source page (Portfolio; item type: operating company).,Preserve for pattern recognition; fit not yet assessed.,"Enrich website, industry, niche, customer type, revenue model, recurrence, criticality, fragmentation, and acquisition context from approved primary sources.",Medium,source_complete_unfiltered
Peterson Partners,https://www.petersonpartners.com/portfolio/,Interior Define,,Unknown from approved source,Portfolio,Unknown from approved source,Unknown from approved source,Unknown from approved source,Unknown from approved source; requires enrichment,Unknown from approved source; requires enrichment,Unknown from approved source; requires enrichment,Listed on Kay-approved source page (Portfolio; item type: operating company).,Preserve for pattern recognition; fit not yet assessed.,"Enrich website, industry, niche, customer type, revenue model, recurrence, criticality, fragmentation, and acquisition context from approved primary sources.",Medium,source_complete_unfiltered
Peterson Partners,https://www.petersonpartners.com/portfolio/,JOJO’s Chocolate,,Unknown from approved source,Portfolio,Unknown from approved source,Unknown from approved source,Unknown from approved source,Unknown from approved source; requires enrichment,Unknown from approved source; requires enrichment,Unknown from approved source; requires enrichment,Listed on Kay-approved source page (Portfolio; item type: operating company).,Preserve for pattern recognition; fit not yet assessed.,"Enrich website, industry, niche, customer type, revenue model, recurrence, criticality, fragmentation, and acquisition context from approved primary sources.",Medium,source_complete_unfiltered
Peterson Partners,https://www.petersonpartners.com/portfolio/,Kelso Industries,,Unknown from approved source,Portfolio,Unknown from approved source,Unknown from approved source,Unknown from approved source,Unknown from approved source; requires enrichment,Unknown from approved source; requires enrichment,Unknown from approved source; requires enrichment,Listed on Kay-approved source page (Portfolio; item type: operating company).,Preserve for pattern recognition; fit not yet assessed.,"Enrich website, industry, niche, customer type, revenue model, recurrence, criticality, fragmentation, and acquisition context from approved primary sources.",Medium,source_complete_unfiltered
Peterson Partners,https://www.petersonpartners.com/portfolio/,Lightbridge Academy,,Unknown from approved source,Portfolio,Unknown from approved source,Unknown from approved source,Unknown from approved source,Unknown from approved source; requires enrichment,Unknown from approved source; requires enrichment,Unknown from approved source; requires enrichment,Listed on Kay-approved source page (Portfolio; item type: operating company).,Preserve for pattern recognition; fit not yet assessed.,"Enrich website, industry, niche, customer type, revenue model, recurrence, criticality, fragmentation, and acquisition context from approved primary sources.",Medium,source_complete_unfiltered
Peterson Partners,https://www.petersonpartners.com/portfolio/,Lion Industrial Resources,,Environmental / industrial services,Industrial waste management,Industrial waste services,Industrial customers,Unknown,Waste management services likely recurring; verify,Industrial waste compliance is mission-critical,Regional industrial waste services fragmented,Peterson portfolio lists Lion Industrial Resources; Anacapa provides detailed description elsewhere,Cross-source reinforcement of industrial waste services cluster,Research permits recurring contracts customer concentration and disposal asset needs,Medium,seed
Peterson Partners,https://www.petersonpartners.com/portfolio/,Listo,,Unknown from approved source,Portfolio,Unknown from approved source,Unknown from approved source,Unknown from approved source,Unknown from approved source; requires enrichment,Unknown from approved source; requires enrichment,Unknown from approved source; requires enrichment,Listed on Kay-approved source page (Portfolio; item type: operating company).,Preserve for pattern recognition; fit not yet assessed.,"Enrich website, industry, niche, customer type, revenue model, recurrence, criticality, fragmentation, and acquisition context from approved primary sources.",Medium,source_complete_unfiltered
Peterson Partners,https://www.petersonpartners.com/portfolio/,Loop Returns,,Unknown from approved source,Portfolio,Unknown from approved source,Unknown from approved source,Unknown from approved source,Unknown from approved source; requires enrichment,Unknown from approved source; requires enrichment,Unknown from approved source; requires enrichment,Listed on Kay-approved source page (Portfolio; item type: operating company).,Preserve for pattern recognition; fit not yet assessed.,"Enrich website, industry, niche, customer type, revenue model, recurrence, criticality, fragmentation, and acquisition context from approved primary sources.",Medium,source_complete_unfiltered
Peterson Partners,https://www.petersonpartners.com/portfolio/,Lucid Software,,Unknown from approved source,Portfolio,Unknown from approved source,Unknown from approved source,Unknown from approved source,Unknown from approved source; requires enrichment,Unknown from approved source; requires enrichment,Unknown from approved source; requires enrichment,Listed on Kay-approved source page (Portfolio; item type: operating company).,Preserve for pattern recognition; fit not yet assessed.,"Enrich website, industry, niche, customer type, revenue model, recurrence, criticality, fragmentation, and acquisition context from approved primary sources.",Medium,source_complete_unfiltered
Peterson Partners,https://www.petersonpartners.com/portfolio/,Luggage Forward,,Unknown from approved source,Portfolio,Unknown from approved source,Unknown from approved source,Unknown from approved source,Unknown from approved source; requires enrichment,Unknown from approved source; requires enrichment,Unknown from approved source; requires enrichment,Listed on Kay-approved source page (Portfolio; item type: operating company).,Preserve for pattern recognition; fit not yet assessed.,"Enrich website, industry, niche, customer type, revenue model, recurrence, criticality, fragmentation, and acquisition context from approved primary sources.",Medium,source_complete_unfiltered
Peterson Partners,https://www.petersonpartners.com/portfolio/,Madison Reed,,Unknown from approved source,Portfolio,Unknown from approved source,Unknown from approved source,Unknown from approved source,Unknown from approved source; requires enrichment,Unknown from approved source; requires enrichment,Unknown from approved source; requires enrichment,Listed on Kay-approved source page (Portfolio; item type: operating company).,Preserve for pattern recognition; fit not yet assessed.,"Enrich website, industry, niche, customer type, revenue model, recurrence, criticality, fragmentation, and acquisition context from approved primary sources.",Medium,source_complete_unfiltered
Peterson Partners,https://www.petersonpartners.com/portfolio/,MarketDial,,Unknown from approved source,Portfolio,Unknown from approved source,Unknown from approved source,Unknown from approved source,Unknown from approved source; requires enrichment,Unknown from approved source; requires enrichment,Unknown from approved source; requires enrichment,Listed on Kay-approved source page (Portfolio; item type: operating company).,Preserve for pattern recognition; fit not yet assessed.,"Enrich website, industry, niche, customer type, revenue model, recurrence, criticality, fragmentation, and acquisition context from approved primary sources.",Medium,source_complete_unfiltered
Peterson Partners,https://www.petersonpartners.com/portfolio/,másLabor,,Unknown from approved source,Portfolio,Unknown from approved source,Unknown from approved source,Unknown from approved source,Unknown from approved source; requires enrichment,Unknown from approved source; requires enrichment,Unknown from approved source; requires enrichment,Listed on Kay-approved source page (Portfolio; item type: operating company).,Preserve for pattern recognition; fit not yet assessed.,"Enrich website, industry, niche, customer type, revenue model, recurrence, criticality, fragmentation, and acquisition context from approved primary sources.",Medium,source_complete_unfiltered
Peterson Partners,https://www.petersonpartners.com/portfolio/,Nomi,,Unknown from approved source,Portfolio,Unknown from approved source,Unknown from approved source,Unknown from approved source,Unknown from approved source; requires enrichment,Unknown from approved source; requires enrichment,Unknown from approved source; requires enrichment,Listed on Kay-approved source page (Portfolio; item type: operating company).,Preserve for pattern recognition; fit not yet assessed.,"Enrich website, industry, niche, customer type, revenue model, recurrence, criticality, fragmentation, and acquisition context from approved primary sources.",Medium,source_complete_unfiltered
Peterson Partners,https://www.petersonpartners.com/portfolio/,Nutrishare,,Unknown from approved source,Portfolio,Unknown from approved source,Unknown from approved source,Unknown from approved source,Unknown from approved source; requires enrichment,Unknown from approved source; requires enrichment,Unknown from approved source; requires enrichment,Listed on Kay-approved source page (Portfolio; item type: operating company).,Preserve for pattern recognition; fit not yet assessed.,"Enrich website, industry, niche, customer type, revenue model, recurrence, criticality, fragmentation, and acquisition context from approved primary sources.",Medium,source_complete_unfiltered
Peterson Partners,https://www.petersonpartners.com/portfolio/,Objective Management Group,,Unknown from approved source,Portfolio,Unknown from approved source,Unknown from approved source,Unknown from approved source,Unknown from approved source; requires enrichment,Unknown from approved source; requires enrichment,Unknown from approved source; requires enrichment,Listed on Kay-approved source page (Portfolio; item type: operating company).,Preserve for pattern recognition; fit not yet assessed.,"Enrich website, industry, niche, customer type, revenue model, recurrence, criticality, fragmentation, and acquisition context from approved primary sources.",Medium,source_complete_unfiltered
Peterson Partners,https://www.petersonpartners.com/portfolio/,ONE,,Unknown from approved source,Portfolio,Unknown from approved source,Unknown from approved source,Unknown from approved source,Unknown from approved source; requires enrichment,Unknown from approved source; requires enrichment,Unknown from approved source; requires enrichment,Listed on Kay-approved source page (Portfolio; item type: operating company).,Preserve for pattern recognition; fit not yet assessed.,"Enrich website, industry, niche, customer type, revenue model, recurrence, criticality, fragmentation, and acquisition context from approved primary sources.",Medium,source_complete_unfiltered
Peterson Partners,https://www.petersonpartners.com/portfolio/,OneShield,,Unknown from approved source,Portfolio,Unknown from approved source,Unknown from approved source,Unknown from approved source,Unknown from approved source; requires enrichment,Unknown from approved source; requires enrichment,Unknown from approved source; requires enrichment,Listed on Kay-approved source page (Portfolio; item type: operating company).,Preserve for pattern recognition; fit not yet assessed.,"Enrich website, industry, niche, customer type, revenue model, recurrence, criticality, fragmentation, and acquisition context from approved primary sources.",Medium,source_complete_unfiltered
Peterson Partners,https://www.petersonpartners.com/portfolio/,Packsize,,Unknown from approved source,Portfolio,Unknown from approved source,Unknown from approved source,Unknown from approved source,Unknown from approved source; requires enrichment,Unknown from approved source; requires enrichment,Unknown from approved source; requires enrichment,Listed on Kay-approved source page (Portfolio; item type: operating company).,Preserve for pattern recognition; fit not yet assessed.,"Enrich website, industry, niche, customer type, revenue model, recurrence, criticality, fragmentation, and acquisition context from approved primary sources.",Medium,source_complete_unfiltered
Peterson Partners,https://www.petersonpartners.com/portfolio/,Page Vault,,Unknown from approved source,Portfolio,Unknown from approved source,Unknown from approved source,Unknown from approved source,Unknown from approved source; requires enrichment,Unknown from approved source; requires enrichment,Unknown from approved source; requires enrichment,Listed on Kay-approved source page (Portfolio; item type: operating company).,Preserve for pattern recognition; fit not yet assessed.,"Enrich website, industry, niche, customer type, revenue model, recurrence, criticality, fragmentation, and acquisition context from approved primary sources.",Medium,source_complete_unfiltered
Peterson Partners,https://www.petersonpartners.com/portfolio/,Part & Parcel,,Unknown from approved source,Portfolio,Unknown from approved source,Unknown from approved source,Unknown from approved source,Unknown from approved source; requires enrichment,Unknown from approved source; requires enrichment,Unknown from approved source; requires enrichment,Listed on Kay-approved source page (Portfolio; item type: operating company).,Preserve for pattern recognition; fit not yet assessed.,"Enrich website, industry, niche, customer type, revenue model, recurrence, criticality, fragmentation, and acquisition context from approved primary sources.",Medium,source_complete_unfiltered
Peterson Partners,https://www.petersonpartners.com/portfolio/,PrecisionMed,,Unknown from approved source,Portfolio,Unknown from approved source,Unknown from approved source,Unknown from approved source,Unknown from approved source; requires enrichment,Unknown from approved source; requires enrichment,Unknown from approved source; requires enrichment,Listed on Kay-approved source page (Portfolio; item type: operating company).,Preserve for pattern recognition; fit not yet assessed.,"Enrich website, industry, niche, customer type, revenue model, recurrence, criticality, fragmentation, and acquisition context from approved primary sources.",Medium,source_complete_unfiltered
Peterson Partners,https://www.petersonpartners.com/portfolio/,Pupford,,Unknown from approved source,Portfolio,Unknown from approved source,Unknown from approved source,Unknown from approved source,Unknown from approved source; requires enrichment,Unknown from approved source; requires enrichment,Unknown from approved source; requires enrichment,Listed on Kay-approved source page (Portfolio; item type: operating company).,Preserve for pattern recognition; fit not yet assessed.,"Enrich website, industry, niche, customer type, revenue model, recurrence, criticality, fragmentation, and acquisition context from approved primary sources.",Medium,source_complete_unfiltered
Peterson Partners,https://www.petersonpartners.com/portfolio/,QMC,,Telecommunications / infrastructure,Telecom infrastructure/services,Infrastructure services,Telecom carriers/infrastructure customers,Unknown,Infrastructure contracts may be recurring; verify,Telecom infrastructure is mission-critical,Regional telecom infrastructure providers fragmented,Peterson portfolio lists QMC; TTCER also lists QMC Telecom,Reinforces telecom/infrastructure services watchlist,Enrich business model geography and contract structure,Low,needs_enrichment
Peterson Partners,https://www.petersonpartners.com/portfolio/,Qzzr,,Unknown from approved source,Portfolio,Unknown from approved source,Unknown from approved source,Unknown from approved source,Unknown from approved source; requires enrichment,Unknown from approved source; requires enrichment,Unknown from approved source; requires enrichment,Listed on Kay-approved source page (Portfolio; item type: operating company).,Preserve for pattern recognition; fit not yet assessed.,"Enrich website, industry, niche, customer type, revenue model, recurrence, criticality, fragmentation, and acquisition context from approved primary sources.",Medium,source_complete_unfiltered
Peterson Partners,https://www.petersonpartners.com/portfolio/,Rails,,Unknown from approved source,Portfolio,Unknown from approved source,Unknown from approved source,Unknown from approved source,Unknown from approved source; requires enrichment,Unknown from approved source; requires enrichment,Unknown from approved source; requires enrichment,Listed on Kay-approved source page (Portfolio; item type: operating company).,Preserve for pattern recognition; fit not yet assessed.,"Enrich website, industry, niche, customer type, revenue model, recurrence, criticality, fragmentation, and acquisition context from approved primary sources.",Medium,source_complete_unfiltered
Peterson Partners,https://www.petersonpartners.com/portfolio/,RescueStat,,Healthcare / emergency services,Emergency/medical services likely,Services,Healthcare/public safety customers likely,Unknown,Unknown,Emergency services can be mission-critical,Unknown,Peterson portfolio lists RescueStat; Saltoun also lists RescueStat,Potential healthcare/emergency services signal but insufficient detail,Enrich company description and revenue model,Low,needs_enrichment
Peterson Partners,https://www.petersonpartners.com/portfolio/,RunTitle,,Unknown from approved source,Portfolio,Unknown from approved source,Unknown from approved source,Unknown from approved source,Unknown from approved source; requires enrichment,Unknown from approved source; requires enrichment,Unknown from approved source; requires enrichment,Listed on Kay-approved source page (Portfolio; item type: operating company).,Preserve for pattern recognition; fit not yet assessed.,"Enrich website, industry, niche, customer type, revenue model, recurrence, criticality, fragmentation, and acquisition context from approved primary sources.",Medium,source_complete_unfiltered
Peterson Partners,https://www.petersonpartners.com/portfolio/,SimpleCitizen,,Unknown from approved source,Portfolio,Unknown from approved source,Unknown from approved source,Unknown from approved source,Unknown from approved source; requires enrichment,Unknown from approved source; requires enrichment,Unknown from approved source; requires enrichment,Listed on Kay-approved source page (Portfolio; item type: operating company).,Preserve for pattern recognition; fit not yet assessed.,"Enrich website, industry, niche, customer type, revenue model, recurrence, criticality, fragmentation, and acquisition context from approved primary sources.",Medium,source_complete_unfiltered
Peterson Partners,https://www.petersonpartners.com/portfolio/,SmartAsset,,Unknown from approved source,Portfolio,Unknown from approved source,Unknown from approved source,Unknown from approved source,Unknown from approved source; requires enrichment,Unknown from approved source; requires enrichment,Unknown from approved source; requires enrichment,Listed on Kay-approved source page (Portfolio; item type: operating company).,Preserve for pattern recognition; fit not yet assessed.,"Enrich website, industry, niche, customer type, revenue model, recurrence, criticality, fragmentation, and acquisition context from approved primary sources.",Medium,source_complete_unfiltered
Peterson Partners,https://www.petersonpartners.com/portfolio/,Softrip,,Unknown from approved source,Portfolio,Unknown from approved source,Unknown from approved source,Unknown from approved source,Unknown from approved source; requires enrichment,Unknown from approved source; requires enrichment,Unknown from approved source; requires enrichment,Listed on Kay-approved source page (Portfolio; item type: operating company).,Preserve for pattern recognition; fit not yet assessed.,"Enrich website, industry, niche, customer type, revenue model, recurrence, criticality, fragmentation, and acquisition context from approved primary sources.",Medium,source_complete_unfiltered
Peterson Partners,https://www.petersonpartners.com/portfolio/,Spanish Schoolhouse,,Unknown from approved source,Portfolio,Unknown from approved source,Unknown from approved source,Unknown from approved source,Unknown from approved source; requires enrichment,Unknown from approved source; requires enrichment,Unknown from approved source; requires enrichment,Listed on Kay-approved source page (Portfolio; item type: operating company).,Preserve for pattern recognition; fit not yet assessed.,"Enrich website, industry, niche, customer type, revenue model, recurrence, criticality, fragmentation, and acquisition context from approved primary sources.",Medium,source_complete_unfiltered
Peterson Partners,https://www.petersonpartners.com/portfolio/,Spiff,,Unknown from approved source,Portfolio,Unknown from approved source,Unknown from approved source,Unknown from approved source,Unknown from approved source; requires enrichment,Unknown from approved source; requires enrichment,Unknown from approved source; requires enrichment,Listed on Kay-approved source page (Portfolio; item type: operating company).,Preserve for pattern recognition; fit not yet assessed.,"Enrich website, industry, niche, customer type, revenue model, recurrence, criticality, fragmentation, and acquisition context from approved primary sources.",Medium,source_complete_unfiltered
Peterson Partners,https://www.petersonpartners.com/portfolio/,Spruce Up,,Unknown from approved source,Portfolio,Unknown from approved source,Unknown from approved source,Unknown from approved source,Unknown from approved source; requires enrichment,Unknown from approved source; requires enrichment,Unknown from approved source; requires enrichment,Listed on Kay-approved source page (Portfolio; item type: operating company).,Preserve for pattern recognition; fit not yet assessed.,"Enrich website, industry, niche, customer type, revenue model, recurrence, criticality, fragmentation, and acquisition context from approved primary sources.",Medium,source_complete_unfiltered
Peterson Partners,https://www.petersonpartners.com/portfolio/,TAFT,,Unknown from approved source,Portfolio,Unknown from approved source,Unknown from approved source,Unknown from approved source,Unknown from approved source; requires enrichment,Unknown from approved source; requires enrichment,Unknown from approved source; requires enrichment,Listed on Kay-approved source page (Portfolio; item type: operating company).,Preserve for pattern recognition; fit not yet assessed.,"Enrich website, industry, niche, customer type, revenue model, recurrence, criticality, fragmentation, and acquisition context from approved primary sources.",Medium,source_complete_unfiltered
Peterson Partners,https://www.petersonpartners.com/portfolio/,Tassel,,Unknown from approved source,Portfolio,Unknown from approved source,Unknown from approved source,Unknown from approved source,Unknown from approved source; requires enrichment,Unknown from approved source; requires enrichment,Unknown from approved source; requires enrichment,Listed on Kay-approved source page (Portfolio; item type: operating company).,Preserve for pattern recognition; fit not yet assessed.,"Enrich website, industry, niche, customer type, revenue model, recurrence, criticality, fragmentation, and acquisition context from approved primary sources.",Medium,source_complete_unfiltered
Peterson Partners,https://www.petersonpartners.com/portfolio/,Test Anywhere,,Unknown from approved source,Portfolio,Unknown from approved source,Unknown from approved source,Unknown from approved source,Unknown from approved source; requires enrichment,Unknown from approved source; requires enrichment,Unknown from approved source; requires enrichment,Listed on Kay-approved source page (Portfolio; item type: operating company).,Preserve for pattern recognition; fit not yet assessed.,"Enrich website, industry, niche, customer type, revenue model, recurrence, criticality, fragmentation, and acquisition context from approved primary sources.",Medium,source_complete_unfiltered
Peterson Partners,https://www.petersonpartners.com/portfolio/,Therapydia,,Unknown from approved source,Portfolio,Unknown from approved source,Unknown from approved source,Unknown from approved source,Unknown from approved source; requires enrichment,Unknown from approved source; requires enrichment,Unknown from approved source; requires enrichment,Listed on Kay-approved source page (Portfolio; item type: operating company).,Preserve for pattern recognition; fit not yet assessed.,"Enrich website, industry, niche, customer type, revenue model, recurrence, criticality, fragmentation, and acquisition context from approved primary sources.",Medium,source_complete_unfiltered
Peterson Partners,https://www.petersonpartners.com/portfolio/,TransTech,,Unknown from approved source,Portfolio,Unknown from approved source,Unknown from approved source,Unknown from approved source,Unknown from approved source; requires enrichment,Unknown from approved source; requires enrichment,Unknown from approved source; requires enrichment,Listed on Kay-approved source page (Portfolio; item type: operating company).,Preserve for pattern recognition; fit not yet assessed.,"Enrich website, industry, niche, customer type, revenue model, recurrence, criticality, fragmentation, and acquisition context from approved primary sources.",Medium,source_complete_unfiltered
Peterson Partners,https://www.petersonpartners.com/portfolio/,Tundra,,Unknown from approved source,Portfolio,Unknown from approved source,Unknown from approved source,Unknown from approved source,Unknown from approved source; requires enrichment,Unknown from approved source; requires enrichment,Unknown from approved source; requires enrichment,Listed on Kay-approved source page (Portfolio; item type: operating company).,Preserve for pattern recognition; fit not yet assessed.,"Enrich website, industry, niche, customer type, revenue model, recurrence, criticality, fragmentation, and acquisition context from approved primary sources.",Medium,source_complete_unfiltered
Peterson Partners,https://www.petersonpartners.com/portfolio/,USS,,Unknown from approved source,Portfolio,Unknown from approved source,Unknown from approved source,Unknown from approved source,Unknown from approved source; requires enrichment,Unknown from approved source; requires enrichment,Unknown from approved source; requires enrichment,Listed on Kay-approved source page (Portfolio; item type: operating company).,Preserve for pattern recognition; fit not yet assessed.,"Enrich website, industry, niche, customer type, revenue model, recurrence, criticality, fragmentation, and acquisition context from approved primary sources.",Medium,source_complete_unfiltered
Peterson Partners,https://www.petersonpartners.com/portfolio/,Vacatia,,Unknown from approved source,Portfolio,Unknown from approved source,Unknown from approved source,Unknown from approved source,Unknown from approved source; requires enrichment,Unknown from approved source; requires enrichment,Unknown from approved source; requires enrichment,Listed on Kay-approved source page (Portfolio; item type: operating company).,Preserve for pattern recognition; fit not yet assessed.,"Enrich website, industry, niche, customer type, revenue model, recurrence, criticality, fragmentation, and acquisition context from approved primary sources.",Medium,source_complete_unfiltered
Peterson Partners,https://www.petersonpartners.com/portfolio/,Vulcan Precision Linings,,Unknown from approved source,Portfolio,Unknown from approved source,Unknown from approved source,Unknown from approved source,Unknown from approved source; requires enrichment,Unknown from approved source; requires enrichment,Unknown from approved source; requires enrichment,Listed on Kay-approved source page (Portfolio; item type: operating company).,Preserve for pattern recognition; fit not yet assessed.,"Enrich website, industry, niche, customer type, revenue model, recurrence, criticality, fragmentation, and acquisition context from approved primary sources.",Medium,source_complete_unfiltered
Peterson Partners,https://www.petersonpartners.com/portfolio/,WashU,,Unknown from approved source,Portfolio,Unknown from approved source,Unknown from approved source,Unknown from approved source,Unknown from approved source; requires enrichment,Unknown from approved source; requires enrichment,Unknown from approved source; requires enrichment,Listed on Kay-approved source page (Portfolio; item type: operating company).,Preserve for pattern recognition; fit not yet assessed.,"Enrich website, industry, niche, customer type, revenue model, recurrence, criticality, fragmentation, and acquisition context from approved primary sources.",Medium,source_complete_unfiltered
Peterson Partners,https://www.petersonpartners.com/portfolio/,Wooly,,Unknown from approved source,Portfolio,Unknown from approved source,Unknown from approved source,Unknown from approved source,Unknown from approved source; requires enrichment,Unknown from approved source; requires enrichment,Unknown from approved source; requires enrichment,Listed on Kay-approved source page (Portfolio; item type: operating company).,Preserve for pattern recognition; fit not yet assessed.,"Enrich website, industry, niche, customer type, revenue model, recurrence, criticality, fragmentation, and acquisition context from approved primary sources.",Medium,source_complete_unfiltered
Peterson Partners,https://www.petersonpartners.com/portfolio/,Workstream,,Unknown from approved source,Portfolio,Unknown from approved source,Unknown from approved source,Unknown from approved source,Unknown from approved source; requires enrichment,Unknown from approved source; requires enrichment,Unknown from approved source; requires enrichment,Listed on Kay-approved source page (Portfolio; item type: operating company).,Preserve for pattern recognition; fit not yet assessed.,"Enrich website, industry, niche, customer type, revenue model, recurrence, criticality, fragmentation, and acquisition context from approved primary sources.",Medium,source_complete_unfiltered
Footbridge Partners,https://www.footbridgepartners.com/investments,360 Smart Networks,,Unknown from approved source,Current Portfolio Companies,Unknown from approved source,Unknown from approved source,Unknown from approved source,Unknown from approved source; requires enrichment,Unknown from approved source; requires enrichment,Unknown from approved source; requires enrichment,Listed on Kay-approved source page (Current Portfolio Companies; item type: operating company).,Preserve for pattern recognition; fit not yet assessed.,"Enrich website, industry, niche, customer type, revenue model, recurrence, criticality, fragmentation, and acquisition context from approved primary sources.",High,source_complete_unfiltered
Footbridge Partners,https://www.footbridgepartners.com/investments,AQC Traffic Control,,Unknown from approved source,Current Portfolio Companies,Unknown from approved source,Unknown from approved source,Unknown from approved source,Unknown from approved source; requires enrichment,Unknown from approved source; requires enrichment,Unknown from approved source; requires enrichment,Listed on Kay-approved source page (Current Portfolio Companies; item type: operating company).,Preserve for pattern recognition; fit not yet assessed.,"Enrich website, industry, niche, customer type, revenue model, recurrence, criticality, fragmentation, and acquisition context from approved primary sources.",High,source_complete_unfiltered
Footbridge Partners,https://www.footbridgepartners.com/investments,Cliff Ridge,,Unknown from approved source,Current Portfolio Companies,Unknown from approved source,Unknown from approved source,Unknown from approved source,Unknown from approved source; requires enrichment,Unknown from approved source; requires enrichment,Unknown from approved source; requires enrichment,Listed on Kay-approved source page (Current Portfolio Companies; item type: operating company).,Preserve for pattern recognition; fit not yet assessed.,"Enrich website, industry, niche, customer type, revenue model, recurrence, criticality, fragmentation, and acquisition context from approved primary sources.",High,source_complete_unfiltered
Footbridge Partners,https://www.footbridgepartners.com/investments,Green Acres Group,https://greenacresgroup.net,B2B/consumer services,Unknown services business,Services,Unknown,Unknown,Unknown,Unknown,Unknown,Footbridge lists Green Acres Group as current portfolio company with outbound link,Potential field-services signal but insufficient page detail,Enrich company description and customer type before pattern use,Low,needs_enrichment
Footbridge Partners,https://www.footbridgepartners.com/investments,ElderTree Care,,Unknown from approved source,Current Portfolio Companies,Unknown from approved source,Unknown from approved source,Unknown from approved source,Unknown from approved source; requires enrichment,Unknown from approved source; requires enrichment,Unknown from approved source; requires enrichment,Listed on Kay-approved source page (Current Portfolio Companies; item type: operating company).,Preserve for pattern recognition; fit not yet assessed.,"Enrich website, industry, niche, customer type, revenue model, recurrence, criticality, fragmentation, and acquisition context from approved primary sources.",High,source_complete_unfiltered
Footbridge Partners,https://www.footbridgepartners.com/investments,PerryGolf,,Unknown from approved source,Current Portfolio Companies,Unknown from approved source,Unknown from approved source,Unknown from approved source,Unknown from approved source; requires enrichment,Unknown from approved source; requires enrichment,Unknown from approved source; requires enrichment,Listed on Kay-approved source page (Current Portfolio Companies; item type: operating company).,Preserve for pattern recognition; fit not yet assessed.,"Enrich website, industry, niche, customer type, revenue model, recurrence, criticality, fragmentation, and acquisition context from approved primary sources.",High,source_complete_unfiltered
Footbridge Partners,https://www.footbridgepartners.com/investments,Premier World Discovery,,Unknown from approved source,Current Portfolio Companies,Unknown from approved source,Unknown from approved source,Unknown from approved source,Unknown from approved source; requires enrichment,Unknown from approved source; requires enrichment,Unknown from approved source; requires enrichment,Listed on Kay-approved source page (Current Portfolio Companies; item type: operating company).,Preserve for pattern recognition; fit not yet assessed.,"Enrich website, industry, niche, customer type, revenue model, recurrence, criticality, fragmentation, and acquisition context from approved primary sources.",High,source_complete_unfiltered
Footbridge Partners,https://www.footbridgepartners.com/investments,Softrip,,Unknown from approved source,Current Portfolio Companies,Unknown from approved source,Unknown from approved source,Unknown from approved source,Unknown from approved source; requires enrichment,Unknown from approved source; requires enrichment,Unknown from approved source; requires enrichment,Listed on Kay-approved source page (Current Portfolio Companies; item type: operating company).,Preserve for pattern recognition; fit not yet assessed.,"Enrich website, industry, niche, customer type, revenue model, recurrence, criticality, fragmentation, and acquisition context from approved primary sources.",High,source_complete_unfiltered
Footbridge Partners,https://www.footbridgepartners.com/investments,The Change Companies,https://www.changecompanies.net,Healthcare / behavioral services,Behavior-change materials and programs,Content/training/services,Healthcare/justice/behavioral organizations likely,Unknown,Program/content licensing may recur; verify,Behavioral health/compliance programs can be mission-relevant,Specialized behavioral program providers fragmented,Footbridge lists The Change Companies as current portfolio company with outbound link,Potential recurring healthcare/compliance content pattern,Enrich customer type revenue model and regulatory drivers,Medium,seed
Footbridge Partners,https://www.footbridgepartners.com/investments,The Skin Center,,Unknown from approved source,Current Portfolio Companies,Unknown from approved source,Unknown from approved source,Unknown from approved source,Unknown from approved source; requires enrichment,Unknown from approved source; requires enrichment,Unknown from approved source; requires enrichment,Listed on Kay-approved source page (Current Portfolio Companies; item type: operating company).,Preserve for pattern recognition; fit not yet assessed.,"Enrich website, industry, niche, customer type, revenue model, recurrence, criticality, fragmentation, and acquisition context from approved primary sources.",High,source_complete_unfiltered
Footbridge Partners,https://www.footbridgepartners.com/investments,Blue North Partners,,Unknown from approved source,Active Search Funds,Unknown from approved source,Unknown from approved source,Unknown from approved source,Unknown from approved source; requires enrichment,Unknown from approved source; requires enrichment,Unknown from approved source; requires enrichment,Listed on Kay-approved source page (Active Search Funds; item type: search fund / entrepreneur vehicle).,Preserve for pattern recognition; fit not yet assessed.,"Enrich website, industry, niche, customer type, revenue model, recurrence, criticality, fragmentation, and acquisition context from approved primary sources.",High,source_complete_unfiltered
Footbridge Partners,https://www.footbridgepartners.com/investments,Bonnie Brae,,Unknown from approved source,Active Search Funds,Unknown from approved source,Unknown from approved source,Unknown from approved source,Unknown from approved source; requires enrichment,Unknown from approved source; requires enrichment,Unknown from approved source; requires enrichment,Listed on Kay-approved source page (Active Search Funds; item type: search fund / entrepreneur vehicle).,Preserve for pattern recognition; fit not yet assessed.,"Enrich website, industry, niche, customer type, revenue model, recurrence, criticality, fragmentation, and acquisition context from approved primary sources.",High,source_complete_unfiltered
Footbridge Partners,https://www.footbridgepartners.com/investments,Brightside Legacy,,Unknown from approved source,Active Search Funds,Unknown from approved source,Unknown from approved source,Unknown from approved source,Unknown from approved source; requires enrichment,Unknown from approved source; requires enrichment,Unknown from approved source; requires enrichment,Listed on Kay-approved source page (Active Search Funds; item type: search fund / entrepreneur vehicle).,Preserve for pattern recognition; fit not yet assessed.,"Enrich website, industry, niche, customer type, revenue model, recurrence, criticality, fragmentation, and acquisition context from approved primary sources.",High,source_complete_unfiltered
Footbridge Partners,https://www.footbridgepartners.com/investments,Focal Point Fund,,Unknown from approved source,Active Search Funds,Unknown from approved source,Unknown from approved source,Unknown from approved source,Unknown from approved source; requires enrichment,Unknown from approved source; requires enrichment,Unknown from approved source; requires enrichment,Listed on Kay-approved source page (Active Search Funds; item type: search fund / entrepreneur vehicle).,Preserve for pattern recognition; fit not yet assessed.,"Enrich website, industry, niche, customer type, revenue model, recurrence, criticality, fragmentation, and acquisition context from approved primary sources.",High,source_complete_unfiltered
Footbridge Partners,https://www.footbridgepartners.com/investments,Freestone Companies,,Unknown from approved source,Active Search Funds,Unknown from approved source,Unknown from approved source,Unknown from approved source,Unknown from approved source; requires enrichment,Unknown from approved source; requires enrichment,Unknown from approved source; requires enrichment,Listed on Kay-approved source page (Active Search Funds; item type: search fund / entrepreneur vehicle).,Preserve for pattern recognition; fit not yet assessed.,"Enrich website, industry, niche, customer type, revenue model, recurrence, criticality, fragmentation, and acquisition context from approved primary sources.",High,source_complete_unfiltered
Footbridge Partners,https://www.footbridgepartners.com/investments,smarTours,,Unknown from approved source,Realized Investments,Unknown from approved source,Unknown from approved source,Unknown from approved source,Unknown from approved source; requires enrichment,Unknown from approved source; requires enrichment,Unknown from approved source; requires enrichment,Listed on Kay-approved source page (Realized Investments; item type: operating company).,Preserve for pattern recognition; fit not yet assessed.,"Enrich website, industry, niche, customer type, revenue model, recurrence, criticality, fragmentation, and acquisition context from approved primary sources.",Medium,source_complete_unfiltered
M2O Inc.,https://www.m2oinc.com/our-portfolio/,Abound Health,https://www.aboundhealth.com/,Unknown from approved source,Sample Investments,Unknown from approved source,Unknown from approved source,Unknown from approved source,Unknown from approved source; requires enrichment,Unknown from approved source; requires enrichment,Unknown from approved source; requires enrichment,Listed on Kay-approved source page (Sample Investments; item type: operating company).,Preserve for pattern recognition; fit not yet assessed.,"Enrich website, industry, niche, customer type, revenue model, recurrence, criticality, fragmentation, and acquisition context from approved primary sources.",High,source_complete_unfiltered
M2O Inc.,https://www.m2oinc.com/our-portfolio/,Advanced Aircrew Academy,https://www.aircrewacademy.com/,Unknown from approved source,Sample Investments,Unknown from approved source,Unknown from approved source,Unknown from approved source,Unknown from approved source; requires enrichment,Unknown from approved source; requires enrichment,Unknown from approved source; requires enrichment,Listed on Kay-approved source page (Sample Investments; item type: operating company).,Preserve for pattern recognition; fit not yet assessed.,"Enrich website, industry, niche, customer type, revenue model, recurrence, criticality, fragmentation, and acquisition context from approved primary sources.",High,source_complete_unfiltered
M2O Inc.,https://www.m2oinc.com/our-portfolio/,Agasus,https://www.agasus.com.br/,Unknown from approved source,Sample Investments,Unknown from approved source,Unknown from approved source,Unknown from approved source,Unknown from approved source; requires enrichment,Unknown from approved source; requires enrichment,Unknown from approved source; requires enrichment,Listed on Kay-approved source page (Sample Investments; item type: operating company).,Preserve for pattern recognition; fit not yet assessed.,"Enrich website, industry, niche, customer type, revenue model, recurrence, criticality, fragmentation, and acquisition context from approved primary sources.",High,source_complete_unfiltered
M2O Inc.,https://www.m2oinc.com/our-portfolio/,Anaqua,https://www.anaqua.com,Software / legal IP,IP management software,SaaS,Corporate legal and IP departments,Unknown,M2O labels SaaS; recurring likely,Patent/trademark workflow management is mission-critical for IP-heavy customers,Legal/IP software niche fragmented,M2O page describes IP management software for corporate legal and IP departments,Reinforces legal/IP workflow software cluster with LeCorpio and Page Vault,Research customer retention implementation and vertical concentration,High,seed
M2O Inc.,https://www.m2oinc.com/our-portfolio/,Anterra,https://anterratech.com,Software / construction and real estate,Financial analytics and reporting software for construction/real estate,SaaS,Construction and real-estate firms,Unknown,M2O labels SaaS; recurring likely,ERP-integrated job cost and WIP visibility can be operationally critical,Construction analytics software fragmented by ERP and niche,M2O page describes cloud financial analytics integrated with legacy construction ERP systems,Strong vertical workflow software pattern in construction/back office,Research ERP integrations retention customer size and implementation services,High,seed
M2O Inc.,https://www.m2oinc.com/our-portfolio/,APA Medical,https://apamedical.com,Healthcare / DME,Home medical equipment and mobility aids supplier,DME distribution/services,Case managers and Medicaid-eligible individuals,Minnesota,DME supply relationships may recur; verify payer/referral model,DME can be medically necessary and workflow-critical for case managers,DME suppliers fragmented regionally,M2O page describes DME/mobility aids supplier supporting case managers and Medicaid-eligible individuals,Healthcare B2B/B2G distribution signal; fit depends on reimbursement complexity and concentration,Research payer mix referral channels recurring order cadence and working capital,High,seed
M2O Inc.,https://www.m2oinc.com/our-portfolio/,Apex Leadership Co.,https://apexleadershipco.com/,Unknown from approved source,Sample Investments,Unknown from approved source,Unknown from approved source,Unknown from approved source,Unknown from approved source; requires enrichment,Unknown from approved source; requires enrichment,Unknown from approved source; requires enrichment,Listed on Kay-approved source page (Sample Investments; item type: operating company).,Preserve for pattern recognition; fit not yet assessed.,"Enrich website, industry, niche, customer type, revenue model, recurrence, criticality, fragmentation, and acquisition context from approved primary sources.",High,source_complete_unfiltered
M2O Inc.,https://www.m2oinc.com/our-portfolio/,AppWrap,https://appwrap.com,Professional services / ERP,NetSuite implementation optimization and managed support,Tech-enabled services,Enterprise technology companies,Unknown,Managed support services may be recurring; verify,ERP/accounting/compliance support is operationally critical,NetSuite services providers fragmented by vertical,M2O page describes NetSuite implementation optimization and managed support for accounting automation and compliance,Strong ERP managed-services/back-office pattern,Research recurring support share customer concentration and certified talent constraints,High,seed
M2O Inc.,https://www.m2oinc.com/our-portfolio/,Aproove,https://www.aproove.com/,Unknown from approved source,Sample Investments,Unknown from approved source,Unknown from approved source,Unknown from approved source,Unknown from approved source; requires enrichment,Unknown from approved source; requires enrichment,Unknown from approved source; requires enrichment,Listed on Kay-approved source page (Sample Investments; item type: operating company).,Preserve for pattern recognition; fit not yet assessed.,"Enrich website, industry, niche, customer type, revenue model, recurrence, criticality, fragmentation, and acquisition context from approved primary sources.",High,source_complete_unfiltered
M2O Inc.,https://www.m2oinc.com/our-portfolio/,Arable,https://www.arable.com/,Unknown from approved source,Sample Investments,Unknown from approved source,Unknown from approved source,Unknown from approved source,Unknown from approved source; requires enrichment,Unknown from approved source; requires enrichment,Unknown from approved source; requires enrichment,Listed on Kay-approved source page (Sample Investments; item type: operating company).,Preserve for pattern recognition; fit not yet assessed.,"Enrich website, industry, niche, customer type, revenue model, recurrence, criticality, fragmentation, and acquisition context from approved primary sources.",High,source_complete_unfiltered
M2O Inc.,https://www.m2oinc.com/our-portfolio/,Asurion,https://www.asurion.com/,Unknown from approved source,Sample Investments,Unknown from approved source,Unknown from approved source,Unknown from approved source,Unknown from approved source; requires enrichment,Unknown from approved source; requires enrichment,Unknown from approved source; requires enrichment,Listed on Kay-approved source page (Sample Investments; item type: operating company).,Preserve for pattern recognition; fit not yet assessed.,"Enrich website, industry, niche, customer type, revenue model, recurrence, criticality, fragmentation, and acquisition context from approved primary sources.",High,source_complete_unfiltered
M2O Inc.,https://www.m2oinc.com/our-portfolio/,Atticus Administration,https://www.atticusadmin.com,Professional services / legal administration,Class-action claims administration,Specialized legal admin services,Legal sector,Unknown,Claims administration may be project-based; repeat law-firm relationships possible,Settlement administration is compliance/deadline critical,Legal admin providers fragmented,M2O page describes class-action claims administration including notice processing tax management location and disbursement,Strong specialized legal back-office services signal,Research recurrence by client fee model seasonality and case concentration,High,seed
M2O Inc.,https://www.m2oinc.com/our-portfolio/,Auronix,https://www.auronix.com/,Unknown from approved source,Sample Investments,Unknown from approved source,Unknown from approved source,Unknown from approved source,Unknown from approved source; requires enrichment,Unknown from approved source; requires enrichment,Unknown from approved source; requires enrichment,Listed on Kay-approved source page (Sample Investments; item type: operating company).,Preserve for pattern recognition; fit not yet assessed.,"Enrich website, industry, niche, customer type, revenue model, recurrence, criticality, fragmentation, and acquisition context from approved primary sources.",High,source_complete_unfiltered
M2O Inc.,https://www.m2oinc.com/our-portfolio/,Beaconcure,https://beaconcure.com,Healthcare software / clinical trials,Clinical trial data validation software,SaaS,Clinical trial sponsors / pharma / CROs,Unknown,M2O labels SaaS; recurring likely,Regulatory submission validation is mission-critical,Clinical trial validation software niche fragmented,M2O page describes software automating validation of clinical trial data and statistical outputs,Strong regulated healthcare/life-sciences workflow software signal,Research retention regulatory drivers CRO/pharma buyer concentration and validation defensibility,High,seed
M2O Inc.,https://www.m2oinc.com/our-portfolio/,Briscoe Protective,https://briscoeprotective.com/,Unknown from approved source,Sample Investments,Unknown from approved source,Unknown from approved source,Unknown from approved source,Unknown from approved source; requires enrichment,Unknown from approved source; requires enrichment,Unknown from approved source; requires enrichment,Listed on Kay-approved source page (Sample Investments; item type: operating company).,Preserve for pattern recognition; fit not yet assessed.,"Enrich website, industry, niche, customer type, revenue model, recurrence, criticality, fragmentation, and acquisition context from approved primary sources.",High,source_complete_unfiltered
M2O Inc.,https://www.m2oinc.com/our-portfolio/,Camio,https://camio.com,Software / video security,AI video analytics for security safety and compliance,SaaS,Organizations with camera networks,Unknown,M2O labels SaaS; recurring likely,Security/safety/compliance event detection can be mission-critical,Video analytics software fragmented by use case,M2O page describes AI-powered video analytics using existing cameras to detect security safety and compliance events,Reinforces safety/security monitoring software cluster,Research customer verticals false-positive burden retention and channel,High,seed
M2O Inc.,https://www.m2oinc.com/our-portfolio/,CGS Health,https://cgshealth.com/,Unknown from approved source,Sample Investments,Unknown from approved source,Unknown from approved source,Unknown from approved source,Unknown from approved source; requires enrichment,Unknown from approved source; requires enrichment,Unknown from approved source; requires enrichment,Listed on Kay-approved source page (Sample Investments; item type: operating company).,Preserve for pattern recognition; fit not yet assessed.,"Enrich website, industry, niche, customer type, revenue model, recurrence, criticality, fragmentation, and acquisition context from approved primary sources.",High,source_complete_unfiltered
M2O Inc.,https://www.m2oinc.com/our-portfolio/,Charter Impact,https://www.charterimpact.com/,Unknown from approved source,Sample Investments,Unknown from approved source,Unknown from approved source,Unknown from approved source,Unknown from approved source; requires enrichment,Unknown from approved source; requires enrichment,Unknown from approved source; requires enrichment,Listed on Kay-approved source page (Sample Investments; item type: operating company).,Preserve for pattern recognition; fit not yet assessed.,"Enrich website, industry, niche, customer type, revenue model, recurrence, criticality, fragmentation, and acquisition context from approved primary sources.",High,source_complete_unfiltered
M2O Inc.,https://www.m2oinc.com/our-portfolio/,Checksum,https://checksum.com,Manufacturing / electronics testing,PCB assembly test and programming systems,Equipment/software/services,Electronics manufacturers,Unknown,Equipment plus support/software may recur; verify,PCB testing is mission-critical in high-volume production,Specialty test equipment providers fragmented by niche,M2O page describes automated test equipment fixtures and software for PCBAs,Strong mission-critical industrial manufacturing support pattern,Research aftermarket revenue customer concentration cyclicality and margins,High,seed
M2O Inc.,https://www.m2oinc.com/our-portfolio/,Chronus,https://chronus.com/,Unknown from approved source,Sample Investments,Unknown from approved source,Unknown from approved source,Unknown from approved source,Unknown from approved source; requires enrichment,Unknown from approved source; requires enrichment,Unknown from approved source; requires enrichment,Listed on Kay-approved source page (Sample Investments; item type: operating company).,Preserve for pattern recognition; fit not yet assessed.,"Enrich website, industry, niche, customer type, revenue model, recurrence, criticality, fragmentation, and acquisition context from approved primary sources.",High,source_complete_unfiltered
M2O Inc.,https://www.m2oinc.com/our-portfolio/,Cloudstore,https://cloudstore.co/,Unknown from approved source,Sample Investments,Unknown from approved source,Unknown from approved source,Unknown from approved source,Unknown from approved source; requires enrichment,Unknown from approved source; requires enrichment,Unknown from approved source; requires enrichment,Listed on Kay-approved source page (Sample Investments; item type: operating company).,Preserve for pattern recognition; fit not yet assessed.,"Enrich website, industry, niche, customer type, revenue model, recurrence, criticality, fragmentation, and acquisition context from approved primary sources.",High,source_complete_unfiltered
M2O Inc.,https://www.m2oinc.com/our-portfolio/,Concentrix,https://www.servicesource.com/,Unknown from approved source,Sample Investments,Unknown from approved source,Unknown from approved source,Unknown from approved source,Unknown from approved source; requires enrichment,Unknown from approved source; requires enrichment,Unknown from approved source; requires enrichment,Listed on Kay-approved source page (Sample Investments; item type: operating company).,Preserve for pattern recognition; fit not yet assessed.,"Enrich website, industry, niche, customer type, revenue model, recurrence, criticality, fragmentation, and acquisition context from approved primary sources.",High,source_complete_unfiltered
M2O Inc.,https://www.m2oinc.com/our-portfolio/,Cornerstone Support,https://cornerstonesupport.com,Compliance services / ARM,Regulatory compliance and risk management for accounts receivable management,Compliance services plus insurance/financing,ARM industry,Georgia/USA,Compliance support likely recurring; verify,Licensing and compliance across jurisdictions is critical,ARM compliance providers fragmented,M2O page describes regulatory compliance and risk management services with licensing support insurance and premium financing,Very strong niche compliance services pattern,Research customer retention jurisdictional complexity and revenue mix,High,seed
M2O Inc.,https://www.m2oinc.com/our-portfolio/,Datacor,https://www.datacor.com/,Unknown from approved source,Sample Investments,Unknown from approved source,Unknown from approved source,Unknown from approved source,Unknown from approved source; requires enrichment,Unknown from approved source; requires enrichment,Unknown from approved source; requires enrichment,Listed on Kay-approved source page (Sample Investments; item type: operating company).,Preserve for pattern recognition; fit not yet assessed.,"Enrich website, industry, niche, customer type, revenue model, recurrence, criticality, fragmentation, and acquisition context from approved primary sources.",High,source_complete_unfiltered
M2O Inc.,https://www.m2oinc.com/our-portfolio/,DCI,https://www.crunchbase.com/organization/dci-design-communications,Unknown from approved source,Sample Investments,Unknown from approved source,Unknown from approved source,Unknown from approved source,Unknown from approved source; requires enrichment,Unknown from approved source; requires enrichment,Unknown from approved source; requires enrichment,Listed on Kay-approved source page (Sample Investments; item type: operating company).,Preserve for pattern recognition; fit not yet assessed.,"Enrich website, industry, niche, customer type, revenue model, recurrence, criticality, fragmentation, and acquisition context from approved primary sources.",High,source_complete_unfiltered
M2O Inc.,https://www.m2oinc.com/our-portfolio/,DCL Inc.,https://www.dclhawaii.com,Transport/logistics / marine services,Ship provisioning and port services,B2B services,Cruise lines and vessels,Hawaii,Vessel/port service relationships may recur; verify,Food provisioning waste management and last-minute fulfillment are operationally critical,Port-specific marine service providers fragmented geographically,M2O page describes Hawaii provider of ship provisioning and port services,Cross-source signal with Honolulu Ship Supply; strong niche logistics/services pattern,Research customer concentration port dependency margins and recurrence,High,seed
M2O Inc.,https://www.m2oinc.com/our-portfolio/,EM Assist,https://em-assist.com,Government / environmental compliance,Environmental program management and compliance services,Tech-enabled services,Federal agencies and international clients,Unknown,Program-management contracts may recur; verify,Environmental health safety and hazardous materials compliance are mission-critical,Environmental compliance providers fragmented by agency/specialty,M2O page describes environmental program management compliance hazardous materials waste-management and software-enabled logistics,Strong environmental compliance services pattern,Research contract vehicles renewal cadence customer concentration and margin profile,High,seed
M2O Inc.,https://www.m2oinc.com/our-portfolio/,Etichettificio LGL,http://www.lglett.com/en/,Unknown from approved source,Sample Investments,Unknown from approved source,Unknown from approved source,Unknown from approved source,Unknown from approved source; requires enrichment,Unknown from approved source; requires enrichment,Unknown from approved source; requires enrichment,Listed on Kay-approved source page (Sample Investments; item type: operating company).,Preserve for pattern recognition; fit not yet assessed.,"Enrich website, industry, niche, customer type, revenue model, recurrence, criticality, fragmentation, and acquisition context from approved primary sources.",High,source_complete_unfiltered
M2O Inc.,https://www.m2oinc.com/our-portfolio/,EZRack,https://www.ezrack.com/ ,Unknown from approved source,Sample Investments,Unknown from approved source,Unknown from approved source,Unknown from approved source,Unknown from approved source; requires enrichment,Unknown from approved source; requires enrichment,Unknown from approved source; requires enrichment,Listed on Kay-approved source page (Sample Investments; item type: operating company).,Preserve for pattern recognition; fit not yet assessed.,"Enrich website, industry, niche, customer type, revenue model, recurrence, criticality, fragmentation, and acquisition context from approved primary sources.",High,source_complete_unfiltered
M2O Inc.,https://www.m2oinc.com/our-portfolio/,ezTaxReturn,https://www.eztaxreturn.com/home.html?r_link=undefined ,Unknown from approved source,Sample Investments,Unknown from approved source,Unknown from approved source,Unknown from approved source,Unknown from approved source; requires enrichment,Unknown from approved source; requires enrichment,Unknown from approved source; requires enrichment,Listed on Kay-approved source page (Sample Investments; item type: operating company).,Preserve for pattern recognition; fit not yet assessed.,"Enrich website, industry, niche, customer type, revenue model, recurrence, criticality, fragmentation, and acquisition context from approved primary sources.",High,source_complete_unfiltered
M2O Inc.,https://www.m2oinc.com/our-portfolio/,Fast Water Heater,https://fastwaterheater.com/service-areas/southern-california/los-angeles-county/,Unknown from approved source,Sample Investments,Unknown from approved source,Unknown from approved source,Unknown from approved source,Unknown from approved source; requires enrichment,Unknown from approved source; requires enrichment,Unknown from approved source; requires enrichment,Listed on Kay-approved source page (Sample Investments; item type: operating company).,Preserve for pattern recognition; fit not yet assessed.,"Enrich website, industry, niche, customer type, revenue model, recurrence, criticality, fragmentation, and acquisition context from approved primary sources.",High,source_complete_unfiltered
M2O Inc.,https://www.m2oinc.com/our-portfolio/,Fictiv,https://www.fictiv.com/,Unknown from approved source,Sample Investments,Unknown from approved source,Unknown from approved source,Unknown from approved source,Unknown from approved source; requires enrichment,Unknown from approved source; requires enrichment,Unknown from approved source; requires enrichment,Listed on Kay-approved source page (Sample Investments; item type: operating company).,Preserve for pattern recognition; fit not yet assessed.,"Enrich website, industry, niche, customer type, revenue model, recurrence, criticality, fragmentation, and acquisition context from approved primary sources.",High,source_complete_unfiltered
M2O Inc.,https://www.m2oinc.com/our-portfolio/,FieldFlo,https://fieldflo.com,Software / specialty subcontractors,Project safety compliance and crew management software,SaaS,Demolition abatement remediation and specialty subcontractors,Unknown,M2O labels SaaS; recurring likely,Safety compliance and project controls are operationally critical,Specialty contractor software fragmented by trade,M2O page describes cloud software for project safety compliance crews time equipment and documents,Strong construction/specialty trades workflow software candidate,Research trade focus retention field adoption and integration needs,High,seed
M2O Inc.,https://www.m2oinc.com/our-portfolio/,Frazil,https://www.frazil.com/,Unknown from approved source,Sample Investments,Unknown from approved source,Unknown from approved source,Unknown from approved source,Unknown from approved source; requires enrichment,Unknown from approved source; requires enrichment,Unknown from approved source; requires enrichment,Listed on Kay-approved source page (Sample Investments; item type: operating company).,Preserve for pattern recognition; fit not yet assessed.,"Enrich website, industry, niche, customer type, revenue model, recurrence, criticality, fragmentation, and acquisition context from approved primary sources.",High,source_complete_unfiltered
M2O Inc.,https://www.m2oinc.com/our-portfolio/,Gateway Arch,https://gatewayarch.jp/english/,Unknown from approved source,Sample Investments,Unknown from approved source,Unknown from approved source,Unknown from approved source,Unknown from approved source; requires enrichment,Unknown from approved source; requires enrichment,Unknown from approved source; requires enrichment,Listed on Kay-approved source page (Sample Investments; item type: operating company).,Preserve for pattern recognition; fit not yet assessed.,"Enrich website, industry, niche, customer type, revenue model, recurrence, criticality, fragmentation, and acquisition context from approved primary sources.",High,source_complete_unfiltered
M2O Inc.,https://www.m2oinc.com/our-portfolio/,gFour Marketing,https://www.gfourmarketing.com/,Unknown from approved source,Sample Investments,Unknown from approved source,Unknown from approved source,Unknown from approved source,Unknown from approved source; requires enrichment,Unknown from approved source; requires enrichment,Unknown from approved source; requires enrichment,Listed on Kay-approved source page (Sample Investments; item type: operating company).,Preserve for pattern recognition; fit not yet assessed.,"Enrich website, industry, niche, customer type, revenue model, recurrence, criticality, fragmentation, and acquisition context from approved primary sources.",High,source_complete_unfiltered
M2O Inc.,https://www.m2oinc.com/our-portfolio/,GovSoft,https://www.govsoftholdings.com,Software / govtech,Software and IT-enabled services for government and public safety agencies,SaaS / platform,Government and public safety agencies,Unknown,SaaS/platform model likely recurring,Administrative public-safety workflows are mission-critical,Govtech software fragmented by agency workflow,M2O page describes GovTech platform serving government and public safety agencies,Strong public-sector workflow software pattern,Research portfolio components procurement retention and implementation burden,High,seed
M2O Inc.,https://www.m2oinc.com/our-portfolio/,Harbor IT,https://harborit.com,Managed IT / cybersecurity,Managed IT cybersecurity and cloud solutions,Managed services,SMBs,Unknown,Managed services recurring,IT cybersecurity and cloud operations are mission-critical,MSP market fragmented,M2O page describes MSP delivering IT cybersecurity cloud and risk management to SMBs,Strong recurring SMB infrastructure services pattern,Research customer retention vertical focus gross margin and technician leverage,High,seed
M2O Inc.,https://www.m2oinc.com/our-portfolio/,HCP Capital,https://www.hcpcap.com/,Unknown from approved source,Sample Investments,Unknown from approved source,Unknown from approved source,Unknown from approved source,Unknown from approved source; requires enrichment,Unknown from approved source; requires enrichment,Unknown from approved source; requires enrichment,Listed on Kay-approved source page (Sample Investments; item type: operating company).,Preserve for pattern recognition; fit not yet assessed.,"Enrich website, industry, niche, customer type, revenue model, recurrence, criticality, fragmentation, and acquisition context from approved primary sources.",High,source_complete_unfiltered
M2O Inc.,https://www.m2oinc.com/our-portfolio/,Helpside,https://www.helpside.com/,Unknown from approved source,Sample Investments,Unknown from approved source,Unknown from approved source,Unknown from approved source,Unknown from approved source; requires enrichment,Unknown from approved source; requires enrichment,Unknown from approved source; requires enrichment,Listed on Kay-approved source page (Sample Investments; item type: operating company).,Preserve for pattern recognition; fit not yet assessed.,"Enrich website, industry, niche, customer type, revenue model, recurrence, criticality, fragmentation, and acquisition context from approved primary sources.",High,source_complete_unfiltered
M2O Inc.,https://www.m2oinc.com/our-portfolio/,HerScan,https://www.herscan.com/,Unknown from approved source,Sample Investments,Unknown from approved source,Unknown from approved source,Unknown from approved source,Unknown from approved source; requires enrichment,Unknown from approved source; requires enrichment,Unknown from approved source; requires enrichment,Listed on Kay-approved source page (Sample Investments; item type: operating company).,Preserve for pattern recognition; fit not yet assessed.,"Enrich website, industry, niche, customer type, revenue model, recurrence, criticality, fragmentation, and acquisition context from approved primary sources.",High,source_complete_unfiltered
M2O Inc.,https://www.m2oinc.com/our-portfolio/,Hover,https://hover.to/,Unknown from approved source,Sample Investments,Unknown from approved source,Unknown from approved source,Unknown from approved source,Unknown from approved source; requires enrichment,Unknown from approved source; requires enrichment,Unknown from approved source; requires enrichment,Listed on Kay-approved source page (Sample Investments; item type: operating company).,Preserve for pattern recognition; fit not yet assessed.,"Enrich website, industry, niche, customer type, revenue model, recurrence, criticality, fragmentation, and acquisition context from approved primary sources.",High,source_complete_unfiltered
M2O Inc.,https://www.m2oinc.com/our-portfolio/,Inerva,https://www.inerva.com/,Unknown from approved source,Sample Investments,Unknown from approved source,Unknown from approved source,Unknown from approved source,Unknown from approved source; requires enrichment,Unknown from approved source; requires enrichment,Unknown from approved source; requires enrichment,Listed on Kay-approved source page (Sample Investments; item type: operating company).,Preserve for pattern recognition; fit not yet assessed.,"Enrich website, industry, niche, customer type, revenue model, recurrence, criticality, fragmentation, and acquisition context from approved primary sources.",High,source_complete_unfiltered
M2O Inc.,https://www.m2oinc.com/our-portfolio/,IRESA,https://olmo.capital/,Unknown from approved source,Sample Investments,Unknown from approved source,Unknown from approved source,Unknown from approved source,Unknown from approved source; requires enrichment,Unknown from approved source; requires enrichment,Unknown from approved source; requires enrichment,Listed on Kay-approved source page (Sample Investments; item type: operating company).,Preserve for pattern recognition; fit not yet assessed.,"Enrich website, industry, niche, customer type, revenue model, recurrence, criticality, fragmentation, and acquisition context from approved primary sources.",High,source_complete_unfiltered
M2O Inc.,https://www.m2oinc.com/our-portfolio/,Kotter Group,https://kotter.net/,Unknown from approved source,Sample Investments,Unknown from approved source,Unknown from approved source,Unknown from approved source,Unknown from approved source; requires enrichment,Unknown from approved source; requires enrichment,Unknown from approved source; requires enrichment,Listed on Kay-approved source page (Sample Investments; item type: operating company).,Preserve for pattern recognition; fit not yet assessed.,"Enrich website, industry, niche, customer type, revenue model, recurrence, criticality, fragmentation, and acquisition context from approved primary sources.",High,source_complete_unfiltered
M2O Inc.,https://www.m2oinc.com/our-portfolio/,Labsoft,https://mylims.net/,Unknown from approved source,Sample Investments,Unknown from approved source,Unknown from approved source,Unknown from approved source,Unknown from approved source; requires enrichment,Unknown from approved source; requires enrichment,Unknown from approved source; requires enrichment,Listed on Kay-approved source page (Sample Investments; item type: operating company).,Preserve for pattern recognition; fit not yet assessed.,"Enrich website, industry, niche, customer type, revenue model, recurrence, criticality, fragmentation, and acquisition context from approved primary sources.",High,source_complete_unfiltered
M2O Inc.,https://www.m2oinc.com/our-portfolio/,Lattice Global,https://www.latticeteachers.com/,Unknown from approved source,Sample Investments,Unknown from approved source,Unknown from approved source,Unknown from approved source,Unknown from approved source; requires enrichment,Unknown from approved source; requires enrichment,Unknown from approved source; requires enrichment,Listed on Kay-approved source page (Sample Investments; item type: operating company).,Preserve for pattern recognition; fit not yet assessed.,"Enrich website, industry, niche, customer type, revenue model, recurrence, criticality, fragmentation, and acquisition context from approved primary sources.",High,source_complete_unfiltered
M2O Inc.,https://www.m2oinc.com/our-portfolio/,LexShares,https://www.lexshares.com/,Unknown from approved source,Sample Investments,Unknown from approved source,Unknown from approved source,Unknown from approved source,Unknown from approved source; requires enrichment,Unknown from approved source; requires enrichment,Unknown from approved source; requires enrichment,Listed on Kay-approved source page (Sample Investments; item type: operating company).,Preserve for pattern recognition; fit not yet assessed.,"Enrich website, industry, niche, customer type, revenue model, recurrence, criticality, fragmentation, and acquisition context from approved primary sources.",High,source_complete_unfiltered
M2O Inc.,https://www.m2oinc.com/our-portfolio/,Lind Equipment,https://www.lindequipment.net/ ,Unknown from approved source,Sample Investments,Unknown from approved source,Unknown from approved source,Unknown from approved source,Unknown from approved source; requires enrichment,Unknown from approved source; requires enrichment,Unknown from approved source; requires enrichment,Listed on Kay-approved source page (Sample Investments; item type: operating company).,Preserve for pattern recognition; fit not yet assessed.,"Enrich website, industry, niche, customer type, revenue model, recurrence, criticality, fragmentation, and acquisition context from approved primary sources.",High,source_complete_unfiltered
M2O Inc.,https://www.m2oinc.com/our-portfolio/,Lineage Logistics,https://www.lineagelogistics.com/,Unknown from approved source,Sample Investments,Unknown from approved source,Unknown from approved source,Unknown from approved source,Unknown from approved source; requires enrichment,Unknown from approved source; requires enrichment,Unknown from approved source; requires enrichment,Listed on Kay-approved source page (Sample Investments; item type: operating company).,Preserve for pattern recognition; fit not yet assessed.,"Enrich website, industry, niche, customer type, revenue model, recurrence, criticality, fragmentation, and acquisition context from approved primary sources.",High,source_complete_unfiltered
M2O Inc.,https://www.m2oinc.com/our-portfolio/,Lion Industrial Resources,https://www.lionyes.com/       ,Unknown from approved source,Sample Investments,Unknown from approved source,Unknown from approved source,Unknown from approved source,Unknown from approved source; requires enrichment,Unknown from approved source; requires enrichment,Unknown from approved source; requires enrichment,Listed on Kay-approved source page (Sample Investments; item type: operating company).,Preserve for pattern recognition; fit not yet assessed.,"Enrich website, industry, niche, customer type, revenue model, recurrence, criticality, fragmentation, and acquisition context from approved primary sources.",High,source_complete_unfiltered
M2O Inc.,https://www.m2oinc.com/our-portfolio/,ListEngage,https://www.listengage.com/,Unknown from approved source,Sample Investments,Unknown from approved source,Unknown from approved source,Unknown from approved source,Unknown from approved source; requires enrichment,Unknown from approved source; requires enrichment,Unknown from approved source; requires enrichment,Listed on Kay-approved source page (Sample Investments; item type: operating company).,Preserve for pattern recognition; fit not yet assessed.,"Enrich website, industry, niche, customer type, revenue model, recurrence, criticality, fragmentation, and acquisition context from approved primary sources.",High,source_complete_unfiltered
M2O Inc.,https://www.m2oinc.com/our-portfolio/,Little Sprouts,https://littlesprouts.com/,Unknown from approved source,Sample Investments,Unknown from approved source,Unknown from approved source,Unknown from approved source,Unknown from approved source; requires enrichment,Unknown from approved source; requires enrichment,Unknown from approved source; requires enrichment,Listed on Kay-approved source page (Sample Investments; item type: operating company).,Preserve for pattern recognition; fit not yet assessed.,"Enrich website, industry, niche, customer type, revenue model, recurrence, criticality, fragmentation, and acquisition context from approved primary sources.",High,source_complete_unfiltered
M2O Inc.,https://www.m2oinc.com/our-portfolio/,Luggage Forward,https://www.luggageforward.com/?adw=GPRNTCMWQ77P ,Unknown from approved source,Sample Investments,Unknown from approved source,Unknown from approved source,Unknown from approved source,Unknown from approved source; requires enrichment,Unknown from approved source; requires enrichment,Unknown from approved source; requires enrichment,Listed on Kay-approved source page (Sample Investments; item type: operating company).,Preserve for pattern recognition; fit not yet assessed.,"Enrich website, industry, niche, customer type, revenue model, recurrence, criticality, fragmentation, and acquisition context from approved primary sources.",High,source_complete_unfiltered
M2O Inc.,https://www.m2oinc.com/our-portfolio/,MappedIn,https://www.mappedin.com/,Unknown from approved source,Sample Investments,Unknown from approved source,Unknown from approved source,Unknown from approved source,Unknown from approved source; requires enrichment,Unknown from approved source; requires enrichment,Unknown from approved source; requires enrichment,Listed on Kay-approved source page (Sample Investments; item type: operating company).,Preserve for pattern recognition; fit not yet assessed.,"Enrich website, industry, niche, customer type, revenue model, recurrence, criticality, fragmentation, and acquisition context from approved primary sources.",High,source_complete_unfiltered
M2O Inc.,https://www.m2oinc.com/our-portfolio/,Mas Seguros,https://masseguros.com/,Unknown from approved source,Sample Investments,Unknown from approved source,Unknown from approved source,Unknown from approved source,Unknown from approved source; requires enrichment,Unknown from approved source; requires enrichment,Unknown from approved source; requires enrichment,Listed on Kay-approved source page (Sample Investments; item type: operating company).,Preserve for pattern recognition; fit not yet assessed.,"Enrich website, industry, niche, customer type, revenue model, recurrence, criticality, fragmentation, and acquisition context from approved primary sources.",High,source_complete_unfiltered
M2O Inc.,https://www.m2oinc.com/our-portfolio/,Meadow Brook Station,https://www.missionrockresidential.com/apartments/ut/salt-lake-city/meadowbrook-station/your-neighborhood,Unknown from approved source,Sample Investments,Unknown from approved source,Unknown from approved source,Unknown from approved source,Unknown from approved source; requires enrichment,Unknown from approved source; requires enrichment,Unknown from approved source; requires enrichment,Listed on Kay-approved source page (Sample Investments; item type: operating company).,Preserve for pattern recognition; fit not yet assessed.,"Enrich website, industry, niche, customer type, revenue model, recurrence, criticality, fragmentation, and acquisition context from approved primary sources.",High,source_complete_unfiltered
M2O Inc.,https://www.m2oinc.com/our-portfolio/,MGT Insurance,https://mgtinsurance.com/,Unknown from approved source,Sample Investments,Unknown from approved source,Unknown from approved source,Unknown from approved source,Unknown from approved source; requires enrichment,Unknown from approved source; requires enrichment,Unknown from approved source; requires enrichment,Listed on Kay-approved source page (Sample Investments; item type: operating company).,Preserve for pattern recognition; fit not yet assessed.,"Enrich website, industry, niche, customer type, revenue model, recurrence, criticality, fragmentation, and acquisition context from approved primary sources.",High,source_complete_unfiltered
M2O Inc.,https://www.m2oinc.com/our-portfolio/,MPI,https://medicalpositioning.com/about-us/ ,Unknown from approved source,Sample Investments,Unknown from approved source,Unknown from approved source,Unknown from approved source,Unknown from approved source; requires enrichment,Unknown from approved source; requires enrichment,Unknown from approved source; requires enrichment,Listed on Kay-approved source page (Sample Investments; item type: operating company).,Preserve for pattern recognition; fit not yet assessed.,"Enrich website, industry, niche, customer type, revenue model, recurrence, criticality, fragmentation, and acquisition context from approved primary sources.",High,source_complete_unfiltered
M2O Inc.,https://www.m2oinc.com/our-portfolio/,MST Services,https://www.mstservices.com/,Unknown from approved source,Sample Investments,Unknown from approved source,Unknown from approved source,Unknown from approved source,Unknown from approved source; requires enrichment,Unknown from approved source; requires enrichment,Unknown from approved source; requires enrichment,Listed on Kay-approved source page (Sample Investments; item type: operating company).,Preserve for pattern recognition; fit not yet assessed.,"Enrich website, industry, niche, customer type, revenue model, recurrence, criticality, fragmentation, and acquisition context from approved primary sources.",High,source_complete_unfiltered
M2O Inc.,https://www.m2oinc.com/our-portfolio/,NCFDD,https://www.facultydiversity.org/,Unknown from approved source,Sample Investments,Unknown from approved source,Unknown from approved source,Unknown from approved source,Unknown from approved source; requires enrichment,Unknown from approved source; requires enrichment,Unknown from approved source; requires enrichment,Listed on Kay-approved source page (Sample Investments; item type: operating company).,Preserve for pattern recognition; fit not yet assessed.,"Enrich website, industry, niche, customer type, revenue model, recurrence, criticality, fragmentation, and acquisition context from approved primary sources.",High,source_complete_unfiltered
M2O Inc.,https://www.m2oinc.com/our-portfolio/,Nirvana Risk Partners,http://www.nirvanarisks.com/,Unknown from approved source,Sample Investments,Unknown from approved source,Unknown from approved source,Unknown from approved source,Unknown from approved source; requires enrichment,Unknown from approved source; requires enrichment,Unknown from approved source; requires enrichment,Listed on Kay-approved source page (Sample Investments; item type: operating company).,Preserve for pattern recognition; fit not yet assessed.,"Enrich website, industry, niche, customer type, revenue model, recurrence, criticality, fragmentation, and acquisition context from approved primary sources.",High,source_complete_unfiltered
M2O Inc.,https://www.m2oinc.com/our-portfolio/,Nuqleous,https://nuqleous.com/,Unknown from approved source,Sample Investments,Unknown from approved source,Unknown from approved source,Unknown from approved source,Unknown from approved source; requires enrichment,Unknown from approved source; requires enrichment,Unknown from approved source; requires enrichment,Listed on Kay-approved source page (Sample Investments; item type: operating company).,Preserve for pattern recognition; fit not yet assessed.,"Enrich website, industry, niche, customer type, revenue model, recurrence, criticality, fragmentation, and acquisition context from approved primary sources.",High,source_complete_unfiltered
M2O Inc.,https://www.m2oinc.com/our-portfolio/,Ocozzio,https://ocozzio.com/,Unknown from approved source,Sample Investments,Unknown from approved source,Unknown from approved source,Unknown from approved source,Unknown from approved source; requires enrichment,Unknown from approved source; requires enrichment,Unknown from approved source; requires enrichment,Listed on Kay-approved source page (Sample Investments; item type: operating company).,Preserve for pattern recognition; fit not yet assessed.,"Enrich website, industry, niche, customer type, revenue model, recurrence, criticality, fragmentation, and acquisition context from approved primary sources.",High,source_complete_unfiltered
M2O Inc.,https://www.m2oinc.com/our-portfolio/,OneSource,https://www.onesource.net/,Unknown from approved source,Sample Investments,Unknown from approved source,Unknown from approved source,Unknown from approved source,Unknown from approved source; requires enrichment,Unknown from approved source; requires enrichment,Unknown from approved source; requires enrichment,Listed on Kay-approved source page (Sample Investments; item type: operating company).,Preserve for pattern recognition; fit not yet assessed.,"Enrich website, industry, niche, customer type, revenue model, recurrence, criticality, fragmentation, and acquisition context from approved primary sources.",High,source_complete_unfiltered
M2O Inc.,https://www.m2oinc.com/our-portfolio/,P&S Machining,https://psmachine.com/index.html,Unknown from approved source,Sample Investments,Unknown from approved source,Unknown from approved source,Unknown from approved source,Unknown from approved source; requires enrichment,Unknown from approved source; requires enrichment,Unknown from approved source; requires enrichment,Listed on Kay-approved source page (Sample Investments; item type: operating company).,Preserve for pattern recognition; fit not yet assessed.,"Enrich website, industry, niche, customer type, revenue model, recurrence, criticality, fragmentation, and acquisition context from approved primary sources.",High,source_complete_unfiltered
M2O Inc.,https://www.m2oinc.com/our-portfolio/,Paragon,http://paragonlegal.com/,Unknown from approved source,Sample Investments,Unknown from approved source,Unknown from approved source,Unknown from approved source,Unknown from approved source; requires enrichment,Unknown from approved source; requires enrichment,Unknown from approved source; requires enrichment,Listed on Kay-approved source page (Sample Investments; item type: operating company).,Preserve for pattern recognition; fit not yet assessed.,"Enrich website, industry, niche, customer type, revenue model, recurrence, criticality, fragmentation, and acquisition context from approved primary sources.",High,source_complete_unfiltered
M2O Inc.,https://www.m2oinc.com/our-portfolio/,Powder Mountain,https://www.powdermountain.com/,Unknown from approved source,Sample Investments,Unknown from approved source,Unknown from approved source,Unknown from approved source,Unknown from approved source; requires enrichment,Unknown from approved source; requires enrichment,Unknown from approved source; requires enrichment,Listed on Kay-approved source page (Sample Investments; item type: operating company).,Preserve for pattern recognition; fit not yet assessed.,"Enrich website, industry, niche, customer type, revenue model, recurrence, criticality, fragmentation, and acquisition context from approved primary sources.",High,source_complete_unfiltered
M2O Inc.,https://www.m2oinc.com/our-portfolio/,Prime AE,https://www.primeeng.com/,Unknown from approved source,Sample Investments,Unknown from approved source,Unknown from approved source,Unknown from approved source,Unknown from approved source; requires enrichment,Unknown from approved source; requires enrichment,Unknown from approved source; requires enrichment,Listed on Kay-approved source page (Sample Investments; item type: operating company).,Preserve for pattern recognition; fit not yet assessed.,"Enrich website, industry, niche, customer type, revenue model, recurrence, criticality, fragmentation, and acquisition context from approved primary sources.",High,source_complete_unfiltered
M2O Inc.,https://www.m2oinc.com/our-portfolio/,QCSS,https://qcsshealth.com/,Unknown from approved source,Sample Investments,Unknown from approved source,Unknown from approved source,Unknown from approved source,Unknown from approved source; requires enrichment,Unknown from approved source; requires enrichment,Unknown from approved source; requires enrichment,Listed on Kay-approved source page (Sample Investments; item type: operating company).,Preserve for pattern recognition; fit not yet assessed.,"Enrich website, industry, niche, customer type, revenue model, recurrence, criticality, fragmentation, and acquisition context from approved primary sources.",High,source_complete_unfiltered
M2O Inc.,https://www.m2oinc.com/our-portfolio/,Raptor,https://raptortech.com/,Unknown from approved source,Sample Investments,Unknown from approved source,Unknown from approved source,Unknown from approved source,Unknown from approved source; requires enrichment,Unknown from approved source; requires enrichment,Unknown from approved source; requires enrichment,Listed on Kay-approved source page (Sample Investments; item type: operating company).,Preserve for pattern recognition; fit not yet assessed.,"Enrich website, industry, niche, customer type, revenue model, recurrence, criticality, fragmentation, and acquisition context from approved primary sources.",High,source_complete_unfiltered
M2O Inc.,https://www.m2oinc.com/our-portfolio/,RCM,https://www.rcmt.com/,Unknown from approved source,Sample Investments,Unknown from approved source,Unknown from approved source,Unknown from approved source,Unknown from approved source; requires enrichment,Unknown from approved source; requires enrichment,Unknown from approved source; requires enrichment,Listed on Kay-approved source page (Sample Investments; item type: operating company).,Preserve for pattern recognition; fit not yet assessed.,"Enrich website, industry, niche, customer type, revenue model, recurrence, criticality, fragmentation, and acquisition context from approved primary sources.",High,source_complete_unfiltered
M2O Inc.,https://www.m2oinc.com/our-portfolio/,Recurve,https://www.recurve.com/,Unknown from approved source,Sample Investments,Unknown from approved source,Unknown from approved source,Unknown from approved source,Unknown from approved source; requires enrichment,Unknown from approved source; requires enrichment,Unknown from approved source; requires enrichment,Listed on Kay-approved source page (Sample Investments; item type: operating company).,Preserve for pattern recognition; fit not yet assessed.,"Enrich website, industry, niche, customer type, revenue model, recurrence, criticality, fragmentation, and acquisition context from approved primary sources.",High,source_complete_unfiltered
M2O Inc.,https://www.m2oinc.com/our-portfolio/,Rentandes,https://www.rentandes.com/,Unknown from approved source,Sample Investments,Unknown from approved source,Unknown from approved source,Unknown from approved source,Unknown from approved source; requires enrichment,Unknown from approved source; requires enrichment,Unknown from approved source; requires enrichment,Listed on Kay-approved source page (Sample Investments; item type: operating company).,Preserve for pattern recognition; fit not yet assessed.,"Enrich website, industry, niche, customer type, revenue model, recurrence, criticality, fragmentation, and acquisition context from approved primary sources.",High,source_complete_unfiltered
M2O Inc.,https://www.m2oinc.com/our-portfolio/,RescueStat,https://rescuestat.com/,Unknown from approved source,Sample Investments,Unknown from approved source,Unknown from approved source,Unknown from approved source,Unknown from approved source; requires enrichment,Unknown from approved source; requires enrichment,Unknown from approved source; requires enrichment,Listed on Kay-approved source page (Sample Investments; item type: operating company).,Preserve for pattern recognition; fit not yet assessed.,"Enrich website, industry, niche, customer type, revenue model, recurrence, criticality, fragmentation, and acquisition context from approved primary sources.",High,source_complete_unfiltered
M2O Inc.,https://www.m2oinc.com/our-portfolio/,Revolution,https://revolutiones.com/,Unknown from approved source,Sample Investments,Unknown from approved source,Unknown from approved source,Unknown from approved source,Unknown from approved source; requires enrichment,Unknown from approved source; requires enrichment,Unknown from approved source; requires enrichment,Listed on Kay-approved source page (Sample Investments; item type: operating company).,Preserve for pattern recognition; fit not yet assessed.,"Enrich website, industry, niche, customer type, revenue model, recurrence, criticality, fragmentation, and acquisition context from approved primary sources.",High,source_complete_unfiltered
M2O Inc.,https://www.m2oinc.com/our-portfolio/,RPM,https://reliablepremium.com/,Unknown from approved source,Sample Investments,Unknown from approved source,Unknown from approved source,Unknown from approved source,Unknown from approved source; requires enrichment,Unknown from approved source; requires enrichment,Unknown from approved source; requires enrichment,Listed on Kay-approved source page (Sample Investments; item type: operating company).,Preserve for pattern recognition; fit not yet assessed.,"Enrich website, industry, niche, customer type, revenue model, recurrence, criticality, fragmentation, and acquisition context from approved primary sources.",High,source_complete_unfiltered
M2O Inc.,https://www.m2oinc.com/our-portfolio/,Sayres,https://www.sayresdefense.com/,Unknown from approved source,Sample Investments,Unknown from approved source,Unknown from approved source,Unknown from approved source,Unknown from approved source; requires enrichment,Unknown from approved source; requires enrichment,Unknown from approved source; requires enrichment,Listed on Kay-approved source page (Sample Investments; item type: operating company).,Preserve for pattern recognition; fit not yet assessed.,"Enrich website, industry, niche, customer type, revenue model, recurrence, criticality, fragmentation, and acquisition context from approved primary sources.",High,source_complete_unfiltered
M2O Inc.,https://www.m2oinc.com/our-portfolio/,Scottish American,#,Unknown from approved source,Sample Investments,Unknown from approved source,Unknown from approved source,Unknown from approved source,Unknown from approved source; requires enrichment,Unknown from approved source; requires enrichment,Unknown from approved source; requires enrichment,Listed on Kay-approved source page (Sample Investments; item type: operating company).,Preserve for pattern recognition; fit not yet assessed.,"Enrich website, industry, niche, customer type, revenue model, recurrence, criticality, fragmentation, and acquisition context from approved primary sources.",High,source_complete_unfiltered
M2O Inc.,https://www.m2oinc.com/our-portfolio/,Systato,https://www.systato.com/,Unknown from approved source,Sample Investments,Unknown from approved source,Unknown from approved source,Unknown from approved source,Unknown from approved source; requires enrichment,Unknown from approved source; requires enrichment,Unknown from approved source; requires enrichment,Listed on Kay-approved source page (Sample Investments; item type: operating company).,Preserve for pattern recognition; fit not yet assessed.,"Enrich website, industry, niche, customer type, revenue model, recurrence, criticality, fragmentation, and acquisition context from approved primary sources.",High,source_complete_unfiltered
M2O Inc.,https://www.m2oinc.com/our-portfolio/,Stage2Data,https://stage2data.com/,Unknown from approved source,Sample Investments,Unknown from approved source,Unknown from approved source,Unknown from approved source,Unknown from approved source; requires enrichment,Unknown from approved source; requires enrichment,Unknown from approved source; requires enrichment,Listed on Kay-approved source page (Sample Investments; item type: operating company).,Preserve for pattern recognition; fit not yet assessed.,"Enrich website, industry, niche, customer type, revenue model, recurrence, criticality, fragmentation, and acquisition context from approved primary sources.",High,source_complete_unfiltered
M2O Inc.,https://www.m2oinc.com/our-portfolio/,Stealth Monitoring,https://stealthmonitoring.com/,Unknown from approved source,Sample Investments,Unknown from approved source,Unknown from approved source,Unknown from approved source,Unknown from approved source; requires enrichment,Unknown from approved source; requires enrichment,Unknown from approved source; requires enrichment,Listed on Kay-approved source page (Sample Investments; item type: operating company).,Preserve for pattern recognition; fit not yet assessed.,"Enrich website, industry, niche, customer type, revenue model, recurrence, criticality, fragmentation, and acquisition context from approved primary sources.",High,source_complete_unfiltered
M2O Inc.,https://www.m2oinc.com/our-portfolio/,Subatomic Digital,https://www.subatomicdigital.com/ ,Unknown from approved source,Sample Investments,Unknown from approved source,Unknown from approved source,Unknown from approved source,Unknown from approved source; requires enrichment,Unknown from approved source; requires enrichment,Unknown from approved source; requires enrichment,Listed on Kay-approved source page (Sample Investments; item type: operating company).,Preserve for pattern recognition; fit not yet assessed.,"Enrich website, industry, niche, customer type, revenue model, recurrence, criticality, fragmentation, and acquisition context from approved primary sources.",High,source_complete_unfiltered
M2O Inc.,https://www.m2oinc.com/our-portfolio/,Sunrun,https://www.sunrun.com/,Unknown from approved source,Sample Investments,Unknown from approved source,Unknown from approved source,Unknown from approved source,Unknown from approved source; requires enrichment,Unknown from approved source; requires enrichment,Unknown from approved source; requires enrichment,Listed on Kay-approved source page (Sample Investments; item type: operating company).,Preserve for pattern recognition; fit not yet assessed.,"Enrich website, industry, niche, customer type, revenue model, recurrence, criticality, fragmentation, and acquisition context from approved primary sources.",High,source_complete_unfiltered
M2O Inc.,https://www.m2oinc.com/our-portfolio/,Swoogo,https://swoogo.events/,Unknown from approved source,Sample Investments,Unknown from approved source,Unknown from approved source,Unknown from approved source,Unknown from approved source; requires enrichment,Unknown from approved source; requires enrichment,Unknown from approved source; requires enrichment,Listed on Kay-approved source page (Sample Investments; item type: operating company).,Preserve for pattern recognition; fit not yet assessed.,"Enrich website, industry, niche, customer type, revenue model, recurrence, criticality, fragmentation, and acquisition context from approved primary sources.",High,source_complete_unfiltered
M2O Inc.,https://www.m2oinc.com/our-portfolio/,Sylmar Group,https://www.sylmargrp.com/,Unknown from approved source,Sample Investments,Unknown from approved source,Unknown from approved source,Unknown from approved source,Unknown from approved source; requires enrichment,Unknown from approved source; requires enrichment,Unknown from approved source; requires enrichment,Listed on Kay-approved source page (Sample Investments; item type: operating company).,Preserve for pattern recognition; fit not yet assessed.,"Enrich website, industry, niche, customer type, revenue model, recurrence, criticality, fragmentation, and acquisition context from approved primary sources.",High,source_complete_unfiltered
M2O Inc.,https://www.m2oinc.com/our-portfolio/,Tax Cloud,https://taxcloud.com/,Unknown from approved source,Sample Investments,Unknown from approved source,Unknown from approved source,Unknown from approved source,Unknown from approved source; requires enrichment,Unknown from approved source; requires enrichment,Unknown from approved source; requires enrichment,Listed on Kay-approved source page (Sample Investments; item type: operating company).,Preserve for pattern recognition; fit not yet assessed.,"Enrich website, industry, niche, customer type, revenue model, recurrence, criticality, fragmentation, and acquisition context from approved primary sources.",High,source_complete_unfiltered
M2O Inc.,https://www.m2oinc.com/our-portfolio/,The Predictive Index,https://www.predictiveindex.com/,Unknown from approved source,Sample Investments,Unknown from approved source,Unknown from approved source,Unknown from approved source,Unknown from approved source; requires enrichment,Unknown from approved source; requires enrichment,Unknown from approved source; requires enrichment,Listed on Kay-approved source page (Sample Investments; item type: operating company).,Preserve for pattern recognition; fit not yet assessed.,"Enrich website, industry, niche, customer type, revenue model, recurrence, criticality, fragmentation, and acquisition context from approved primary sources.",High,source_complete_unfiltered
M2O Inc.,https://www.m2oinc.com/our-portfolio/,The Village,http://www.thevillageatsouthcampus.com/,Unknown from approved source,Sample Investments,Unknown from approved source,Unknown from approved source,Unknown from approved source,Unknown from approved source; requires enrichment,Unknown from approved source; requires enrichment,Unknown from approved source; requires enrichment,Listed on Kay-approved source page (Sample Investments; item type: operating company).,Preserve for pattern recognition; fit not yet assessed.,"Enrich website, industry, niche, customer type, revenue model, recurrence, criticality, fragmentation, and acquisition context from approved primary sources.",High,source_complete_unfiltered
M2O Inc.,https://www.m2oinc.com/our-portfolio/,Therapydia,https://www.therapydia.com/,Unknown from approved source,Sample Investments,Unknown from approved source,Unknown from approved source,Unknown from approved source,Unknown from approved source; requires enrichment,Unknown from approved source; requires enrichment,Unknown from approved source; requires enrichment,Listed on Kay-approved source page (Sample Investments; item type: operating company).,Preserve for pattern recognition; fit not yet assessed.,"Enrich website, industry, niche, customer type, revenue model, recurrence, criticality, fragmentation, and acquisition context from approved primary sources.",High,source_complete_unfiltered
M2O Inc.,https://www.m2oinc.com/our-portfolio/,TopQuadrant,https://www.topquadrant.com/,Unknown from approved source,Sample Investments,Unknown from approved source,Unknown from approved source,Unknown from approved source,Unknown from approved source; requires enrichment,Unknown from approved source; requires enrichment,Unknown from approved source; requires enrichment,Listed on Kay-approved source page (Sample Investments; item type: operating company).,Preserve for pattern recognition; fit not yet assessed.,"Enrich website, industry, niche, customer type, revenue model, recurrence, criticality, fragmentation, and acquisition context from approved primary sources.",High,source_complete_unfiltered
M2O Inc.,https://www.m2oinc.com/our-portfolio/,TrueMed IT,https://www.truemedit.com/,Unknown from approved source,Sample Investments,Unknown from approved source,Unknown from approved source,Unknown from approved source,Unknown from approved source; requires enrichment,Unknown from approved source; requires enrichment,Unknown from approved source; requires enrichment,Listed on Kay-approved source page (Sample Investments; item type: operating company).,Preserve for pattern recognition; fit not yet assessed.,"Enrich website, industry, niche, customer type, revenue model, recurrence, criticality, fragmentation, and acquisition context from approved primary sources.",High,source_complete_unfiltered
M2O Inc.,https://www.m2oinc.com/our-portfolio/,TruMed,https://trumedsystems.com/,Unknown from approved source,Sample Investments,Unknown from approved source,Unknown from approved source,Unknown from approved source,Unknown from approved source; requires enrichment,Unknown from approved source; requires enrichment,Unknown from approved source; requires enrichment,Listed on Kay-approved source page (Sample Investments; item type: operating company).,Preserve for pattern recognition; fit not yet assessed.,"Enrich website, industry, niche, customer type, revenue model, recurrence, criticality, fragmentation, and acquisition context from approved primary sources.",High,source_complete_unfiltered
M2O Inc.,https://www.m2oinc.com/our-portfolio/,Trumpet,https://tbh.com/,Unknown from approved source,Sample Investments,Unknown from approved source,Unknown from approved source,Unknown from approved source,Unknown from approved source; requires enrichment,Unknown from approved source; requires enrichment,Unknown from approved source; requires enrichment,Listed on Kay-approved source page (Sample Investments; item type: operating company).,Preserve for pattern recognition; fit not yet assessed.,"Enrich website, industry, niche, customer type, revenue model, recurrence, criticality, fragmentation, and acquisition context from approved primary sources.",High,source_complete_unfiltered
M2O Inc.,https://www.m2oinc.com/our-portfolio/,Unleashed Technologies,https://www.unleashed-technologies.com ,Unknown from approved source,Sample Investments,Unknown from approved source,Unknown from approved source,Unknown from approved source,Unknown from approved source; requires enrichment,Unknown from approved source; requires enrichment,Unknown from approved source; requires enrichment,Listed on Kay-approved source page (Sample Investments; item type: operating company).,Preserve for pattern recognition; fit not yet assessed.,"Enrich website, industry, niche, customer type, revenue model, recurrence, criticality, fragmentation, and acquisition context from approved primary sources.",High,source_complete_unfiltered
M2O Inc.,https://www.m2oinc.com/our-portfolio/,Upper Hand,https://upperhand.com/,Unknown from approved source,Sample Investments,Unknown from approved source,Unknown from approved source,Unknown from approved source,Unknown from approved source; requires enrichment,Unknown from approved source; requires enrichment,Unknown from approved source; requires enrichment,Listed on Kay-approved source page (Sample Investments; item type: operating company).,Preserve for pattern recognition; fit not yet assessed.,"Enrich website, industry, niche, customer type, revenue model, recurrence, criticality, fragmentation, and acquisition context from approved primary sources.",High,source_complete_unfiltered
M2O Inc.,https://www.m2oinc.com/our-portfolio/,Veri-tax,https://veri-tax.com/,Unknown from approved source,Sample Investments,Unknown from approved source,Unknown from approved source,Unknown from approved source,Unknown from approved source; requires enrichment,Unknown from approved source; requires enrichment,Unknown from approved source; requires enrichment,Listed on Kay-approved source page (Sample Investments; item type: operating company).,Preserve for pattern recognition; fit not yet assessed.,"Enrich website, industry, niche, customer type, revenue model, recurrence, criticality, fragmentation, and acquisition context from approved primary sources.",High,source_complete_unfiltered
M2O Inc.,https://www.m2oinc.com/our-portfolio/,Virtual Officeware,https://vowhs.com/ ,Unknown from approved source,Sample Investments,Unknown from approved source,Unknown from approved source,Unknown from approved source,Unknown from approved source; requires enrichment,Unknown from approved source; requires enrichment,Unknown from approved source; requires enrichment,Listed on Kay-approved source page (Sample Investments; item type: operating company).,Preserve for pattern recognition; fit not yet assessed.,"Enrich website, industry, niche, customer type, revenue model, recurrence, criticality, fragmentation, and acquisition context from approved primary sources.",High,source_complete_unfiltered
M2O Inc.,https://www.m2oinc.com/our-portfolio/,VRI,https://vricares.com/,Unknown from approved source,Sample Investments,Unknown from approved source,Unknown from approved source,Unknown from approved source,Unknown from approved source; requires enrichment,Unknown from approved source; requires enrichment,Unknown from approved source; requires enrichment,Listed on Kay-approved source page (Sample Investments; item type: operating company).,Preserve for pattern recognition; fit not yet assessed.,"Enrich website, industry, niche, customer type, revenue model, recurrence, criticality, fragmentation, and acquisition context from approved primary sources.",High,source_complete_unfiltered
M2O Inc.,https://www.m2oinc.com/our-portfolio/,Water Babies,https://waterbabies.co.uk/,Unknown from approved source,Sample Investments,Unknown from approved source,Unknown from approved source,Unknown from approved source,Unknown from approved source; requires enrichment,Unknown from approved source; requires enrichment,Unknown from approved source; requires enrichment,Listed on Kay-approved source page (Sample Investments; item type: operating company).,Preserve for pattern recognition; fit not yet assessed.,"Enrich website, industry, niche, customer type, revenue model, recurrence, criticality, fragmentation, and acquisition context from approved primary sources.",High,source_complete_unfiltered
M2O Inc.,https://www.m2oinc.com/our-portfolio/,Windley Ely,https://www.windleyely.com/,Unknown from approved source,Sample Investments,Unknown from approved source,Unknown from approved source,Unknown from approved source,Unknown from approved source; requires enrichment,Unknown from approved source; requires enrichment,Unknown from approved source; requires enrichment,Listed on Kay-approved source page (Sample Investments; item type: operating company).,Preserve for pattern recognition; fit not yet assessed.,"Enrich website, industry, niche, customer type, revenue model, recurrence, criticality, fragmentation, and acquisition context from approved primary sources.",High,source_complete_unfiltered
M2O Inc.,https://www.m2oinc.com/our-portfolio/,Wu Consulting,https://www.wuconsulting.com/index.html,Unknown from approved source,Sample Investments,Unknown from approved source,Unknown from approved source,Unknown from approved source,Unknown from approved source; requires enrichment,Unknown from approved source; requires enrichment,Unknown from approved source; requires enrichment,Listed on Kay-approved source page (Sample Investments; item type: operating company).,Preserve for pattern recognition; fit not yet assessed.,"Enrich website, industry, niche, customer type, revenue model, recurrence, criticality, fragmentation, and acquisition context from approved primary sources.",High,source_complete_unfiltered
M2O Inc.,https://www.m2oinc.com/our-portfolio/,Xiltrix,https://xiltrix.com/,Unknown from approved source,Sample Investments,Unknown from approved source,Unknown from approved source,Unknown from approved source,Unknown from approved source; requires enrichment,Unknown from approved source; requires enrichment,Unknown from approved source; requires enrichment,Listed on Kay-approved source page (Sample Investments; item type: operating company).,Preserve for pattern recognition; fit not yet assessed.,"Enrich website, industry, niche, customer type, revenue model, recurrence, criticality, fragmentation, and acquisition context from approved primary sources.",High,source_complete_unfiltered
Aspect Investors,https://www.aspectinvestors.com/operating-companies/,4Ever Young,,Unknown from approved source,Operating companies / legacy investments,Unknown from approved source,Unknown from approved source,Unknown from approved source,Unknown from approved source; requires enrichment,Unknown from approved source; requires enrichment,Unknown from approved source; requires enrichment,Listed on Kay-approved source page (Operating companies / legacy investments; item type: operating company).,Preserve for pattern recognition; fit not yet assessed.,"Enrich website, industry, niche, customer type, revenue model, recurrence, criticality, fragmentation, and acquisition context from approved primary sources.",Medium,source_complete_unfiltered
Aspect Investors,https://www.aspectinvestors.com/operating-companies/,AC Energy Systems,,Unknown from approved source,Operating companies / legacy investments,Unknown from approved source,Unknown from approved source,Unknown from approved source,Unknown from approved source; requires enrichment,Unknown from approved source; requires enrichment,Unknown from approved source; requires enrichment,Listed on Kay-approved source page (Operating companies / legacy investments; item type: operating company).,Preserve for pattern recognition; fit not yet assessed.,"Enrich website, industry, niche, customer type, revenue model, recurrence, criticality, fragmentation, and acquisition context from approved primary sources.",Medium,source_complete_unfiltered
Aspect Investors,https://www.aspectinvestors.com/operating-companies/,AdComp,,Unknown from approved source,Operating companies / legacy investments,Unknown from approved source,Unknown from approved source,Unknown from approved source,Unknown from approved source; requires enrichment,Unknown from approved source; requires enrichment,Unknown from approved source; requires enrichment,Listed on Kay-approved source page (Operating companies / legacy investments; item type: operating company).,Preserve for pattern recognition; fit not yet assessed.,"Enrich website, industry, niche, customer type, revenue model, recurrence, criticality, fragmentation, and acquisition context from approved primary sources.",Medium,source_complete_unfiltered
Aspect Investors,https://www.aspectinvestors.com/operating-companies/,Allied Electric,,Unknown from approved source,Operating companies / legacy investments,Unknown from approved source,Unknown from approved source,Unknown from approved source,Unknown from approved source; requires enrichment,Unknown from approved source; requires enrichment,Unknown from approved source; requires enrichment,Listed on Kay-approved source page (Operating companies / legacy investments; item type: operating company).,Preserve for pattern recognition; fit not yet assessed.,"Enrich website, industry, niche, customer type, revenue model, recurrence, criticality, fragmentation, and acquisition context from approved primary sources.",Medium,source_complete_unfiltered
Aspect Investors,https://www.aspectinvestors.com/operating-companies/,APA Medical,,Unknown from approved source,Operating companies / legacy investments,Unknown from approved source,Unknown from approved source,Unknown from approved source,Unknown from approved source; requires enrichment,Unknown from approved source; requires enrichment,Unknown from approved source; requires enrichment,Listed on Kay-approved source page (Operating companies / legacy investments; item type: operating company).,Preserve for pattern recognition; fit not yet assessed.,"Enrich website, industry, niche, customer type, revenue model, recurrence, criticality, fragmentation, and acquisition context from approved primary sources.",Medium,source_complete_unfiltered
Aspect Investors,https://www.aspectinvestors.com/operating-companies/,Apollo Behavioral Services,,Unknown from approved source,Operating companies / legacy investments,Unknown from approved source,Unknown from approved source,Unknown from approved source,Unknown from approved source; requires enrichment,Unknown from approved source; requires enrichment,Unknown from approved source; requires enrichment,Listed on Kay-approved source page (Operating companies / legacy investments; item type: operating company).,Preserve for pattern recognition; fit not yet assessed.,"Enrich website, industry, niche, customer type, revenue model, recurrence, criticality, fragmentation, and acquisition context from approved primary sources.",Medium,source_complete_unfiltered
Aspect Investors,https://www.aspectinvestors.com/operating-companies/,ArborOne,,Unknown from approved source,Operating companies / legacy investments,Unknown from approved source,Unknown from approved source,Unknown from approved source,Unknown from approved source; requires enrichment,Unknown from approved source; requires enrichment,Unknown from approved source; requires enrichment,Listed on Kay-approved source page (Operating companies / legacy investments; item type: operating company).,Preserve for pattern recognition; fit not yet assessed.,"Enrich website, industry, niche, customer type, revenue model, recurrence, criticality, fragmentation, and acquisition context from approved primary sources.",Medium,source_complete_unfiltered
Aspect Investors,https://www.aspectinvestors.com/operating-companies/,AutoHub,,Unknown from approved source,Operating companies / legacy investments,Unknown from approved source,Unknown from approved source,Unknown from approved source,Unknown from approved source; requires enrichment,Unknown from approved source; requires enrichment,Unknown from approved source; requires enrichment,Listed on Kay-approved source page (Operating companies / legacy investments; item type: operating company).,Preserve for pattern recognition; fit not yet assessed.,"Enrich website, industry, niche, customer type, revenue model, recurrence, criticality, fragmentation, and acquisition context from approved primary sources.",Medium,source_complete_unfiltered
Aspect Investors,https://www.aspectinvestors.com/operating-companies/,Chesapeake Technologies,,Unknown from approved source,Operating companies / legacy investments,Unknown from approved source,Unknown from approved source,Unknown from approved source,Unknown from approved source; requires enrichment,Unknown from approved source; requires enrichment,Unknown from approved source; requires enrichment,Listed on Kay-approved source page (Operating companies / legacy investments; item type: operating company).,Preserve for pattern recognition; fit not yet assessed.,"Enrich website, industry, niche, customer type, revenue model, recurrence, criticality, fragmentation, and acquisition context from approved primary sources.",Medium,source_complete_unfiltered
Aspect Investors,https://www.aspectinvestors.com/operating-companies/,Choice Water Solutions,,Unknown from approved source,Operating companies / legacy investments,Unknown from approved source,Unknown from approved source,Unknown from approved source,Unknown from approved source; requires enrichment,Unknown from approved source; requires enrichment,Unknown from approved source; requires enrichment,Listed on Kay-approved source page (Operating companies / legacy investments; item type: operating company).,Preserve for pattern recognition; fit not yet assessed.,"Enrich website, industry, niche, customer type, revenue model, recurrence, criticality, fragmentation, and acquisition context from approved primary sources.",Medium,source_complete_unfiltered
Aspect Investors,https://www.aspectinvestors.com/operating-companies/,CRSS,,Unknown from approved source,Operating companies / legacy investments,Unknown from approved source,Unknown from approved source,Unknown from approved source,Unknown from approved source; requires enrichment,Unknown from approved source; requires enrichment,Unknown from approved source; requires enrichment,Listed on Kay-approved source page (Operating companies / legacy investments; item type: operating company).,Preserve for pattern recognition; fit not yet assessed.,"Enrich website, industry, niche, customer type, revenue model, recurrence, criticality, fragmentation, and acquisition context from approved primary sources.",Medium,source_complete_unfiltered
Aspect Investors,https://www.aspectinvestors.com/operating-companies/,CurrentWare,,Unknown from approved source,Operating companies / legacy investments,Unknown from approved source,Unknown from approved source,Unknown from approved source,Unknown from approved source; requires enrichment,Unknown from approved source; requires enrichment,Unknown from approved source; requires enrichment,Listed on Kay-approved source page (Operating companies / legacy investments; item type: operating company).,Preserve for pattern recognition; fit not yet assessed.,"Enrich website, industry, niche, customer type, revenue model, recurrence, criticality, fragmentation, and acquisition context from approved primary sources.",Medium,source_complete_unfiltered
Aspect Investors,https://www.aspectinvestors.com/operating-companies/,Echosec Systems,,Unknown from approved source,Operating companies / legacy investments,Unknown from approved source,Unknown from approved source,Unknown from approved source,Unknown from approved source; requires enrichment,Unknown from approved source; requires enrichment,Unknown from approved source; requires enrichment,Listed on Kay-approved source page (Operating companies / legacy investments; item type: operating company).,Preserve for pattern recognition; fit not yet assessed.,"Enrich website, industry, niche, customer type, revenue model, recurrence, criticality, fragmentation, and acquisition context from approved primary sources.",Medium,source_complete_unfiltered
Aspect Investors,https://www.aspectinvestors.com/operating-companies/,Energy Ogre,,Unknown from approved source,Operating companies / legacy investments,Unknown from approved source,Unknown from approved source,Unknown from approved source,Unknown from approved source; requires enrichment,Unknown from approved source; requires enrichment,Unknown from approved source; requires enrichment,Listed on Kay-approved source page (Operating companies / legacy investments; item type: operating company).,Preserve for pattern recognition; fit not yet assessed.,"Enrich website, industry, niche, customer type, revenue model, recurrence, criticality, fragmentation, and acquisition context from approved primary sources.",Medium,source_complete_unfiltered
Aspect Investors,https://www.aspectinvestors.com/operating-companies/,Facilities Survey Inc.,,Unknown from approved source,Operating companies / legacy investments,Unknown from approved source,Unknown from approved source,Unknown from approved source,Unknown from approved source; requires enrichment,Unknown from approved source; requires enrichment,Unknown from approved source; requires enrichment,Listed on Kay-approved source page (Operating companies / legacy investments; item type: operating company).,Preserve for pattern recognition; fit not yet assessed.,"Enrich website, industry, niche, customer type, revenue model, recurrence, criticality, fragmentation, and acquisition context from approved primary sources.",Medium,source_complete_unfiltered
Aspect Investors,https://www.aspectinvestors.com/operating-companies/,Fleetflo,,Unknown from approved source,Operating companies / legacy investments,Unknown from approved source,Unknown from approved source,Unknown from approved source,Unknown from approved source; requires enrichment,Unknown from approved source; requires enrichment,Unknown from approved source; requires enrichment,Listed on Kay-approved source page (Operating companies / legacy investments; item type: operating company).,Preserve for pattern recognition; fit not yet assessed.,"Enrich website, industry, niche, customer type, revenue model, recurrence, criticality, fragmentation, and acquisition context from approved primary sources.",Medium,source_complete_unfiltered
Aspect Investors,https://www.aspectinvestors.com/operating-companies/,HRTMS,,Unknown from approved source,Operating companies / legacy investments,Unknown from approved source,Unknown from approved source,Unknown from approved source,Unknown from approved source; requires enrichment,Unknown from approved source; requires enrichment,Unknown from approved source; requires enrichment,Listed on Kay-approved source page (Operating companies / legacy investments; item type: operating company).,Preserve for pattern recognition; fit not yet assessed.,"Enrich website, industry, niche, customer type, revenue model, recurrence, criticality, fragmentation, and acquisition context from approved primary sources.",Medium,source_complete_unfiltered
Aspect Investors,https://www.aspectinvestors.com/operating-companies/,IT Service Alliance,,Unknown from approved source,Operating companies / legacy investments,Unknown from approved source,Unknown from approved source,Unknown from approved source,Unknown from approved source; requires enrichment,Unknown from approved source; requires enrichment,Unknown from approved source; requires enrichment,Listed on Kay-approved source page (Operating companies / legacy investments; item type: operating company).,Preserve for pattern recognition; fit not yet assessed.,"Enrich website, industry, niche, customer type, revenue model, recurrence, criticality, fragmentation, and acquisition context from approved primary sources.",Medium,source_complete_unfiltered
Aspect Investors,https://www.aspectinvestors.com/operating-companies/,ITPipes,,Unknown from approved source,Operating companies / legacy investments,Unknown from approved source,Unknown from approved source,Unknown from approved source,Unknown from approved source; requires enrichment,Unknown from approved source; requires enrichment,Unknown from approved source; requires enrichment,Listed on Kay-approved source page (Operating companies / legacy investments; item type: operating company).,Preserve for pattern recognition; fit not yet assessed.,"Enrich website, industry, niche, customer type, revenue model, recurrence, criticality, fragmentation, and acquisition context from approved primary sources.",Medium,source_complete_unfiltered
Aspect Investors,https://www.aspectinvestors.com/operating-companies/,Lattice Global,,Unknown from approved source,Operating companies / legacy investments,Unknown from approved source,Unknown from approved source,Unknown from approved source,Unknown from approved source; requires enrichment,Unknown from approved source; requires enrichment,Unknown from approved source; requires enrichment,Listed on Kay-approved source page (Operating companies / legacy investments; item type: operating company).,Preserve for pattern recognition; fit not yet assessed.,"Enrich website, industry, niche, customer type, revenue model, recurrence, criticality, fragmentation, and acquisition context from approved primary sources.",Medium,source_complete_unfiltered
Aspect Investors,https://www.aspectinvestors.com/operating-companies/,Life Support Systems,,Unknown from approved source,Operating companies / legacy investments,Unknown from approved source,Unknown from approved source,Unknown from approved source,Unknown from approved source; requires enrichment,Unknown from approved source; requires enrichment,Unknown from approved source; requires enrichment,Listed on Kay-approved source page (Operating companies / legacy investments; item type: operating company).,Preserve for pattern recognition; fit not yet assessed.,"Enrich website, industry, niche, customer type, revenue model, recurrence, criticality, fragmentation, and acquisition context from approved primary sources.",Medium,source_complete_unfiltered
Aspect Investors,https://www.aspectinvestors.com/operating-companies/,MGT Insurance,,Unknown from approved source,Operating companies / legacy investments,Unknown from approved source,Unknown from approved source,Unknown from approved source,Unknown from approved source; requires enrichment,Unknown from approved source; requires enrichment,Unknown from approved source; requires enrichment,Listed on Kay-approved source page (Operating companies / legacy investments; item type: operating company).,Preserve for pattern recognition; fit not yet assessed.,"Enrich website, industry, niche, customer type, revenue model, recurrence, criticality, fragmentation, and acquisition context from approved primary sources.",Medium,source_complete_unfiltered
Aspect Investors,https://www.aspectinvestors.com/operating-companies/,Naviam,,Unknown from approved source,Operating companies / legacy investments,Unknown from approved source,Unknown from approved source,Unknown from approved source,Unknown from approved source; requires enrichment,Unknown from approved source; requires enrichment,Unknown from approved source; requires enrichment,Listed on Kay-approved source page (Operating companies / legacy investments; item type: operating company).,Preserve for pattern recognition; fit not yet assessed.,"Enrich website, industry, niche, customer type, revenue model, recurrence, criticality, fragmentation, and acquisition context from approved primary sources.",Medium,source_complete_unfiltered
Aspect Investors,https://www.aspectinvestors.com/operating-companies/,Out of the Box,,Unknown from approved source,Operating companies / legacy investments,Unknown from approved source,Unknown from approved source,Unknown from approved source,Unknown from approved source; requires enrichment,Unknown from approved source; requires enrichment,Unknown from approved source; requires enrichment,Listed on Kay-approved source page (Operating companies / legacy investments; item type: operating company).,Preserve for pattern recognition; fit not yet assessed.,"Enrich website, industry, niche, customer type, revenue model, recurrence, criticality, fragmentation, and acquisition context from approved primary sources.",Medium,source_complete_unfiltered
Aspect Investors,https://www.aspectinvestors.com/operating-companies/,P3 Works,,Unknown from approved source,Operating companies / legacy investments,Unknown from approved source,Unknown from approved source,Unknown from approved source,Unknown from approved source; requires enrichment,Unknown from approved source; requires enrichment,Unknown from approved source; requires enrichment,Listed on Kay-approved source page (Operating companies / legacy investments; item type: operating company).,Preserve for pattern recognition; fit not yet assessed.,"Enrich website, industry, niche, customer type, revenue model, recurrence, criticality, fragmentation, and acquisition context from approved primary sources.",Medium,source_complete_unfiltered
Aspect Investors,https://www.aspectinvestors.com/operating-companies/,Solutions Group Accounting,,Unknown from approved source,Operating companies / legacy investments,Unknown from approved source,Unknown from approved source,Unknown from approved source,Unknown from approved source; requires enrichment,Unknown from approved source; requires enrichment,Unknown from approved source; requires enrichment,Listed on Kay-approved source page (Operating companies / legacy investments; item type: operating company).,Preserve for pattern recognition; fit not yet assessed.,"Enrich website, industry, niche, customer type, revenue model, recurrence, criticality, fragmentation, and acquisition context from approved primary sources.",Medium,source_complete_unfiltered
Aspect Investors,https://www.aspectinvestors.com/operating-companies/,Strategic Kids,,Unknown from approved source,Operating companies / legacy investments,Unknown from approved source,Unknown from approved source,Unknown from approved source,Unknown from approved source; requires enrichment,Unknown from approved source; requires enrichment,Unknown from approved source; requires enrichment,Listed on Kay-approved source page (Operating companies / legacy investments; item type: operating company).,Preserve for pattern recognition; fit not yet assessed.,"Enrich website, industry, niche, customer type, revenue model, recurrence, criticality, fragmentation, and acquisition context from approved primary sources.",Medium,source_complete_unfiltered
Aspect Investors,https://www.aspectinvestors.com/operating-companies/,Systato,,Unknown from approved source,Operating companies / legacy investments,Unknown from approved source,Unknown from approved source,Unknown from approved source,Unknown from approved source; requires enrichment,Unknown from approved source; requires enrichment,Unknown from approved source; requires enrichment,Listed on Kay-approved source page (Operating companies / legacy investments; item type: operating company).,Preserve for pattern recognition; fit not yet assessed.,"Enrich website, industry, niche, customer type, revenue model, recurrence, criticality, fragmentation, and acquisition context from approved primary sources.",Medium,source_complete_unfiltered
Aspect Investors,https://www.aspectinvestors.com/operating-companies/,The Haven,,Unknown from approved source,Operating companies / legacy investments,Unknown from approved source,Unknown from approved source,Unknown from approved source,Unknown from approved source; requires enrichment,Unknown from approved source; requires enrichment,Unknown from approved source; requires enrichment,Listed on Kay-approved source page (Operating companies / legacy investments; item type: operating company).,Preserve for pattern recognition; fit not yet assessed.,"Enrich website, industry, niche, customer type, revenue model, recurrence, criticality, fragmentation, and acquisition context from approved primary sources.",Medium,source_complete_unfiltered
Aspect Investors,https://www.aspectinvestors.com/operating-companies/,Thillens,,Unknown from approved source,Operating companies / legacy investments,Unknown from approved source,Unknown from approved source,Unknown from approved source,Unknown from approved source; requires enrichment,Unknown from approved source; requires enrichment,Unknown from approved source; requires enrichment,Listed on Kay-approved source page (Operating companies / legacy investments; item type: operating company).,Preserve for pattern recognition; fit not yet assessed.,"Enrich website, industry, niche, customer type, revenue model, recurrence, criticality, fragmentation, and acquisition context from approved primary sources.",Medium,source_complete_unfiltered
Aspect Investors,https://www.aspectinvestors.com/operating-companies/,Three Rivers Therapy,,Unknown from approved source,Operating companies / legacy investments,Unknown from approved source,Unknown from approved source,Unknown from approved source,Unknown from approved source; requires enrichment,Unknown from approved source; requires enrichment,Unknown from approved source; requires enrichment,Listed on Kay-approved source page (Operating companies / legacy investments; item type: operating company).,Preserve for pattern recognition; fit not yet assessed.,"Enrich website, industry, niche, customer type, revenue model, recurrence, criticality, fragmentation, and acquisition context from approved primary sources.",Medium,source_complete_unfiltered
Aspect Investors,https://www.aspectinvestors.com/operating-companies/,Wu Consulting,,Unknown from approved source,Operating companies / legacy investments,Unknown from approved source,Unknown from approved source,Unknown from approved source,Unknown from approved source; requires enrichment,Unknown from approved source; requires enrichment,Unknown from approved source; requires enrichment,Listed on Kay-approved source page (Operating companies / legacy investments; item type: operating company).,Preserve for pattern recognition; fit not yet assessed.,"Enrich website, industry, niche, customer type, revenue model, recurrence, criticality, fragmentation, and acquisition context from approved primary sources.",Medium,source_complete_unfiltered
Aspect Investors,https://www.aspectinvestors.com/operating-companies/,XiltriX,,Unknown from approved source,Operating companies / legacy investments,Unknown from approved source,Unknown from approved source,Unknown from approved source,Unknown from approved source; requires enrichment,Unknown from approved source; requires enrichment,Unknown from approved source; requires enrichment,Listed on Kay-approved source page (Operating companies / legacy investments; item type: operating company).,Preserve for pattern recognition; fit not yet assessed.,"Enrich website, industry, niche, customer type, revenue model, recurrence, criticality, fragmentation, and acquisition context from approved primary sources.",Medium,source_complete_unfiltered
Aspect Investors,https://www.aspectinvestors.com/operating-companies/,Abound,,Unknown from approved source,Operating companies / legacy investments,Unknown from approved source,Unknown from approved source,Unknown from approved source,Unknown from approved source; requires enrichment,Unknown from approved source; requires enrichment,Unknown from approved source; requires enrichment,Listed on Kay-approved source page (Operating companies / legacy investments; item type: operating company).,Preserve for pattern recognition; fit not yet assessed.,"Enrich website, industry, niche, customer type, revenue model, recurrence, criticality, fragmentation, and acquisition context from approved primary sources.",Medium,source_complete_unfiltered
Aspect Investors,https://www.aspectinvestors.com/operating-companies/,ABS,,Unknown from approved source,Operating companies / legacy investments,Unknown from approved source,Unknown from approved source,Unknown from approved source,Unknown from approved source; requires enrichment,Unknown from approved source; requires enrichment,Unknown from approved source; requires enrichment,Listed on Kay-approved source page (Operating companies / legacy investments; item type: operating company).,Preserve for pattern recognition; fit not yet assessed.,"Enrich website, industry, niche, customer type, revenue model, recurrence, criticality, fragmentation, and acquisition context from approved primary sources.",Medium,source_complete_unfiltered
Aspect Investors,https://www.aspectinvestors.com/operating-companies/,American Vision Group,,Unknown from approved source,Operating companies / legacy investments,Unknown from approved source,Unknown from approved source,Unknown from approved source,Unknown from approved source; requires enrichment,Unknown from approved source; requires enrichment,Unknown from approved source; requires enrichment,Listed on Kay-approved source page (Operating companies / legacy investments; item type: operating company).,Preserve for pattern recognition; fit not yet assessed.,"Enrich website, industry, niche, customer type, revenue model, recurrence, criticality, fragmentation, and acquisition context from approved primary sources.",Medium,source_complete_unfiltered
Aspect Investors,https://www.aspectinvestors.com/operating-companies/,Apex,,Unknown from approved source,Operating companies / legacy investments,Unknown from approved source,Unknown from approved source,Unknown from approved source,Unknown from approved source; requires enrichment,Unknown from approved source; requires enrichment,Unknown from approved source; requires enrichment,Listed on Kay-approved source page (Operating companies / legacy investments; item type: operating company).,Preserve for pattern recognition; fit not yet assessed.,"Enrich website, industry, niche, customer type, revenue model, recurrence, criticality, fragmentation, and acquisition context from approved primary sources.",Medium,source_complete_unfiltered
Aspect Investors,https://www.aspectinvestors.com/operating-companies/,Auronix,https://www.auronix.com,Software / communications,Multi-channel CPaaS provider,SaaS / communications platform,Enterprise clients,Mexico/LatAm,SaaS/usage-based likely recurring,Enterprise communications can be workflow-critical,CPaaS providers fragmented by region/channel,Aspect page describes leading multi-channel CPaaS provider,Cross-source communications software signal,Research retention messaging regulation customer concentration and region fit,High,seed
Aspect Investors,https://www.aspectinvestors.com/operating-companies/,Axero,https://axerosolutions.com,Software / internal communications,Intranet software solutions,SaaS / workflow software,Businesses,Unknown,Software likely recurring,Internal communications/workflow can be operationally important,Intranet software fragmented,Aspect page describes intranet software solutions,Useful B2B workflow software signal though not first G&B services priority,Research customer retention vertical focus and switching costs,Medium,seed
Aspect Investors,https://www.aspectinvestors.com/operating-companies/,Belle Vie,,Unknown from approved source,Operating companies / legacy investments,Unknown from approved source,Unknown from approved source,Unknown from approved source,Unknown from approved source; requires enrichment,Unknown from approved source; requires enrichment,Unknown from approved source; requires enrichment,Listed on Kay-approved source page (Operating companies / legacy investments; item type: operating company).,Preserve for pattern recognition; fit not yet assessed.,"Enrich website, industry, niche, customer type, revenue model, recurrence, criticality, fragmentation, and acquisition context from approved primary sources.",Medium,source_complete_unfiltered
Aspect Investors,https://www.aspectinvestors.com/operating-companies/,Beryllium,https://www.berylliuminfosec.com,Cybersecurity / compliance,Cybersecurity compliance services,Security/compliance services,Businesses,Unknown,Compliance/security services may recur; verify,Cybersecurity compliance is mission-critical,Cyber compliance providers fragmented,Aspect page describes cybersecurity compliance services,Cross-source cybersecurity compliance signal,Research managed vs project revenue customer retention and regulatory drivers,High,seed
Aspect Investors,https://www.aspectinvestors.com/operating-companies/,Big Box,,Unknown from approved source,Operating companies / legacy investments,Unknown from approved source,Unknown from approved source,Unknown from approved source,Unknown from approved source; requires enrichment,Unknown from approved source; requires enrichment,Unknown from approved source; requires enrichment,Listed on Kay-approved source page (Operating companies / legacy investments; item type: operating company).,Preserve for pattern recognition; fit not yet assessed.,"Enrich website, industry, niche, customer type, revenue model, recurrence, criticality, fragmentation, and acquisition context from approved primary sources.",Medium,source_complete_unfiltered
Aspect Investors,https://www.aspectinvestors.com/operating-companies/,Bioactive,,Unknown from approved source,Operating companies / legacy investments,Unknown from approved source,Unknown from approved source,Unknown from approved source,Unknown from approved source; requires enrichment,Unknown from approved source; requires enrichment,Unknown from approved source; requires enrichment,Listed on Kay-approved source page (Operating companies / legacy investments; item type: operating company).,Preserve for pattern recognition; fit not yet assessed.,"Enrich website, industry, niche, customer type, revenue model, recurrence, criticality, fragmentation, and acquisition context from approved primary sources.",Medium,source_complete_unfiltered
Aspect Investors,https://www.aspectinvestors.com/operating-companies/,Bio Behavioral Institute,,Unknown from approved source,Operating companies / legacy investments,Unknown from approved source,Unknown from approved source,Unknown from approved source,Unknown from approved source; requires enrichment,Unknown from approved source; requires enrichment,Unknown from approved source; requires enrichment,Listed on Kay-approved source page (Operating companies / legacy investments; item type: operating company).,Preserve for pattern recognition; fit not yet assessed.,"Enrich website, industry, niche, customer type, revenue model, recurrence, criticality, fragmentation, and acquisition context from approved primary sources.",Medium,source_complete_unfiltered
Aspect Investors,https://www.aspectinvestors.com/operating-companies/,Botanical,,Unknown from approved source,Operating companies / legacy investments,Unknown from approved source,Unknown from approved source,Unknown from approved source,Unknown from approved source; requires enrichment,Unknown from approved source; requires enrichment,Unknown from approved source; requires enrichment,Listed on Kay-approved source page (Operating companies / legacy investments; item type: operating company).,Preserve for pattern recognition; fit not yet assessed.,"Enrich website, industry, niche, customer type, revenue model, recurrence, criticality, fragmentation, and acquisition context from approved primary sources.",Medium,source_complete_unfiltered
Aspect Investors,https://www.aspectinvestors.com/operating-companies/,BroadPeak,,Unknown from approved source,Operating companies / legacy investments,Unknown from approved source,Unknown from approved source,Unknown from approved source,Unknown from approved source; requires enrichment,Unknown from approved source; requires enrichment,Unknown from approved source; requires enrichment,Listed on Kay-approved source page (Operating companies / legacy investments; item type: operating company).,Preserve for pattern recognition; fit not yet assessed.,"Enrich website, industry, niche, customer type, revenue model, recurrence, criticality, fragmentation, and acquisition context from approved primary sources.",Medium,source_complete_unfiltered
Aspect Investors,https://www.aspectinvestors.com/operating-companies/,Broughton,,Unknown from approved source,Operating companies / legacy investments,Unknown from approved source,Unknown from approved source,Unknown from approved source,Unknown from approved source; requires enrichment,Unknown from approved source; requires enrichment,Unknown from approved source; requires enrichment,Listed on Kay-approved source page (Operating companies / legacy investments; item type: operating company).,Preserve for pattern recognition; fit not yet assessed.,"Enrich website, industry, niche, customer type, revenue model, recurrence, criticality, fragmentation, and acquisition context from approved primary sources.",Medium,source_complete_unfiltered
Aspect Investors,https://www.aspectinvestors.com/operating-companies/,Captain Vyborny,,Unknown from approved source,Operating companies / legacy investments,Unknown from approved source,Unknown from approved source,Unknown from approved source,Unknown from approved source; requires enrichment,Unknown from approved source; requires enrichment,Unknown from approved source; requires enrichment,Listed on Kay-approved source page (Operating companies / legacy investments; item type: operating company).,Preserve for pattern recognition; fit not yet assessed.,"Enrich website, industry, niche, customer type, revenue model, recurrence, criticality, fragmentation, and acquisition context from approved primary sources.",Medium,source_complete_unfiltered
Aspect Investors,https://www.aspectinvestors.com/operating-companies/,Cardata,,Unknown from approved source,Operating companies / legacy investments,Unknown from approved source,Unknown from approved source,Unknown from approved source,Unknown from approved source; requires enrichment,Unknown from approved source; requires enrichment,Unknown from approved source; requires enrichment,Listed on Kay-approved source page (Operating companies / legacy investments; item type: operating company).,Preserve for pattern recognition; fit not yet assessed.,"Enrich website, industry, niche, customer type, revenue model, recurrence, criticality, fragmentation, and acquisition context from approved primary sources.",Medium,source_complete_unfiltered
Aspect Investors,https://www.aspectinvestors.com/operating-companies/,Cerbo,,Unknown from approved source,Operating companies / legacy investments,Unknown from approved source,Unknown from approved source,Unknown from approved source,Unknown from approved source; requires enrichment,Unknown from approved source; requires enrichment,Unknown from approved source; requires enrichment,Listed on Kay-approved source page (Operating companies / legacy investments; item type: operating company).,Preserve for pattern recognition; fit not yet assessed.,"Enrich website, industry, niche, customer type, revenue model, recurrence, criticality, fragmentation, and acquisition context from approved primary sources.",Medium,source_complete_unfiltered
Aspect Investors,https://www.aspectinvestors.com/operating-companies/,The Change Company,,Unknown from approved source,Operating companies / legacy investments,Unknown from approved source,Unknown from approved source,Unknown from approved source,Unknown from approved source; requires enrichment,Unknown from approved source; requires enrichment,Unknown from approved source; requires enrichment,Listed on Kay-approved source page (Operating companies / legacy investments; item type: operating company).,Preserve for pattern recognition; fit not yet assessed.,"Enrich website, industry, niche, customer type, revenue model, recurrence, criticality, fragmentation, and acquisition context from approved primary sources.",Medium,source_complete_unfiltered
Aspect Investors,https://www.aspectinvestors.com/operating-companies/,Cicero,,Unknown from approved source,Operating companies / legacy investments,Unknown from approved source,Unknown from approved source,Unknown from approved source,Unknown from approved source; requires enrichment,Unknown from approved source; requires enrichment,Unknown from approved source; requires enrichment,Listed on Kay-approved source page (Operating companies / legacy investments; item type: operating company).,Preserve for pattern recognition; fit not yet assessed.,"Enrich website, industry, niche, customer type, revenue model, recurrence, criticality, fragmentation, and acquisition context from approved primary sources.",Medium,source_complete_unfiltered
Aspect Investors,https://www.aspectinvestors.com/operating-companies/,Citta,https://www.cittabrokerage.com,Professional services / customs,Customs brokerage services,Specialized compliance services,Importers/exporters,Unknown,Customs brokerage relationships recur with trade flows,Customs compliance is regulatory-critical,Specialized customs brokers fragmented by geography/trade lane,Aspect page describes customs brokerage services; Trilogy/M2O/Endurance reinforce related customs/logistics pattern,Strong niche compliance services pattern,Research fee model customer concentration and cross-border exposure,High,seed
Aspect Investors,https://www.aspectinvestors.com/operating-companies/,City Wide,,Unknown from approved source,Operating companies / legacy investments,Unknown from approved source,Unknown from approved source,Unknown from approved source,Unknown from approved source; requires enrichment,Unknown from approved source; requires enrichment,Unknown from approved source; requires enrichment,Listed on Kay-approved source page (Operating companies / legacy investments; item type: operating company).,Preserve for pattern recognition; fit not yet assessed.,"Enrich website, industry, niche, customer type, revenue model, recurrence, criticality, fragmentation, and acquisition context from approved primary sources.",Medium,source_complete_unfiltered
Aspect Investors,https://www.aspectinvestors.com/operating-companies/,Da Vinci,,Unknown from approved source,Operating companies / legacy investments,Unknown from approved source,Unknown from approved source,Unknown from approved source,Unknown from approved source; requires enrichment,Unknown from approved source; requires enrichment,Unknown from approved source; requires enrichment,Listed on Kay-approved source page (Operating companies / legacy investments; item type: operating company).,Preserve for pattern recognition; fit not yet assessed.,"Enrich website, industry, niche, customer type, revenue model, recurrence, criticality, fragmentation, and acquisition context from approved primary sources.",Medium,source_complete_unfiltered
Aspect Investors,https://www.aspectinvestors.com/operating-companies/,Destroy Drive,,Unknown from approved source,Operating companies / legacy investments,Unknown from approved source,Unknown from approved source,Unknown from approved source,Unknown from approved source; requires enrichment,Unknown from approved source; requires enrichment,Unknown from approved source; requires enrichment,Listed on Kay-approved source page (Operating companies / legacy investments; item type: operating company).,Preserve for pattern recognition; fit not yet assessed.,"Enrich website, industry, niche, customer type, revenue model, recurrence, criticality, fragmentation, and acquisition context from approved primary sources.",Medium,source_complete_unfiltered
Aspect Investors,https://www.aspectinvestors.com/operating-companies/,dot CMS,,Unknown from approved source,Operating companies / legacy investments,Unknown from approved source,Unknown from approved source,Unknown from approved source,Unknown from approved source; requires enrichment,Unknown from approved source; requires enrichment,Unknown from approved source; requires enrichment,Listed on Kay-approved source page (Operating companies / legacy investments; item type: operating company).,Preserve for pattern recognition; fit not yet assessed.,"Enrich website, industry, niche, customer type, revenue model, recurrence, criticality, fragmentation, and acquisition context from approved primary sources.",Medium,source_complete_unfiltered
Aspect Investors,https://www.aspectinvestors.com/operating-companies/,Earth Development,,Unknown from approved source,Operating companies / legacy investments,Unknown from approved source,Unknown from approved source,Unknown from approved source,Unknown from approved source; requires enrichment,Unknown from approved source; requires enrichment,Unknown from approved source; requires enrichment,Listed on Kay-approved source page (Operating companies / legacy investments; item type: operating company).,Preserve for pattern recognition; fit not yet assessed.,"Enrich website, industry, niche, customer type, revenue model, recurrence, criticality, fragmentation, and acquisition context from approved primary sources.",Medium,source_complete_unfiltered
Aspect Investors,https://www.aspectinvestors.com/operating-companies/,ECS,,Unknown from approved source,Operating companies / legacy investments,Unknown from approved source,Unknown from approved source,Unknown from approved source,Unknown from approved source; requires enrichment,Unknown from approved source; requires enrichment,Unknown from approved source; requires enrichment,Listed on Kay-approved source page (Operating companies / legacy investments; item type: operating company).,Preserve for pattern recognition; fit not yet assessed.,"Enrich website, industry, niche, customer type, revenue model, recurrence, criticality, fragmentation, and acquisition context from approved primary sources.",Medium,source_complete_unfiltered
Aspect Investors,https://www.aspectinvestors.com/operating-companies/,Explora BioLabs,,Unknown from approved source,Operating companies / legacy investments,Unknown from approved source,Unknown from approved source,Unknown from approved source,Unknown from approved source; requires enrichment,Unknown from approved source; requires enrichment,Unknown from approved source; requires enrichment,Listed on Kay-approved source page (Operating companies / legacy investments; item type: operating company).,Preserve for pattern recognition; fit not yet assessed.,"Enrich website, industry, niche, customer type, revenue model, recurrence, criticality, fragmentation, and acquisition context from approved primary sources.",Medium,source_complete_unfiltered
Aspect Investors,https://www.aspectinvestors.com/operating-companies/,FIMC,,Unknown from approved source,Operating companies / legacy investments,Unknown from approved source,Unknown from approved source,Unknown from approved source,Unknown from approved source; requires enrichment,Unknown from approved source; requires enrichment,Unknown from approved source; requires enrichment,Listed on Kay-approved source page (Operating companies / legacy investments; item type: operating company).,Preserve for pattern recognition; fit not yet assessed.,"Enrich website, industry, niche, customer type, revenue model, recurrence, criticality, fragmentation, and acquisition context from approved primary sources.",Medium,source_complete_unfiltered
Aspect Investors,https://www.aspectinvestors.com/operating-companies/,GFour Marketing,,Unknown from approved source,Operating companies / legacy investments,Unknown from approved source,Unknown from approved source,Unknown from approved source,Unknown from approved source; requires enrichment,Unknown from approved source; requires enrichment,Unknown from approved source; requires enrichment,Listed on Kay-approved source page (Operating companies / legacy investments; item type: operating company).,Preserve for pattern recognition; fit not yet assessed.,"Enrich website, industry, niche, customer type, revenue model, recurrence, criticality, fragmentation, and acquisition context from approved primary sources.",Medium,source_complete_unfiltered
Aspect Investors,https://www.aspectinvestors.com/operating-companies/,Hadrian,,Unknown from approved source,Operating companies / legacy investments,Unknown from approved source,Unknown from approved source,Unknown from approved source,Unknown from approved source; requires enrichment,Unknown from approved source; requires enrichment,Unknown from approved source; requires enrichment,Listed on Kay-approved source page (Operating companies / legacy investments; item type: operating company).,Preserve for pattern recognition; fit not yet assessed.,"Enrich website, industry, niche, customer type, revenue model, recurrence, criticality, fragmentation, and acquisition context from approved primary sources.",Medium,source_complete_unfiltered
Aspect Investors,https://www.aspectinvestors.com/operating-companies/,Hathorn,,Unknown from approved source,Operating companies / legacy investments,Unknown from approved source,Unknown from approved source,Unknown from approved source,Unknown from approved source; requires enrichment,Unknown from approved source; requires enrichment,Unknown from approved source; requires enrichment,Listed on Kay-approved source page (Operating companies / legacy investments; item type: operating company).,Preserve for pattern recognition; fit not yet assessed.,"Enrich website, industry, niche, customer type, revenue model, recurrence, criticality, fragmentation, and acquisition context from approved primary sources.",Medium,source_complete_unfiltered
Aspect Investors,https://www.aspectinvestors.com/operating-companies/,Healthmark,,Unknown from approved source,Operating companies / legacy investments,Unknown from approved source,Unknown from approved source,Unknown from approved source,Unknown from approved source; requires enrichment,Unknown from approved source; requires enrichment,Unknown from approved source; requires enrichment,Listed on Kay-approved source page (Operating companies / legacy investments; item type: operating company).,Preserve for pattern recognition; fit not yet assessed.,"Enrich website, industry, niche, customer type, revenue model, recurrence, criticality, fragmentation, and acquisition context from approved primary sources.",Medium,source_complete_unfiltered
Aspect Investors,https://www.aspectinvestors.com/operating-companies/,Icon,,Unknown from approved source,Operating companies / legacy investments,Unknown from approved source,Unknown from approved source,Unknown from approved source,Unknown from approved source; requires enrichment,Unknown from approved source; requires enrichment,Unknown from approved source; requires enrichment,Listed on Kay-approved source page (Operating companies / legacy investments; item type: operating company).,Preserve for pattern recognition; fit not yet assessed.,"Enrich website, industry, niche, customer type, revenue model, recurrence, criticality, fragmentation, and acquisition context from approved primary sources.",Medium,source_complete_unfiltered
Aspect Investors,https://www.aspectinvestors.com/operating-companies/,Inspire Horizons,,Unknown from approved source,Operating companies / legacy investments,Unknown from approved source,Unknown from approved source,Unknown from approved source,Unknown from approved source; requires enrichment,Unknown from approved source; requires enrichment,Unknown from approved source; requires enrichment,Listed on Kay-approved source page (Operating companies / legacy investments; item type: operating company).,Preserve for pattern recognition; fit not yet assessed.,"Enrich website, industry, niche, customer type, revenue model, recurrence, criticality, fragmentation, and acquisition context from approved primary sources.",Medium,source_complete_unfiltered
Aspect Investors,https://www.aspectinvestors.com/operating-companies/,Intellatriage,,Unknown from approved source,Operating companies / legacy investments,Unknown from approved source,Unknown from approved source,Unknown from approved source,Unknown from approved source; requires enrichment,Unknown from approved source; requires enrichment,Unknown from approved source; requires enrichment,Listed on Kay-approved source page (Operating companies / legacy investments; item type: operating company).,Preserve for pattern recognition; fit not yet assessed.,"Enrich website, industry, niche, customer type, revenue model, recurrence, criticality, fragmentation, and acquisition context from approved primary sources.",Medium,source_complete_unfiltered
Aspect Investors,https://www.aspectinvestors.com/operating-companies/,ISPN,https://www.ispn.net,IT services / telecom support,Help desk and technical support for rural ISPs,Outsourced support services,Rural ISPs,United States,Support contracts likely recurring,ISP help desk and technical support are operationally critical,Rural ISP support vendors likely fragmented,Aspect page describes help desk and technical support services for rural ISPs across the US,Excellent niche outsourced technical support pattern,Research contract length customer concentration rural broadband tailwinds and labor model,High,seed
Aspect Investors,https://www.aspectinvestors.com/operating-companies/,Kivuto,,Unknown from approved source,Operating companies / legacy investments,Unknown from approved source,Unknown from approved source,Unknown from approved source,Unknown from approved source; requires enrichment,Unknown from approved source; requires enrichment,Unknown from approved source; requires enrichment,Listed on Kay-approved source page (Operating companies / legacy investments; item type: operating company).,Preserve for pattern recognition; fit not yet assessed.,"Enrich website, industry, niche, customer type, revenue model, recurrence, criticality, fragmentation, and acquisition context from approved primary sources.",Medium,source_complete_unfiltered
Aspect Investors,https://www.aspectinvestors.com/operating-companies/,Line Drive,,Unknown from approved source,Operating companies / legacy investments,Unknown from approved source,Unknown from approved source,Unknown from approved source,Unknown from approved source; requires enrichment,Unknown from approved source; requires enrichment,Unknown from approved source; requires enrichment,Listed on Kay-approved source page (Operating companies / legacy investments; item type: operating company).,Preserve for pattern recognition; fit not yet assessed.,"Enrich website, industry, niche, customer type, revenue model, recurrence, criticality, fragmentation, and acquisition context from approved primary sources.",Medium,source_complete_unfiltered
Aspect Investors,https://www.aspectinvestors.com/operating-companies/,Luggage Forward,,Unknown from approved source,Operating companies / legacy investments,Unknown from approved source,Unknown from approved source,Unknown from approved source,Unknown from approved source; requires enrichment,Unknown from approved source; requires enrichment,Unknown from approved source; requires enrichment,Listed on Kay-approved source page (Operating companies / legacy investments; item type: operating company).,Preserve for pattern recognition; fit not yet assessed.,"Enrich website, industry, niche, customer type, revenue model, recurrence, criticality, fragmentation, and acquisition context from approved primary sources.",Medium,source_complete_unfiltered
Aspect Investors,https://www.aspectinvestors.com/operating-companies/,Management One,,Unknown from approved source,Operating companies / legacy investments,Unknown from approved source,Unknown from approved source,Unknown from approved source,Unknown from approved source; requires enrichment,Unknown from approved source; requires enrichment,Unknown from approved source; requires enrichment,Listed on Kay-approved source page (Operating companies / legacy investments; item type: operating company).,Preserve for pattern recognition; fit not yet assessed.,"Enrich website, industry, niche, customer type, revenue model, recurrence, criticality, fragmentation, and acquisition context from approved primary sources.",Medium,source_complete_unfiltered
Aspect Investors,https://www.aspectinvestors.com/operating-companies/,Market Equipment,,Unknown from approved source,Operating companies / legacy investments,Unknown from approved source,Unknown from approved source,Unknown from approved source,Unknown from approved source; requires enrichment,Unknown from approved source; requires enrichment,Unknown from approved source; requires enrichment,Listed on Kay-approved source page (Operating companies / legacy investments; item type: operating company).,Preserve for pattern recognition; fit not yet assessed.,"Enrich website, industry, niche, customer type, revenue model, recurrence, criticality, fragmentation, and acquisition context from approved primary sources.",Medium,source_complete_unfiltered
Aspect Investors,https://www.aspectinvestors.com/operating-companies/,Metro Vein Centers,,Unknown from approved source,Operating companies / legacy investments,Unknown from approved source,Unknown from approved source,Unknown from approved source,Unknown from approved source; requires enrichment,Unknown from approved source; requires enrichment,Unknown from approved source; requires enrichment,Listed on Kay-approved source page (Operating companies / legacy investments; item type: operating company).,Preserve for pattern recognition; fit not yet assessed.,"Enrich website, industry, niche, customer type, revenue model, recurrence, criticality, fragmentation, and acquisition context from approved primary sources.",Medium,source_complete_unfiltered
Aspect Investors,https://www.aspectinvestors.com/operating-companies/,Mudshare,,Unknown from approved source,Operating companies / legacy investments,Unknown from approved source,Unknown from approved source,Unknown from approved source,Unknown from approved source; requires enrichment,Unknown from approved source; requires enrichment,Unknown from approved source; requires enrichment,Listed on Kay-approved source page (Operating companies / legacy investments; item type: operating company).,Preserve for pattern recognition; fit not yet assessed.,"Enrich website, industry, niche, customer type, revenue model, recurrence, criticality, fragmentation, and acquisition context from approved primary sources.",Medium,source_complete_unfiltered
Aspect Investors,https://www.aspectinvestors.com/operating-companies/,NCFDD,,Unknown from approved source,Operating companies / legacy investments,Unknown from approved source,Unknown from approved source,Unknown from approved source,Unknown from approved source; requires enrichment,Unknown from approved source; requires enrichment,Unknown from approved source; requires enrichment,Listed on Kay-approved source page (Operating companies / legacy investments; item type: operating company).,Preserve for pattern recognition; fit not yet assessed.,"Enrich website, industry, niche, customer type, revenue model, recurrence, criticality, fragmentation, and acquisition context from approved primary sources.",Medium,source_complete_unfiltered
Aspect Investors,https://www.aspectinvestors.com/operating-companies/,New Leaf Publishing,,Unknown from approved source,Operating companies / legacy investments,Unknown from approved source,Unknown from approved source,Unknown from approved source,Unknown from approved source; requires enrichment,Unknown from approved source; requires enrichment,Unknown from approved source; requires enrichment,Listed on Kay-approved source page (Operating companies / legacy investments; item type: operating company).,Preserve for pattern recognition; fit not yet assessed.,"Enrich website, industry, niche, customer type, revenue model, recurrence, criticality, fragmentation, and acquisition context from approved primary sources.",Medium,source_complete_unfiltered
Aspect Investors,https://www.aspectinvestors.com/operating-companies/,OMG,,Unknown from approved source,Operating companies / legacy investments,Unknown from approved source,Unknown from approved source,Unknown from approved source,Unknown from approved source; requires enrichment,Unknown from approved source; requires enrichment,Unknown from approved source; requires enrichment,Listed on Kay-approved source page (Operating companies / legacy investments; item type: operating company).,Preserve for pattern recognition; fit not yet assessed.,"Enrich website, industry, niche, customer type, revenue model, recurrence, criticality, fragmentation, and acquisition context from approved primary sources.",Medium,source_complete_unfiltered
Aspect Investors,https://www.aspectinvestors.com/operating-companies/,OneShield,,Unknown from approved source,Operating companies / legacy investments,Unknown from approved source,Unknown from approved source,Unknown from approved source,Unknown from approved source; requires enrichment,Unknown from approved source; requires enrichment,Unknown from approved source; requires enrichment,Listed on Kay-approved source page (Operating companies / legacy investments; item type: operating company).,Preserve for pattern recognition; fit not yet assessed.,"Enrich website, industry, niche, customer type, revenue model, recurrence, criticality, fragmentation, and acquisition context from approved primary sources.",Medium,source_complete_unfiltered
Aspect Investors,https://www.aspectinvestors.com/operating-companies/,Orion Cordage,https://orioncordage.com,Manufacturing / industrial distribution,Industrial rope manufacturing and distribution,Manufacturer/distributor,Industrial customers,Unknown,Repeat industrial purchasing likely; verify,Industrial rope can be safety/operations critical in end markets,Specialty cordage manufacturers fragmented,Aspect page describes domestic manufacturer and distributor of premium industrial rope,Strong boring industrial products pattern; compare with Orion row from Saltoun/Maven,Research end markets certifications customer concentration and cyclicality,High,seed
Aspect Investors,https://www.aspectinvestors.com/operating-companies/,Otonom,,Unknown from approved source,Operating companies / legacy investments,Unknown from approved source,Unknown from approved source,Unknown from approved source,Unknown from approved source; requires enrichment,Unknown from approved source; requires enrichment,Unknown from approved source; requires enrichment,Listed on Kay-approved source page (Operating companies / legacy investments; item type: operating company).,Preserve for pattern recognition; fit not yet assessed.,"Enrich website, industry, niche, customer type, revenue model, recurrence, criticality, fragmentation, and acquisition context from approved primary sources.",Medium,source_complete_unfiltered
Aspect Investors,https://www.aspectinvestors.com/operating-companies/,PalCare,,Unknown from approved source,Operating companies / legacy investments,Unknown from approved source,Unknown from approved source,Unknown from approved source,Unknown from approved source; requires enrichment,Unknown from approved source; requires enrichment,Unknown from approved source; requires enrichment,Listed on Kay-approved source page (Operating companies / legacy investments; item type: operating company).,Preserve for pattern recognition; fit not yet assessed.,"Enrich website, industry, niche, customer type, revenue model, recurrence, criticality, fragmentation, and acquisition context from approved primary sources.",Medium,source_complete_unfiltered
Aspect Investors,https://www.aspectinvestors.com/operating-companies/,Paragon,,Unknown from approved source,Operating companies / legacy investments,Unknown from approved source,Unknown from approved source,Unknown from approved source,Unknown from approved source; requires enrichment,Unknown from approved source; requires enrichment,Unknown from approved source; requires enrichment,Listed on Kay-approved source page (Operating companies / legacy investments; item type: operating company).,Preserve for pattern recognition; fit not yet assessed.,"Enrich website, industry, niche, customer type, revenue model, recurrence, criticality, fragmentation, and acquisition context from approved primary sources.",Medium,source_complete_unfiltered
Aspect Investors,https://www.aspectinvestors.com/operating-companies/,Peerless,,Unknown from approved source,Operating companies / legacy investments,Unknown from approved source,Unknown from approved source,Unknown from approved source,Unknown from approved source; requires enrichment,Unknown from approved source; requires enrichment,Unknown from approved source; requires enrichment,Listed on Kay-approved source page (Operating companies / legacy investments; item type: operating company).,Preserve for pattern recognition; fit not yet assessed.,"Enrich website, industry, niche, customer type, revenue model, recurrence, criticality, fragmentation, and acquisition context from approved primary sources.",Medium,source_complete_unfiltered
Aspect Investors,https://www.aspectinvestors.com/operating-companies/,Precision Eye,,Unknown from approved source,Operating companies / legacy investments,Unknown from approved source,Unknown from approved source,Unknown from approved source,Unknown from approved source; requires enrichment,Unknown from approved source; requires enrichment,Unknown from approved source; requires enrichment,Listed on Kay-approved source page (Operating companies / legacy investments; item type: operating company).,Preserve for pattern recognition; fit not yet assessed.,"Enrich website, industry, niche, customer type, revenue model, recurrence, criticality, fragmentation, and acquisition context from approved primary sources.",Medium,source_complete_unfiltered
Aspect Investors,https://www.aspectinvestors.com/operating-companies/,PrecisionMed,,Unknown from approved source,Operating companies / legacy investments,Unknown from approved source,Unknown from approved source,Unknown from approved source,Unknown from approved source; requires enrichment,Unknown from approved source; requires enrichment,Unknown from approved source; requires enrichment,Listed on Kay-approved source page (Operating companies / legacy investments; item type: operating company).,Preserve for pattern recognition; fit not yet assessed.,"Enrich website, industry, niche, customer type, revenue model, recurrence, criticality, fragmentation, and acquisition context from approved primary sources.",Medium,source_complete_unfiltered
Aspect Investors,https://www.aspectinvestors.com/operating-companies/,QCSS,,Unknown from approved source,Operating companies / legacy investments,Unknown from approved source,Unknown from approved source,Unknown from approved source,Unknown from approved source; requires enrichment,Unknown from approved source; requires enrichment,Unknown from approved source; requires enrichment,Listed on Kay-approved source page (Operating companies / legacy investments; item type: operating company).,Preserve for pattern recognition; fit not yet assessed.,"Enrich website, industry, niche, customer type, revenue model, recurrence, criticality, fragmentation, and acquisition context from approved primary sources.",Medium,source_complete_unfiltered
Aspect Investors,https://www.aspectinvestors.com/operating-companies/,RDI,,Unknown from approved source,Operating companies / legacy investments,Unknown from approved source,Unknown from approved source,Unknown from approved source,Unknown from approved source; requires enrichment,Unknown from approved source; requires enrichment,Unknown from approved source; requires enrichment,Listed on Kay-approved source page (Operating companies / legacy investments; item type: operating company).,Preserve for pattern recognition; fit not yet assessed.,"Enrich website, industry, niche, customer type, revenue model, recurrence, criticality, fragmentation, and acquisition context from approved primary sources.",Medium,source_complete_unfiltered
Aspect Investors,https://www.aspectinvestors.com/operating-companies/,Redline,,Unknown from approved source,Operating companies / legacy investments,Unknown from approved source,Unknown from approved source,Unknown from approved source,Unknown from approved source; requires enrichment,Unknown from approved source; requires enrichment,Unknown from approved source; requires enrichment,Listed on Kay-approved source page (Operating companies / legacy investments; item type: operating company).,Preserve for pattern recognition; fit not yet assessed.,"Enrich website, industry, niche, customer type, revenue model, recurrence, criticality, fragmentation, and acquisition context from approved primary sources.",Medium,source_complete_unfiltered
Aspect Investors,https://www.aspectinvestors.com/operating-companies/,StatPADS,,Unknown from approved source,Operating companies / legacy investments,Unknown from approved source,Unknown from approved source,Unknown from approved source,Unknown from approved source; requires enrichment,Unknown from approved source; requires enrichment,Unknown from approved source; requires enrichment,Listed on Kay-approved source page (Operating companies / legacy investments; item type: operating company).,Preserve for pattern recognition; fit not yet assessed.,"Enrich website, industry, niche, customer type, revenue model, recurrence, criticality, fragmentation, and acquisition context from approved primary sources.",Medium,source_complete_unfiltered
Aspect Investors,https://www.aspectinvestors.com/operating-companies/,SafeLogic,,Unknown from approved source,Operating companies / legacy investments,Unknown from approved source,Unknown from approved source,Unknown from approved source,Unknown from approved source; requires enrichment,Unknown from approved source; requires enrichment,Unknown from approved source; requires enrichment,Listed on Kay-approved source page (Operating companies / legacy investments; item type: operating company).,Preserve for pattern recognition; fit not yet assessed.,"Enrich website, industry, niche, customer type, revenue model, recurrence, criticality, fragmentation, and acquisition context from approved primary sources.",Medium,source_complete_unfiltered
Aspect Investors,https://www.aspectinvestors.com/operating-companies/,The Skin Center,,Unknown from approved source,Operating companies / legacy investments,Unknown from approved source,Unknown from approved source,Unknown from approved source,Unknown from approved source; requires enrichment,Unknown from approved source; requires enrichment,Unknown from approved source; requires enrichment,Listed on Kay-approved source page (Operating companies / legacy investments; item type: operating company).,Preserve for pattern recognition; fit not yet assessed.,"Enrich website, industry, niche, customer type, revenue model, recurrence, criticality, fragmentation, and acquisition context from approved primary sources.",Medium,source_complete_unfiltered
Aspect Investors,https://www.aspectinvestors.com/operating-companies/,Spanish Schoolhouse,,Unknown from approved source,Operating companies / legacy investments,Unknown from approved source,Unknown from approved source,Unknown from approved source,Unknown from approved source; requires enrichment,Unknown from approved source; requires enrichment,Unknown from approved source; requires enrichment,Listed on Kay-approved source page (Operating companies / legacy investments; item type: operating company).,Preserve for pattern recognition; fit not yet assessed.,"Enrich website, industry, niche, customer type, revenue model, recurrence, criticality, fragmentation, and acquisition context from approved primary sources.",Medium,source_complete_unfiltered
Aspect Investors,https://www.aspectinvestors.com/operating-companies/,Spivey Services,,Unknown from approved source,Operating companies / legacy investments,Unknown from approved source,Unknown from approved source,Unknown from approved source,Unknown from approved source; requires enrichment,Unknown from approved source; requires enrichment,Unknown from approved source; requires enrichment,Listed on Kay-approved source page (Operating companies / legacy investments; item type: operating company).,Preserve for pattern recognition; fit not yet assessed.,"Enrich website, industry, niche, customer type, revenue model, recurrence, criticality, fragmentation, and acquisition context from approved primary sources.",Medium,source_complete_unfiltered
Aspect Investors,https://www.aspectinvestors.com/operating-companies/,Sterling Labs,,Unknown from approved source,Operating companies / legacy investments,Unknown from approved source,Unknown from approved source,Unknown from approved source,Unknown from approved source; requires enrichment,Unknown from approved source; requires enrichment,Unknown from approved source; requires enrichment,Listed on Kay-approved source page (Operating companies / legacy investments; item type: operating company).,Preserve for pattern recognition; fit not yet assessed.,"Enrich website, industry, niche, customer type, revenue model, recurrence, criticality, fragmentation, and acquisition context from approved primary sources.",Medium,source_complete_unfiltered
Aspect Investors,https://www.aspectinvestors.com/operating-companies/,Sunscape,,Unknown from approved source,Operating companies / legacy investments,Unknown from approved source,Unknown from approved source,Unknown from approved source,Unknown from approved source; requires enrichment,Unknown from approved source; requires enrichment,Unknown from approved source; requires enrichment,Listed on Kay-approved source page (Operating companies / legacy investments; item type: operating company).,Preserve for pattern recognition; fit not yet assessed.,"Enrich website, industry, niche, customer type, revenue model, recurrence, criticality, fragmentation, and acquisition context from approved primary sources.",Medium,source_complete_unfiltered
Aspect Investors,https://www.aspectinvestors.com/operating-companies/,Tactiq,,Unknown from approved source,Operating companies / legacy investments,Unknown from approved source,Unknown from approved source,Unknown from approved source,Unknown from approved source; requires enrichment,Unknown from approved source; requires enrichment,Unknown from approved source; requires enrichment,Listed on Kay-approved source page (Operating companies / legacy investments; item type: operating company).,Preserve for pattern recognition; fit not yet assessed.,"Enrich website, industry, niche, customer type, revenue model, recurrence, criticality, fragmentation, and acquisition context from approved primary sources.",Medium,source_complete_unfiltered
Aspect Investors,https://www.aspectinvestors.com/operating-companies/,TransTech,,Unknown from approved source,Operating companies / legacy investments,Unknown from approved source,Unknown from approved source,Unknown from approved source,Unknown from approved source; requires enrichment,Unknown from approved source; requires enrichment,Unknown from approved source; requires enrichment,Listed on Kay-approved source page (Operating companies / legacy investments; item type: operating company).,Preserve for pattern recognition; fit not yet assessed.,"Enrich website, industry, niche, customer type, revenue model, recurrence, criticality, fragmentation, and acquisition context from approved primary sources.",Medium,source_complete_unfiltered
Aspect Investors,https://www.aspectinvestors.com/operating-companies/,Travelmax,,Unknown from approved source,Operating companies / legacy investments,Unknown from approved source,Unknown from approved source,Unknown from approved source,Unknown from approved source; requires enrichment,Unknown from approved source; requires enrichment,Unknown from approved source; requires enrichment,Listed on Kay-approved source page (Operating companies / legacy investments; item type: operating company).,Preserve for pattern recognition; fit not yet assessed.,"Enrich website, industry, niche, customer type, revenue model, recurrence, criticality, fragmentation, and acquisition context from approved primary sources.",Medium,source_complete_unfiltered
Aspect Investors,https://www.aspectinvestors.com/operating-companies/,Upshop,,Unknown from approved source,Operating companies / legacy investments,Unknown from approved source,Unknown from approved source,Unknown from approved source,Unknown from approved source; requires enrichment,Unknown from approved source; requires enrichment,Unknown from approved source; requires enrichment,Listed on Kay-approved source page (Operating companies / legacy investments; item type: operating company).,Preserve for pattern recognition; fit not yet assessed.,"Enrich website, industry, niche, customer type, revenue model, recurrence, criticality, fragmentation, and acquisition context from approved primary sources.",Medium,source_complete_unfiltered
Aspect Investors,https://www.aspectinvestors.com/operating-companies/,Utility Cloud,,Unknown from approved source,Operating companies / legacy investments,Unknown from approved source,Unknown from approved source,Unknown from approved source,Unknown from approved source; requires enrichment,Unknown from approved source; requires enrichment,Unknown from approved source; requires enrichment,Listed on Kay-approved source page (Operating companies / legacy investments; item type: operating company).,Preserve for pattern recognition; fit not yet assessed.,"Enrich website, industry, niche, customer type, revenue model, recurrence, criticality, fragmentation, and acquisition context from approved primary sources.",Medium,source_complete_unfiltered
Aspect Investors,https://www.aspectinvestors.com/operating-companies/,Vitana,,Unknown from approved source,Operating companies / legacy investments,Unknown from approved source,Unknown from approved source,Unknown from approved source,Unknown from approved source; requires enrichment,Unknown from approved source; requires enrichment,Unknown from approved source; requires enrichment,Listed on Kay-approved source page (Operating companies / legacy investments; item type: operating company).,Preserve for pattern recognition; fit not yet assessed.,"Enrich website, industry, niche, customer type, revenue model, recurrence, criticality, fragmentation, and acquisition context from approved primary sources.",Medium,source_complete_unfiltered
Aspect Investors,https://www.aspectinvestors.com/operating-companies/,Voxco,,Unknown from approved source,Operating companies / legacy investments,Unknown from approved source,Unknown from approved source,Unknown from approved source,Unknown from approved source; requires enrichment,Unknown from approved source; requires enrichment,Unknown from approved source; requires enrichment,Listed on Kay-approved source page (Operating companies / legacy investments; item type: operating company).,Preserve for pattern recognition; fit not yet assessed.,"Enrich website, industry, niche, customer type, revenue model, recurrence, criticality, fragmentation, and acquisition context from approved primary sources.",Medium,source_complete_unfiltered
Aspect Investors,https://www.aspectinvestors.com/operating-companies/,Answer 1,,Unknown from approved source,Operating companies / legacy investments,Unknown from approved source,Unknown from approved source,Unknown from approved source,Unknown from approved source; requires enrichment,Unknown from approved source; requires enrichment,Unknown from approved source; requires enrichment,Listed on Kay-approved source page (Operating companies / legacy investments; item type: operating company).,Preserve for pattern recognition; fit not yet assessed.,"Enrich website, industry, niche, customer type, revenue model, recurrence, criticality, fragmentation, and acquisition context from approved primary sources.",Medium,source_complete_unfiltered
Aspect Investors,https://www.aspectinvestors.com/operating-companies/,Blue Sky Network,,Unknown from approved source,Operating companies / legacy investments,Unknown from approved source,Unknown from approved source,Unknown from approved source,Unknown from approved source; requires enrichment,Unknown from approved source; requires enrichment,Unknown from approved source; requires enrichment,Listed on Kay-approved source page (Operating companies / legacy investments; item type: operating company).,Preserve for pattern recognition; fit not yet assessed.,"Enrich website, industry, niche, customer type, revenue model, recurrence, criticality, fragmentation, and acquisition context from approved primary sources.",Medium,source_complete_unfiltered
Aspect Investors,https://www.aspectinvestors.com/operating-companies/,Caravel,,Unknown from approved source,Operating companies / legacy investments,Unknown from approved source,Unknown from approved source,Unknown from approved source,Unknown from approved source; requires enrichment,Unknown from approved source; requires enrichment,Unknown from approved source; requires enrichment,Listed on Kay-approved source page (Operating companies / legacy investments; item type: operating company).,Preserve for pattern recognition; fit not yet assessed.,"Enrich website, industry, niche, customer type, revenue model, recurrence, criticality, fragmentation, and acquisition context from approved primary sources.",Medium,source_complete_unfiltered
Aspect Investors,https://www.aspectinvestors.com/operating-companies/,Elevated Billing,,Unknown from approved source,Operating companies / legacy investments,Unknown from approved source,Unknown from approved source,Unknown from approved source,Unknown from approved source; requires enrichment,Unknown from approved source; requires enrichment,Unknown from approved source; requires enrichment,Listed on Kay-approved source page (Operating companies / legacy investments; item type: operating company).,Preserve for pattern recognition; fit not yet assessed.,"Enrich website, industry, niche, customer type, revenue model, recurrence, criticality, fragmentation, and acquisition context from approved primary sources.",Medium,source_complete_unfiltered
Aspect Investors,https://www.aspectinvestors.com/operating-companies/,FMT,,Unknown from approved source,Operating companies / legacy investments,Unknown from approved source,Unknown from approved source,Unknown from approved source,Unknown from approved source; requires enrichment,Unknown from approved source; requires enrichment,Unknown from approved source; requires enrichment,Listed on Kay-approved source page (Operating companies / legacy investments; item type: operating company).,Preserve for pattern recognition; fit not yet assessed.,"Enrich website, industry, niche, customer type, revenue model, recurrence, criticality, fragmentation, and acquisition context from approved primary sources.",Medium,source_complete_unfiltered
Aspect Investors,https://www.aspectinvestors.com/operating-companies/,MST,,Unknown from approved source,Operating companies / legacy investments,Unknown from approved source,Unknown from approved source,Unknown from approved source,Unknown from approved source; requires enrichment,Unknown from approved source; requires enrichment,Unknown from approved source; requires enrichment,Listed on Kay-approved source page (Operating companies / legacy investments; item type: operating company).,Preserve for pattern recognition; fit not yet assessed.,"Enrich website, industry, niche, customer type, revenue model, recurrence, criticality, fragmentation, and acquisition context from approved primary sources.",Medium,source_complete_unfiltered
Aspect Investors,https://www.aspectinvestors.com/operating-companies/,NeuroInternational,,Unknown from approved source,Operating companies / legacy investments,Unknown from approved source,Unknown from approved source,Unknown from approved source,Unknown from approved source; requires enrichment,Unknown from approved source; requires enrichment,Unknown from approved source; requires enrichment,Listed on Kay-approved source page (Operating companies / legacy investments; item type: operating company).,Preserve for pattern recognition; fit not yet assessed.,"Enrich website, industry, niche, customer type, revenue model, recurrence, criticality, fragmentation, and acquisition context from approved primary sources.",Medium,source_complete_unfiltered
Aspect Investors,https://www.aspectinvestors.com/operating-companies/,The Pet Loss Center,,Unknown from approved source,Operating companies / legacy investments,Unknown from approved source,Unknown from approved source,Unknown from approved source,Unknown from approved source; requires enrichment,Unknown from approved source; requires enrichment,Unknown from approved source; requires enrichment,Listed on Kay-approved source page (Operating companies / legacy investments; item type: operating company).,Preserve for pattern recognition; fit not yet assessed.,"Enrich website, industry, niche, customer type, revenue model, recurrence, criticality, fragmentation, and acquisition context from approved primary sources.",Medium,source_complete_unfiltered
Aspect Investors,https://www.aspectinvestors.com/operating-companies/,Planet DDS,,Unknown from approved source,Operating companies / legacy investments,Unknown from approved source,Unknown from approved source,Unknown from approved source,Unknown from approved source; requires enrichment,Unknown from approved source; requires enrichment,Unknown from approved source; requires enrichment,Listed on Kay-approved source page (Operating companies / legacy investments; item type: operating company).,Preserve for pattern recognition; fit not yet assessed.,"Enrich website, industry, niche, customer type, revenue model, recurrence, criticality, fragmentation, and acquisition context from approved primary sources.",Medium,source_complete_unfiltered
Aspect Investors,https://www.aspectinvestors.com/operating-companies/,Remarkable Health,,Unknown from approved source,Operating companies / legacy investments,Unknown from approved source,Unknown from approved source,Unknown from approved source,Unknown from approved source; requires enrichment,Unknown from approved source; requires enrichment,Unknown from approved source; requires enrichment,Listed on Kay-approved source page (Operating companies / legacy investments; item type: operating company).,Preserve for pattern recognition; fit not yet assessed.,"Enrich website, industry, niche, customer type, revenue model, recurrence, criticality, fragmentation, and acquisition context from approved primary sources.",Medium,source_complete_unfiltered
Aspect Investors,https://www.aspectinvestors.com/operating-companies/,Rod and Tubing Services,,Unknown from approved source,Operating companies / legacy investments,Unknown from approved source,Unknown from approved source,Unknown from approved source,Unknown from approved source; requires enrichment,Unknown from approved source; requires enrichment,Unknown from approved source; requires enrichment,Listed on Kay-approved source page (Operating companies / legacy investments; item type: operating company).,Preserve for pattern recognition; fit not yet assessed.,"Enrich website, industry, niche, customer type, revenue model, recurrence, criticality, fragmentation, and acquisition context from approved primary sources.",Medium,source_complete_unfiltered
Aspect Investors,https://www.aspectinvestors.com/operating-companies/,Tire Disposal Recycling,,Unknown from approved source,Operating companies / legacy investments,Unknown from approved source,Unknown from approved source,Unknown from approved source,Unknown from approved source; requires enrichment,Unknown from approved source; requires enrichment,Unknown from approved source; requires enrichment,Listed on Kay-approved source page (Operating companies / legacy investments; item type: operating company).,Preserve for pattern recognition; fit not yet assessed.,"Enrich website, industry, niche, customer type, revenue model, recurrence, criticality, fragmentation, and acquisition context from approved primary sources.",Medium,source_complete_unfiltered
Aspect Investors,https://www.aspectinvestors.com/operating-companies/,Windley Ely,,Unknown from approved source,Operating companies / legacy investments,Unknown from approved source,Unknown from approved source,Unknown from approved source,Unknown from approved source; requires enrichment,Unknown from approved source; requires enrichment,Unknown from approved source; requires enrichment,Listed on Kay-approved source page (Operating companies / legacy investments; item type: operating company).,Preserve for pattern recognition; fit not yet assessed.,"Enrich website, industry, niche, customer type, revenue model, recurrence, criticality, fragmentation, and acquisition context from approved primary sources.",Medium,source_complete_unfiltered
