source_name,source_url,source_section,source_item_type,company_name,company_website,source_status,source_category,source_industry,source_business_model,raw_description,source_confidence,notes
Pacific Lake Partners,https://www.pacificlake.com/operating-companies,Operating companies,operating company,Banyan,,,,,,,Medium,Extracted from approved page image alt/logo text
Pacific Lake Partners,https://www.pacificlake.com/operating-companies,Operating companies,operating company,Central Storage & Warehouse,,,,,,,Medium,Extracted from approved page image alt/logo text
Pacific Lake Partners,https://www.pacificlake.com/operating-companies,Operating companies,operating company,Datacor,,,,,,,Medium,Extracted from approved page image alt/logo text
Pacific Lake Partners,https://www.pacificlake.com/operating-companies,Operating companies,operating company,Calyx Senior Living,,,,,,,Medium,Extracted from approved page image alt/logo text
Pacific Lake Partners,https://www.pacificlake.com/operating-companies,Operating companies,operating company,Eleven Software,,,,,,,Medium,Extracted from approved page image alt/logo text
Pacific Lake Partners,https://www.pacificlake.com/operating-companies,Operating companies,operating company,Stanley Ruth,,,,,,,Medium,Extracted from approved page image alt/logo text
Pacific Lake Partners,https://www.pacificlake.com/operating-companies,Operating companies,operating company,Skillwell,,,,,,,Medium,Extracted from approved page image alt/logo text
Pacific Lake Partners,https://www.pacificlake.com/operating-companies,Operating companies,operating company,Morningside,,,,,,,Medium,Extracted from approved page image alt/logo text
Pacific Lake Partners,https://www.pacificlake.com/operating-companies,Operating companies,operating company,Kantola,,,,,,,Medium,Extracted from approved page image alt/logo text
Pacific Lake Partners,https://www.pacificlake.com/operating-companies,Operating companies,operating company,NovoPath,,,,,,,Medium,Extracted from approved page image alt/logo text
Pacific Lake Partners,https://www.pacificlake.com/operating-companies,Operating companies,operating company,Message Digital,,,,,,,Medium,Extracted from approved page image alt/logo text
Pacific Lake Partners,https://www.pacificlake.com/operating-companies,Operating companies,operating company,Heartwood Family,,,,,,,Medium,Extracted from approved page image alt/logo text
Pacific Lake Partners,https://www.pacificlake.com/operating-companies,Operating companies,operating company,CoFi,,,,,,,Medium,Extracted from approved page image alt/logo text
Pacific Lake Partners,https://www.pacificlake.com/operating-companies,Operating companies,operating company,Merit Holdings,,,,,,,Medium,Extracted from approved page image alt/logo text
Pacific Lake Partners,https://www.pacificlake.com/operating-companies,Operating companies,operating company,A Personal Choice,,,,,,,Medium,Extracted from approved page image alt/logo text
Pacific Lake Partners,https://www.pacificlake.com/operating-companies,Operating companies,operating company,FluidSecure,,,,,,,Medium,Extracted from approved page image alt/logo text
Pacific Lake Partners,https://www.pacificlake.com/operating-companies,Operating companies,operating company,FreeBalance,,,,,,,Medium,Extracted from approved page image alt/logo text
Pacific Lake Partners,https://www.pacificlake.com/operating-companies,Operating companies,operating company,Sector 7 Energy,,,,,,,Medium,Extracted from approved page image alt/logo text
Pacific Lake Partners,https://www.pacificlake.com/operating-companies,Operating companies,operating company,CyberData Pros,,,,,,,Medium,Extracted from approved page image alt/logo text
Pacific Lake Partners,https://www.pacificlake.com/operating-companies,Operating companies,operating company,O&W Heat Treat,,,,,,,Medium,Extracted from approved page image alt/logo text
Pacific Lake Partners,https://www.pacificlake.com/operating-companies,Operating companies,operating company,ADAS Safe,,,,,,,Medium,Extracted from approved page image alt/logo text
Pacific Lake Partners,https://www.pacificlake.com/operating-companies,Operating companies,operating company,ASI Group,,,,,,,Medium,Extracted from approved page image alt/logo text
Pacific Lake Partners,https://www.pacificlake.com/operating-companies,Operating companies,operating company,Wayleadr,,,,,,,Medium,Extracted from approved page image alt/logo text
Pacific Lake Partners,https://www.pacificlake.com/operating-companies,Operating companies,operating company,Gendler Dermatology,,,,,,,Medium,Extracted from approved page image alt/logo text
Pacific Lake Partners,https://www.pacificlake.com/operating-companies,Operating companies,operating company,WonderPlay Brands,,,,,,,Medium,Extracted from approved page image alt/logo text
BK Growth,https://www.bkgrowth.com/portfolio,Portfolio gallery,operating company,4EverYoung,https://4everyoungantiaging.com/,,,,,,High,approved page HTML gallery title/link
BK Growth,https://www.bkgrowth.com/portfolio,Portfolio gallery,operating company,Advanced Aircrew Academy,https://www.aircrewacademy.com/,,,,,,High,approved page HTML gallery title/link
BK Growth,https://www.bkgrowth.com/portfolio,Portfolio gallery,operating company,Allied Electric,https://alliedelectricinc.com/,,,,,,High,approved page HTML gallery title/link
BK Growth,https://www.bkgrowth.com/portfolio,Portfolio gallery,operating company,Anterra Tech,https://anterratech.com/,,,,,,High,approved page HTML gallery title/link
BK Growth,https://www.bkgrowth.com/portfolio,Portfolio gallery,operating company,Apex Fundraiser,https://apexleadershipco.com/,,,,,,High,approved page HTML gallery title/link
BK Growth,https://www.bkgrowth.com/portfolio,Portfolio gallery,operating company,ArborOne,,,,,,,High,approved page HTML gallery title without link
BK Growth,https://www.bkgrowth.com/portfolio,Portfolio gallery,operating company,Ascend,https://www.ascendsoftware.com/,,,,,,High,approved page HTML gallery title/link
BK Growth,https://www.bkgrowth.com/portfolio,Portfolio gallery,operating company,Atlantic Duct Cleaning,https://www.atlanticductcleaning.com/,,,,,,High,approved page HTML gallery title/link
BK Growth,https://www.bkgrowth.com/portfolio,Portfolio gallery,operating company,Auronix,https://www.auronix.mx/,,,,,,High,approved page HTML gallery title/link
BK Growth,https://www.bkgrowth.com/portfolio,Portfolio gallery,operating company,Avesta,https://www.avestaketaminewellness.com/,,,,,,High,approved page HTML gallery title/link
BK Growth,https://www.bkgrowth.com/portfolio,Portfolio gallery,operating company,Axero,https://axerosolutions.com/,,,,,,High,approved page HTML gallery title/link
BK Growth,https://www.bkgrowth.com/portfolio,Portfolio gallery,operating company,Beartown Holdings,https://www.smtrs.com/,,,,,,High,approved page HTML gallery title/link
BK Growth,https://www.bkgrowth.com/portfolio,Portfolio gallery,operating company,Beecker,https://www.beeckerco.com/,,,,,,High,approved page HTML gallery title/link
BK Growth,https://www.bkgrowth.com/portfolio,Portfolio gallery,operating company,Canyonlands Camps,https://www.canyonlandsfund.com/,,,,,,High,approved page HTML gallery title/link
BK Growth,https://www.bkgrowth.com/portfolio,Portfolio gallery,operating company,Central Storage & Warehouse,https://www.csw-wi.com/,,,,,,High,approved page HTML gallery title/link
BK Growth,https://www.bkgrowth.com/portfolio,Portfolio gallery,operating company,Chesapeake Technology,https://chesapeaketech.com/,,,,,,High,approved page HTML gallery title/link
BK Growth,https://www.bkgrowth.com/portfolio,Portfolio gallery,operating company,Clariti,https://www.claritisoftware.com/,,,,,,High,approved page HTML gallery title/link
BK Growth,https://www.bkgrowth.com/portfolio,Portfolio gallery,operating company,Climate Earth,https://climateearth.com/,,,,,,High,approved page HTML gallery title/link
BK Growth,https://www.bkgrowth.com/portfolio,Portfolio gallery,operating company,Comprehensive Mobile Care,https://www.compmobilecare.com/,,,,,,High,approved page HTML gallery title/link
BK Growth,https://www.bkgrowth.com/portfolio,Portfolio gallery,operating company,Concierge Plus,https://conciergeplus.com/,,,,,,High,approved page HTML gallery title/link
BK Growth,https://www.bkgrowth.com/portfolio,Portfolio gallery,operating company,Crystal Practice Management,https://www.crystalpm.com/,,,,,,High,approved page HTML gallery title/link
BK Growth,https://www.bkgrowth.com/portfolio,Portfolio gallery,operating company,DaVinci,https://wdgcorp.com/,,,,,,High,approved page HTML gallery title/link
BK Growth,https://www.bkgrowth.com/portfolio,Portfolio gallery,operating company,ECP,https://www.ecp123.com/,,,,,,High,approved page HTML gallery title/link
BK Growth,https://www.bkgrowth.com/portfolio,Portfolio gallery,operating company,ELK Analytics,https://elkanalytics.com/,,,,,,High,approved page HTML gallery title/link
BK Growth,https://www.bkgrowth.com/portfolio,Portfolio gallery,operating company,Energy Ogre,https://www.energyogre.com/,,,,,,High,approved page HTML gallery title/link
BK Growth,https://www.bkgrowth.com/portfolio,Portfolio gallery,operating company,Ennoble Care,https://www.ennoblecare.com/,,,,,,High,approved page HTML gallery title/link
BK Growth,https://www.bkgrowth.com/portfolio,Portfolio gallery,operating company,ETU,https://www.etu.co/,,,,,,High,approved page HTML gallery title/link
BK Growth,https://www.bkgrowth.com/portfolio,Portfolio gallery,operating company,Eventus,https://eventussecurity.com/,,,,,,High,approved page HTML gallery title/link
BK Growth,https://www.bkgrowth.com/portfolio,Portfolio gallery,operating company,ExpensePoint,https://www.expensepoint.com/,,,,,,High,approved page HTML gallery title/link
BK Growth,https://www.bkgrowth.com/portfolio,Portfolio gallery,operating company,Facial Aesthetics,https://facialaestheticsinc.com/,,,,,,High,approved page HTML gallery title/link
BK Growth,https://www.bkgrowth.com/portfolio,Portfolio gallery,operating company,Fleetflo,https://www.fleetflo.com/,,,,,,High,approved page HTML gallery title/link
BK Growth,https://www.bkgrowth.com/portfolio,Portfolio gallery,operating company,FluidSecure,https://www.fluidsecure.com/,,,,,,High,approved page HTML gallery title/link
BK Growth,https://www.bkgrowth.com/portfolio,Portfolio gallery,operating company,Frotcom,https://www.frotcom.com/,,,,,,High,approved page HTML gallery title/link
BK Growth,https://www.bkgrowth.com/portfolio,Portfolio gallery,operating company,Gendler & Lewis Dermatology,https://amyblewismd.com/,,,,,,High,approved page HTML gallery title/link
BK Growth,https://www.bkgrowth.com/portfolio,Portfolio gallery,operating company,Gilles Hoppenot,https://www.ghs.fr/,,,,,,High,approved page HTML gallery title/link
BK Growth,https://www.bkgrowth.com/portfolio,Portfolio gallery,operating company,Govineer Solutions,https://www.govineersolutions.com/,,,,,,High,approved page HTML gallery title/link
BK Growth,https://www.bkgrowth.com/portfolio,Portfolio gallery,operating company,Grasp,https://www.grasptech.com/,,,,,,High,approved page HTML gallery title/link
BK Growth,https://www.bkgrowth.com/portfolio,Portfolio gallery,operating company,Halsey Health,https://www.halseyhealth.com/,,,,,,High,approved page HTML gallery title/link
BK Growth,https://www.bkgrowth.com/portfolio,Portfolio gallery,operating company,Happy Paws Vet Partners,https://happypawsveterinarypartners.com/,,,,,,High,approved page HTML gallery title/link
BK Growth,https://www.bkgrowth.com/portfolio,Portfolio gallery,operating company,Honolulu Ship Supply,https://honship.com/,,,,,,High,approved page HTML gallery title/link
BK Growth,https://www.bkgrowth.com/portfolio,Portfolio gallery,operating company,Innovative Lab Services,https://www.innlabserv.com/,,,,,,High,approved page HTML gallery title/link
BK Growth,https://www.bkgrowth.com/portfolio,Portfolio gallery,operating company,IT Pipes,https://itpipes.com/,,,,,,High,approved page HTML gallery title/link
BK Growth,https://www.bkgrowth.com/portfolio,Portfolio gallery,operating company,JD2M,https://www.jedeclaremonmeuble.com/,,,,,,High,approved page HTML gallery title/link
BK Growth,https://www.bkgrowth.com/portfolio,Portfolio gallery,operating company,Juvonno,https://www.juvonno.com/,,,,,,High,approved page HTML gallery title/link
BK Growth,https://www.bkgrowth.com/portfolio,Portfolio gallery,operating company,Mas Labor,https://maslabor.com/,,,,,,High,approved page HTML gallery title/link
BK Growth,https://www.bkgrowth.com/portfolio,Portfolio gallery,operating company,MaxRTE,https://maxrte.com/,,,,,,High,approved page HTML gallery title/link
BK Growth,https://www.bkgrowth.com/portfolio,Portfolio gallery,operating company,MD Clarity,https://www.mdclarity.com/,,,,,,High,approved page HTML gallery title/link
BK Growth,https://www.bkgrowth.com/portfolio,Portfolio gallery,operating company,North American Trade Schools,https://natradeschools.edu/,,,,,,High,approved page HTML gallery title/link
BK Growth,https://www.bkgrowth.com/portfolio,Portfolio gallery,operating company,NovoPath,https://www.novopath.com/,,,,,,High,approved page HTML gallery title/link
BK Growth,https://www.bkgrowth.com/portfolio,Portfolio gallery,operating company,Nutrishare,https://nutrishare.com/,,,,,,High,approved page HTML gallery title/link
BK Growth,https://www.bkgrowth.com/portfolio,Portfolio gallery,operating company,Objective Management Group,https://www.objectivemanagement.com/,,,,,,High,approved page HTML gallery title/link
BK Growth,https://www.bkgrowth.com/portfolio,Portfolio gallery,operating company,Olea Software,https://www.oleasoftware.com/,,,,,,High,approved page HTML gallery title/link
BK Growth,https://www.bkgrowth.com/portfolio,Portfolio gallery,operating company,P3 Works,https://www.p3-works.com/home,,,,,,High,approved page HTML gallery title/link
BK Growth,https://www.bkgrowth.com/portfolio,Portfolio gallery,operating company,Pacific Fertility Center,https://www.pfcla.com/,,,,,,High,approved page HTML gallery title/link
BK Growth,https://www.bkgrowth.com/portfolio,Portfolio gallery,operating company,Page Vault,https://www.page-vault.com/,,,,,,High,approved page HTML gallery title/link
BK Growth,https://www.bkgrowth.com/portfolio,Portfolio gallery,operating company,Pathfinder Brands,https://www.pathfinderbrands.co/,,,,,,High,approved page HTML gallery title/link
BK Growth,https://www.bkgrowth.com/portfolio,Portfolio gallery,operating company,Peace Aging Care Experts,https://www.peaceagingcare.com/,,,,,,High,approved page HTML gallery title/link
BK Growth,https://www.bkgrowth.com/portfolio,Portfolio gallery,operating company,Peak Propane,https://www.peakpropane.com/,,,,,,High,approved page HTML gallery title/link
BK Growth,https://www.bkgrowth.com/portfolio,Portfolio gallery,operating company,Pelvic Health Solutions,https://phsfl.com/,,,,,,High,approved page HTML gallery title/link
BK Growth,https://www.bkgrowth.com/portfolio,Portfolio gallery,operating company,Precision Med,https://www.precisionmed.com/,,,,,,High,approved page HTML gallery title/link
BK Growth,https://www.bkgrowth.com/portfolio,Portfolio gallery,operating company,Quality Standard,https://qualitystandard.com/,,,,,,High,approved page HTML gallery title/link
BK Growth,https://www.bkgrowth.com/portfolio,Portfolio gallery,operating company,RDI,,,,,,,High,approved page HTML gallery title without link
BK Growth,https://www.bkgrowth.com/portfolio,Portfolio gallery,operating company,ReVive,https://revive.md/,,,,,,High,approved page HTML gallery title/link
BK Growth,https://www.bkgrowth.com/portfolio,Portfolio gallery,operating company,Route Two Partners,https://www.routetwopartners.com/,,,,,,High,approved page HTML gallery title/link
BK Growth,https://www.bkgrowth.com/portfolio,Portfolio gallery,operating company,SAMS,https://njbsoft.com/,,,,,,High,approved page HTML gallery title/link
BK Growth,https://www.bkgrowth.com/portfolio,Portfolio gallery,operating company,Scribbles Software,https://www.scribsoft.com/,,,,,,High,approved page HTML gallery title/link
BK Growth,https://www.bkgrowth.com/portfolio,Portfolio gallery,operating company,Sector 7 Energy,https://www.sector7energy.com/,,,,,,High,approved page HTML gallery title/link
BK Growth,https://www.bkgrowth.com/portfolio,Portfolio gallery,operating company,Smash My Trash,,,,,,,High,approved page HTML gallery title without link
BK Growth,https://www.bkgrowth.com/portfolio,Portfolio gallery,operating company,SoftTrip,https://www.softrip.com/,,,,,,High,approved page HTML gallery title/link
BK Growth,https://www.bkgrowth.com/portfolio,Portfolio gallery,operating company,Spanish Schoolhouse,https://spanishschoolhouse.com/,,,,,,High,approved page HTML gallery title/link
BK Growth,https://www.bkgrowth.com/portfolio,Portfolio gallery,operating company,StaffScheduleCare,https://www.staffschedulecare.com/,,,,,,High,approved page HTML gallery title/link
BK Growth,https://www.bkgrowth.com/portfolio,Portfolio gallery,operating company,Stage2Data,https://stage2data.com/,,,,,,High,approved page HTML gallery title/link
BK Growth,https://www.bkgrowth.com/portfolio,Portfolio gallery,operating company,STAT,http://www.statanalysis.com/,,,,,,High,approved page HTML gallery title/link
BK Growth,https://www.bkgrowth.com/portfolio,Portfolio gallery,operating company,Tank Track,https://tank-track.com/,,,,,,High,approved page HTML gallery title/link
BK Growth,https://www.bkgrowth.com/portfolio,Portfolio gallery,operating company,TaskRay,https://taskray.com/,,,,,,High,approved page HTML gallery title/link
BK Growth,https://www.bkgrowth.com/portfolio,Portfolio gallery,operating company,Team Management Systems,https://teamservice.com/,,,,,,High,approved page HTML gallery title/link
BK Growth,https://www.bkgrowth.com/portfolio,Portfolio gallery,operating company,Triyam,https://www.triyam.com/,,,,,,High,approved page HTML gallery title/link
BK Growth,https://www.bkgrowth.com/portfolio,Portfolio gallery,operating company,TopQuadrant,https://www.topquadrant.com/,,,,,,High,approved page HTML gallery title/link
BK Growth,https://www.bkgrowth.com/portfolio,Portfolio gallery,operating company,Tortorella Group,https://www.tortorella.com/,,,,,,High,approved page HTML gallery title/link
BK Growth,https://www.bkgrowth.com/portfolio,Portfolio gallery,operating company,Utility Management Solutions,https://utilitymanage.com/,,,,,,High,approved page HTML gallery title/link
BK Growth,https://www.bkgrowth.com/portfolio,Portfolio gallery,operating company,Voice Friend,http://www.voicefriend.net/,,,,,,High,approved page HTML gallery title/link
BK Growth,https://www.bkgrowth.com/portfolio,Portfolio gallery,operating company,Wu Consulting Group,https://wuconsulting.com/,,,,,,High,approved page HTML gallery title/link
TTCER Partners,https://ttcerpartners.com/,Select Partners,operating company,Neul Capital Holdings,,,,,,,Medium,Rendered page logo alt text; TTCER says logos represent companies where it holds a board seat
TTCER Partners,https://ttcerpartners.com/,Select Partners,operating company,QMC Telecom,,,,,,,Medium,Rendered page logo alt text; TTCER says logos represent companies where it holds a board seat
TTCER Partners,https://ttcerpartners.com/,Select Partners,operating company,Christopher Kimball Milk Street,,,,,,,Medium,Rendered page logo alt text; TTCER says logos represent companies where it holds a board seat
TTCER Partners,https://ttcerpartners.com/,Select Partners,operating company,Banyan Software,,,,,,,Medium,Rendered page logo alt text; TTCER says logos represent companies where it holds a board seat
TTCER Partners,https://ttcerpartners.com/,Select Partners,operating company,Mercury Roadway,,,,,,,Medium,Rendered page logo alt text; TTCER says logos represent companies where it holds a board seat
TTCER Partners,https://ttcerpartners.com/,Select Partners,operating company,Frotcom Intelligent Fleet,,,,,,,Medium,Rendered page logo alt text; TTCER says logos represent companies where it holds a board seat
TTCER Partners,https://ttcerpartners.com/,Select Partners,operating company,Datacor,,,,,,,Medium,Rendered page logo alt text; TTCER says logos represent companies where it holds a board seat
TTCER Partners,https://ttcerpartners.com/,Select Partners,operating company,ESPYR,,,,,,,Medium,Rendered page logo alt text; TTCER says logos represent companies where it holds a board seat
TTCER Partners,https://ttcerpartners.com/,Select Partners,operating company,Auronix,,,,,,,Medium,Rendered page logo alt text; TTCER says logos represent companies where it holds a board seat
TTCER Partners,https://ttcerpartners.com/,Select Partners,operating company,Eyeq Monitoring,,,,,,,Medium,Rendered page logo alt text; TTCER says logos represent companies where it holds a board seat
TTCER Partners,https://ttcerpartners.com/,Select Partners,operating company,Beeckerco,,,,,,,Medium,Rendered page logo alt text; TTCER says logos represent companies where it holds a board seat
TTCER Partners,https://ttcerpartners.com/,Select Partners,operating company,OI Infusion Services,,,,,,,Medium,Rendered page logo alt text; TTCER says logos represent companies where it holds a board seat
TTCER Partners,https://ttcerpartners.com/,Select Partners,operating company,Kantola,,,,,,,Medium,Rendered page logo alt text; TTCER says logos represent companies where it holds a board seat
TTCER Partners,https://ttcerpartners.com/,Select Partners,operating company,Revive,,,,,,,Medium,Rendered page logo alt text; TTCER says logos represent companies where it holds a board seat
TTCER Partners,https://ttcerpartners.com/,Select Partners,operating company,Vitana Pediatric Dental Partners,,,,,,,Medium,Rendered page logo alt text; TTCER says logos represent companies where it holds a board seat
TTCER Partners,https://ttcerpartners.com/,Select Partners,operating company,Shandy Clinic,,,,,,,Medium,Rendered page logo alt text; TTCER says logos represent companies where it holds a board seat
TTCER Partners,https://ttcerpartners.com/,Select Partners,operating company,Sunburn,,,,,,,Medium,Rendered page logo alt text; TTCER says logos represent companies where it holds a board seat
TTCER Partners,https://ttcerpartners.com/,Select Partners,operating company,Taskray,,,,,,,Medium,Rendered page logo alt text; TTCER says logos represent companies where it holds a board seat
TTCER Partners,https://ttcerpartners.com/,Select Partners,operating company,Triyam Data Management Solutions,,,,,,,Medium,Rendered page logo alt text; TTCER says logos represent companies where it holds a board seat
Saltoun Capital Partners,https://www.saltouncapital.com/portfolio,Portfolio,operating company,2020 Innovation,,,,,,,High,
Saltoun Capital Partners,https://www.saltouncapital.com/portfolio,Portfolio,operating company,4EverYoung Anti-Aging Solutions,,,,,,,High,
Saltoun Capital Partners,https://www.saltouncapital.com/portfolio,Portfolio,operating company,"Anovia Health, LLC",,,,,,,High,
Saltoun Capital Partners,https://www.saltouncapital.com/portfolio,Portfolio,operating company,Apex Fun Run,,,,,,,High,
Saltoun Capital Partners,https://www.saltouncapital.com/portfolio,Portfolio,operating company,Ascend Software,,,,,,,High,
Saltoun Capital Partners,https://www.saltouncapital.com/portfolio,Portfolio,operating company,Atlantic Duct Cleaning,,,,,,,High,
Saltoun Capital Partners,https://www.saltouncapital.com/portfolio,Portfolio,operating company,Avesta Ketamine,,,,,,,High,
Saltoun Capital Partners,https://www.saltouncapital.com/portfolio,Portfolio,operating company,B4All,,,,,,,High,
Saltoun Capital Partners,https://www.saltouncapital.com/portfolio,Portfolio,operating company,Banyan Software,,,,,,,High,
Saltoun Capital Partners,https://www.saltouncapital.com/portfolio,Portfolio,operating company,Beryllium,,,,,,,High,
Saltoun Capital Partners,https://www.saltouncapital.com/portfolio,Portfolio,operating company,"Bleecker Street Group, LLC",,,,,,,High,
Saltoun Capital Partners,https://www.saltouncapital.com/portfolio,Portfolio,operating company,Calcom Software Solutions,,,,,,,High,
Saltoun Capital Partners,https://www.saltouncapital.com/portfolio,Portfolio,operating company,"Canyonlands Fund, LLC",,,,,,,High,
Saltoun Capital Partners,https://www.saltouncapital.com/portfolio,Portfolio,operating company,Central Storage & Warehouse Co.,,,,,,,High,
Saltoun Capital Partners,https://www.saltouncapital.com/portfolio,Portfolio,operating company,Choice Water Solutions,,,,,,,High,
Saltoun Capital Partners,https://www.saltouncapital.com/portfolio,Portfolio,operating company,"Church Mutual Insurance Company, S.I.",,,,,,,High,
Saltoun Capital Partners,https://www.saltouncapital.com/portfolio,Portfolio,operating company,Cicero Therapies,,,,,,,High,
Saltoun Capital Partners,https://www.saltouncapital.com/portfolio,Portfolio,operating company,Crystal Practice Management,,,,,,,High,
Saltoun Capital Partners,https://www.saltouncapital.com/portfolio,Portfolio,operating company,Ctaima,,,,,,,High,
Saltoun Capital Partners,https://www.saltouncapital.com/portfolio,Portfolio,operating company,Curious Software,,,,,,,High,
Saltoun Capital Partners,https://www.saltouncapital.com/portfolio,Portfolio,operating company,Datacor,,,,,,,High,
Saltoun Capital Partners,https://www.saltouncapital.com/portfolio,Portfolio,operating company,Ecp (Extended Care Professional,,,,,,,High,
Saltoun Capital Partners,https://www.saltouncapital.com/portfolio,Portfolio,operating company,Eleven Software,,,,,,,High,
Saltoun Capital Partners,https://www.saltouncapital.com/portfolio,Portfolio,operating company,Elk Analytics-Security SMEs,,,,,,,High,
Saltoun Capital Partners,https://www.saltouncapital.com/portfolio,Portfolio,operating company,Energy Savings Partners,,,,,,,High,
Saltoun Capital Partners,https://www.saltouncapital.com/portfolio,Portfolio,operating company,Ennoble Care Hospice,,,,,,,High,
Saltoun Capital Partners,https://www.saltouncapital.com/portfolio,Portfolio,operating company,"Erthwrks, LLC",,,,,,,High,
Saltoun Capital Partners,https://www.saltouncapital.com/portfolio,Portfolio,operating company,"Facial Aesthetics, LLC",,,,,,,High,
Saltoun Capital Partners,https://www.saltouncapital.com/portfolio,Portfolio,operating company,FileOnQ,,,,,,,High,
Saltoun Capital Partners,https://www.saltouncapital.com/portfolio,Portfolio,operating company,"Forio Holdings, Inc.",,,,,,,High,
Saltoun Capital Partners,https://www.saltouncapital.com/portfolio,Portfolio,operating company,Frazil,,,,,,,High,
Saltoun Capital Partners,https://www.saltouncapital.com/portfolio,Portfolio,operating company,"Gastro Center of Maryland, LLC",,,,,,,High,
Saltoun Capital Partners,https://www.saltouncapital.com/portfolio,Portfolio,operating company,Govineer Solutions,,,,,,,High,
Saltoun Capital Partners,https://www.saltouncapital.com/portfolio,Portfolio,operating company,HCIM (Health Care Information Management),,,,,,,High,
Saltoun Capital Partners,https://www.saltouncapital.com/portfolio,Portfolio,operating company,Healthmark Group,,,,,,,High,
Saltoun Capital Partners,https://www.saltouncapital.com/portfolio,Portfolio,operating company,"HigherMe, Inc.",,,,,,,High,
Saltoun Capital Partners,https://www.saltouncapital.com/portfolio,Portfolio,operating company,Infosel,,,,,,,High,
Saltoun Capital Partners,https://www.saltouncapital.com/portfolio,Portfolio,operating company,Innovative Lab Services,,,,,,,High,
Saltoun Capital Partners,https://www.saltouncapital.com/portfolio,Portfolio,operating company,IntellaTriage,,,,,,,High,
Saltoun Capital Partners,https://www.saltouncapital.com/portfolio,Portfolio,operating company,Mas Labor,,,,,,,High,
Saltoun Capital Partners,https://www.saltouncapital.com/portfolio,Portfolio,operating company,Max RTE,,,,,,,High,
Saltoun Capital Partners,https://www.saltouncapital.com/portfolio,Portfolio,operating company,Md Clarity,,,,,,,High,
Saltoun Capital Partners,https://www.saltouncapital.com/portfolio,Portfolio,operating company,Mechcan LLC,,,,,,,High,
Saltoun Capital Partners,https://www.saltouncapital.com/portfolio,Portfolio,operating company,Metabolic Solutions (MSI),,,,,,,High,
Saltoun Capital Partners,https://www.saltouncapital.com/portfolio,Portfolio,operating company,MeterNet,,,,,,,High,
Saltoun Capital Partners,https://www.saltouncapital.com/portfolio,Portfolio,operating company,Motum,,,,,,,High,
Saltoun Capital Partners,https://www.saltouncapital.com/portfolio,Portfolio,operating company,Nearshore Company,,,,,,,High,
Saltoun Capital Partners,https://www.saltouncapital.com/portfolio,Portfolio,operating company,Nutrishare,,,,,,,High,
Saltoun Capital Partners,https://www.saltouncapital.com/portfolio,Portfolio,operating company,Objective Management Group,,,,,,,High,
Saltoun Capital Partners,https://www.saltouncapital.com/portfolio,Portfolio,operating company,OneShield,,,,,,,High,
Saltoun Capital Partners,https://www.saltouncapital.com/portfolio,Portfolio,operating company,Orion Cordage,,,,,,,High,
Saltoun Capital Partners,https://www.saltouncapital.com/portfolio,Portfolio,operating company,P3Works LLC,,,,,,,High,
Saltoun Capital Partners,https://www.saltouncapital.com/portfolio,Portfolio,operating company,Page Vault,,,,,,,High,
Saltoun Capital Partners,https://www.saltouncapital.com/portfolio,Portfolio,operating company,Performio,,,,,,,High,
Saltoun Capital Partners,https://www.saltouncapital.com/portfolio,Portfolio,operating company,"Radiant Health Partners, LLC",,,,,,,High,
Saltoun Capital Partners,https://www.saltouncapital.com/portfolio,Portfolio,operating company,Real Power Industries LLC,,,,,,,High,
Saltoun Capital Partners,https://www.saltouncapital.com/portfolio,Portfolio,operating company,RescueStat,,,,,,,High,
Saltoun Capital Partners,https://www.saltouncapital.com/portfolio,Portfolio,operating company,Revive MedSpa,,,,,,,High,
Saltoun Capital Partners,https://www.saltouncapital.com/portfolio,Portfolio,operating company,Safewaze,,,,,,,High,
Saltoun Capital Partners,https://www.saltouncapital.com/portfolio,Portfolio,operating company,"SAMS (NJBSoft, LLC)",,,,,,,High,
Saltoun Capital Partners,https://www.saltouncapital.com/portfolio,Portfolio,operating company,Shandy Clinic,,,,,,,High,
Saltoun Capital Partners,https://www.saltouncapital.com/portfolio,Portfolio,operating company,ShipCo Transport,,,,,,,High,
Saltoun Capital Partners,https://www.saltouncapital.com/portfolio,Portfolio,operating company,Softrip,,,,,,,High,
Saltoun Capital Partners,https://www.saltouncapital.com/portfolio,Portfolio,operating company,Spanish Schoolhouse,,,,,,,High,
Saltoun Capital Partners,https://www.saltouncapital.com/portfolio,Portfolio,operating company,"Sunscape Landscaping, LLC",,,,,,,High,
Saltoun Capital Partners,https://www.saltouncapital.com/portfolio,Portfolio,operating company,Task Ray,,,,,,,High,
Saltoun Capital Partners,https://www.saltouncapital.com/portfolio,Portfolio,operating company,"TopQuadrant, Inc.",,,,,,,High,
Saltoun Capital Partners,https://www.saltouncapital.com/portfolio,Portfolio,operating company,Tortorella Group,,,,,,,High,
Saltoun Capital Partners,https://www.saltouncapital.com/portfolio,Portfolio,operating company,TransTech Inc.,,,,,,,High,
Saltoun Capital Partners,https://www.saltouncapital.com/portfolio,Portfolio,operating company,UMS (Utility Management Sources),,,,,,,High,
Saltoun Capital Partners,https://www.saltouncapital.com/portfolio,Portfolio,operating company,Attainia,,,,,,,High,
Saltoun Capital Partners,https://www.saltouncapital.com/portfolio,Portfolio,operating company,Briscoe Protective,,,,,,,High,
Saltoun Capital Partners,https://www.saltouncapital.com/portfolio,Portfolio,operating company,Circle Surrogacy,,,,,,,High,
Saltoun Capital Partners,https://www.saltouncapital.com/portfolio,Portfolio,operating company,Echosec Systems,,,,,,,High,
Saltoun Capital Partners,https://www.saltouncapital.com/portfolio,Portfolio,operating company,Flint Group,,,,,,,High,
Saltoun Capital Partners,https://www.saltouncapital.com/portfolio,Portfolio,operating company,IMS Analysis,,,,,,,High,
Saltoun Capital Partners,https://www.saltouncapital.com/portfolio,Portfolio,operating company,Lightwave Dental,,,,,,,High,
Saltoun Capital Partners,https://www.saltouncapital.com/portfolio,Portfolio,operating company,Merchants Capital,,,,,,,High,
Saltoun Capital Partners,https://www.saltouncapital.com/portfolio,Portfolio,operating company,Morningside Translations,,,,,,,High,
Saltoun Capital Partners,https://www.saltouncapital.com/portfolio,Portfolio,operating company,Mtab,,,,,,,High,
Saltoun Capital Partners,https://www.saltouncapital.com/portfolio,Portfolio,operating company,Pacific Fertility Center,,,,,,,High,
Saltoun Capital Partners,https://www.saltouncapital.com/portfolio,Portfolio,operating company,Performance Systems Integration,,,,,,,High,
Saltoun Capital Partners,https://www.saltouncapital.com/portfolio,Portfolio,operating company,"PrecisionMed, Inc.",,,,,,,High,
Saltoun Capital Partners,https://www.saltouncapital.com/portfolio,Portfolio,operating company,"Ryzer, LLC",,,,,,,High,
Saltoun Capital Partners,https://www.saltouncapital.com/portfolio,Portfolio,operating company,Scribsoft,,,,,,,High,
Saltoun Capital Partners,https://www.saltouncapital.com/portfolio,Portfolio,operating company,Ticketech,,,,,,,High,
Saltoun Capital Partners,https://www.saltouncapital.com/portfolio,Portfolio,operating company,Transifex OpCo LLC,,,,,,,High,
Saltoun Capital Partners,https://www.saltouncapital.com/portfolio,Portfolio,operating company,Triyam,,,,,,,High,
Saltoun Capital Partners,https://www.saltouncapital.com/portfolio,Portfolio,operating company,Workplace Answers,,,,,,,High,
Anacapa Partners,https://anacapapartners.com/site/global/anacapa/portfolio/index.gsp,Portfolio,portfolio entity / search fund or operating company,CPS Management Partners,,,,,,,High,Source page mixes search funds and operating companies; row kept for source completeness
Anacapa Partners,https://anacapapartners.com/site/global/anacapa/portfolio/index.gsp,Portfolio,portfolio entity / search fund or operating company,Advanced Network Solutions,,,,,,,High,Source page mixes search funds and operating companies; row kept for source completeness
Anacapa Partners,https://anacapapartners.com/site/global/anacapa/portfolio/index.gsp,Portfolio,portfolio entity / search fund or operating company,Light Beam Capital,,,,,,,High,Source page mixes search funds and operating companies; row kept for source completeness
Anacapa Partners,https://anacapapartners.com/site/global/anacapa/portfolio/index.gsp,Portfolio,portfolio entity / search fund or operating company,ESPYR,,,,,,,High,Source page mixes search funds and operating companies; row kept for source completeness
Anacapa Partners,https://anacapapartners.com/site/global/anacapa/portfolio/index.gsp,Portfolio,portfolio entity / search fund or operating company,Blue Ocean Equity Partners,,,,,,,High,Source page mixes search funds and operating companies; row kept for source completeness
Anacapa Partners,https://anacapapartners.com/site/global/anacapa/portfolio/index.gsp,Portfolio,portfolio entity / search fund or operating company,eCompliance,,,,,,,High,Source page mixes search funds and operating companies; row kept for source completeness
Anacapa Partners,https://anacapapartners.com/site/global/anacapa/portfolio/index.gsp,Portfolio,portfolio entity / search fund or operating company,Changemaker Capital Partners,,,,,,,High,Source page mixes search funds and operating companies; row kept for source completeness
Anacapa Partners,https://anacapapartners.com/site/global/anacapa/portfolio/index.gsp,Portfolio,portfolio entity / search fund or operating company,Cascadian Capital Partners,,,,,,,High,Source page mixes search funds and operating companies; row kept for source completeness
Anacapa Partners,https://anacapapartners.com/site/global/anacapa/portfolio/index.gsp,Portfolio,portfolio entity / search fund or operating company,Castle Capital,,,,,,,High,Source page mixes search funds and operating companies; row kept for source completeness
Anacapa Partners,https://anacapapartners.com/site/global/anacapa/portfolio/index.gsp,Portfolio,portfolio entity / search fund or operating company,Charlson Capital,,,,,,,High,Source page mixes search funds and operating companies; row kept for source completeness
Anacapa Partners,https://anacapapartners.com/site/global/anacapa/portfolio/index.gsp,Portfolio,portfolio entity / search fund or operating company,Claremont Square,,,,,,,High,Source page mixes search funds and operating companies; row kept for source completeness
Anacapa Partners,https://anacapapartners.com/site/global/anacapa/portfolio/index.gsp,Portfolio,portfolio entity / search fund or operating company,Cornerstone Continuity Partners,,,,,,,High,Source page mixes search funds and operating companies; row kept for source completeness
Anacapa Partners,https://anacapapartners.com/site/global/anacapa/portfolio/index.gsp,Portfolio,portfolio entity / search fund or operating company,Elk Capital Partner,,,,,,,High,Source page mixes search funds and operating companies; row kept for source completeness
Anacapa Partners,https://anacapapartners.com/site/global/anacapa/portfolio/index.gsp,Portfolio,portfolio entity / search fund or operating company,FastSpring,,,,,,,High,Source page mixes search funds and operating companies; row kept for source completeness
Anacapa Partners,https://anacapapartners.com/site/global/anacapa/portfolio/index.gsp,Portfolio,portfolio entity / search fund or operating company,ARP Capital Partners,,,,,,,High,Source page mixes search funds and operating companies; row kept for source completeness
Anacapa Partners,https://anacapapartners.com/site/global/anacapa/portfolio/index.gsp,Portfolio,portfolio entity / search fund or operating company,Eagle Ridge Growth Partners,,,,,,,High,Source page mixes search funds and operating companies; row kept for source completeness
Anacapa Partners,https://anacapapartners.com/site/global/anacapa/portfolio/index.gsp,Portfolio,portfolio entity / search fund or operating company,Infinitas Ventures,,,,,,,High,Source page mixes search funds and operating companies; row kept for source completeness
Anacapa Partners,https://anacapapartners.com/site/global/anacapa/portfolio/index.gsp,Portfolio,portfolio entity / search fund or operating company,Integra Partners,,,,,,,High,Source page mixes search funds and operating companies; row kept for source completeness
Anacapa Partners,https://anacapapartners.com/site/global/anacapa/portfolio/index.gsp,Portfolio,portfolio entity / search fund or operating company,LECORPIO,,,,,,,High,Source page mixes search funds and operating companies; row kept for source completeness
Anacapa Partners,https://anacapapartners.com/site/global/anacapa/portfolio/index.gsp,Portfolio,portfolio entity / search fund or operating company,Ironclad Capital,,,,,,,High,Source page mixes search funds and operating companies; row kept for source completeness
Anacapa Partners,https://anacapapartners.com/site/global/anacapa/portfolio/index.gsp,Portfolio,portfolio entity / search fund or operating company,January Partners,,,,,,,High,Source page mixes search funds and operating companies; row kept for source completeness
Anacapa Partners,https://anacapapartners.com/site/global/anacapa/portfolio/index.gsp,Portfolio,portfolio entity / search fund or operating company,Leonidas Capital Partners,,,,,,,High,Source page mixes search funds and operating companies; row kept for source completeness
Anacapa Partners,https://anacapapartners.com/site/global/anacapa/portfolio/index.gsp,Portfolio,portfolio entity / search fund or operating company,Leonis Partners,,,,,,,High,Source page mixes search funds and operating companies; row kept for source completeness
Anacapa Partners,https://anacapapartners.com/site/global/anacapa/portfolio/index.gsp,Portfolio,portfolio entity / search fund or operating company,mlt Capital,,,,,,,High,Source page mixes search funds and operating companies; row kept for source completeness
Anacapa Partners,https://anacapapartners.com/site/global/anacapa/portfolio/index.gsp,Portfolio,portfolio entity / search fund or operating company,Oakhill Equity,,,,,,,High,Source page mixes search funds and operating companies; row kept for source completeness
Anacapa Partners,https://anacapapartners.com/site/global/anacapa/portfolio/index.gsp,Portfolio,portfolio entity / search fund or operating company,Midwest Supplies,,,,,,,High,Source page mixes search funds and operating companies; row kept for source completeness
Anacapa Partners,https://anacapapartners.com/site/global/anacapa/portfolio/index.gsp,Portfolio,portfolio entity / search fund or operating company,PEC Safety,,,,,,,High,Source page mixes search funds and operating companies; row kept for source completeness
Anacapa Partners,https://anacapapartners.com/site/global/anacapa/portfolio/index.gsp,Portfolio,portfolio entity / search fund or operating company,Perigee Capital Partners,,,,,,,High,Source page mixes search funds and operating companies; row kept for source completeness
Anacapa Partners,https://anacapapartners.com/site/global/anacapa/portfolio/index.gsp,Portfolio,portfolio entity / search fund or operating company,Oak Stream Partners,,,,,,,High,Source page mixes search funds and operating companies; row kept for source completeness
Anacapa Partners,https://anacapapartners.com/site/global/anacapa/portfolio/index.gsp,Portfolio,portfolio entity / search fund or operating company,Olmo Capital,,,,,,,High,Source page mixes search funds and operating companies; row kept for source completeness
Anacapa Partners,https://anacapapartners.com/site/global/anacapa/portfolio/index.gsp,Portfolio,portfolio entity / search fund or operating company,Recruit Military,,,,,,,High,Source page mixes search funds and operating companies; row kept for source completeness
Anacapa Partners,https://anacapapartners.com/site/global/anacapa/portfolio/index.gsp,Portfolio,portfolio entity / search fund or operating company,Poplar Capital Partners,,,,,,,High,Source page mixes search funds and operating companies; row kept for source completeness
Anacapa Partners,https://anacapapartners.com/site/global/anacapa/portfolio/index.gsp,Portfolio,portfolio entity / search fund or operating company,Seneca Creek Partners,,,,,,,High,Source page mixes search funds and operating companies; row kept for source completeness
Anacapa Partners,https://anacapapartners.com/site/global/anacapa/portfolio/index.gsp,Portfolio,portfolio entity / search fund or operating company,Silver Field Capital,,,,,,,High,Source page mixes search funds and operating companies; row kept for source completeness
Anacapa Partners,https://anacapapartners.com/site/global/anacapa/portfolio/index.gsp,Portfolio,portfolio entity / search fund or operating company,Sage Data Security,,,,,,,High,Source page mixes search funds and operating companies; row kept for source completeness
Anacapa Partners,https://anacapapartners.com/site/global/anacapa/portfolio/index.gsp,Portfolio,portfolio entity / search fund or operating company,The Bison Companies,,,,,,,High,Source page mixes search funds and operating companies; row kept for source completeness
Anacapa Partners,https://anacapapartners.com/site/global/anacapa/portfolio/index.gsp,Portfolio,portfolio entity / search fund or operating company,Toma Capital Management,,,,,,,High,Source page mixes search funds and operating companies; row kept for source completeness
Anacapa Partners,https://anacapapartners.com/site/global/anacapa/portfolio/index.gsp,Portfolio,portfolio entity / search fund or operating company,United Layer,,,,,,,High,Source page mixes search funds and operating companies; row kept for source completeness
Anacapa Partners,https://anacapapartners.com/site/global/anacapa/portfolio/index.gsp,Portfolio,portfolio entity / search fund or operating company,Tribula Group,,,,,,,High,Source page mixes search funds and operating companies; row kept for source completeness
Anacapa Partners,https://anacapapartners.com/site/global/anacapa/portfolio/index.gsp,Portfolio,portfolio entity / search fund or operating company,Wolf Point Growth Partners,,,,,,,High,Source page mixes search funds and operating companies; row kept for source completeness
Anacapa Partners,https://anacapapartners.com/site/global/anacapa/portfolio/index.gsp,Portfolio,portfolio entity / search fund or operating company,Valent Capital Partners,,,,,,,High,Source page mixes search funds and operating companies; row kept for source completeness
Anacapa Partners,https://anacapapartners.com/site/global/anacapa/portfolio/index.gsp,Portfolio,portfolio entity / search fund or operating company,Vector Disease Control International,,,,,,,High,Source page mixes search funds and operating companies; row kept for source completeness
Anacapa Partners,https://anacapapartners.com/site/global/anacapa/portfolio/index.gsp,Portfolio,portfolio entity / search fund or operating company,Virtual Officeware,,,,,,,High,Source page mixes search funds and operating companies; row kept for source completeness
Anacapa Partners,https://anacapapartners.com/site/global/anacapa/portfolio/index.gsp,Portfolio,portfolio entity / search fund or operating company,Volley Partners,,,,,,,High,Source page mixes search funds and operating companies; row kept for source completeness
Anacapa Partners,https://anacapapartners.com/site/global/anacapa/portfolio/index.gsp,Portfolio,portfolio entity / search fund or operating company,developerprogram.com,,,,,,,High,Source page mixes search funds and operating companies; row kept for source completeness
Anacapa Partners,https://anacapapartners.com/site/global/anacapa/portfolio/index.gsp,Portfolio,portfolio entity / search fund or operating company,DCI Design Communications,,,,,,,High,Source page mixes search funds and operating companies; row kept for source completeness
Anacapa Partners,https://anacapapartners.com/site/global/anacapa/portfolio/index.gsp,Portfolio,portfolio entity / search fund or operating company,Krueger-Gilbert Health Physics,,,,,,,High,Source page mixes search funds and operating companies; row kept for source completeness
Anacapa Partners,https://anacapapartners.com/site/global/anacapa/portfolio/index.gsp,Portfolio,portfolio entity / search fund or operating company,Neuro International,,,,,,,High,Source page mixes search funds and operating companies; row kept for source completeness
Anacapa Partners,https://anacapapartners.com/site/global/anacapa/portfolio/index.gsp,Portfolio,portfolio entity / search fund or operating company,Windley Ely,,,,,,,High,Source page mixes search funds and operating companies; row kept for source completeness
Anacapa Partners,https://anacapapartners.com/site/global/anacapa/portfolio/index.gsp,Portfolio,portfolio entity / search fund or operating company,AltEquity,,,,,,,High,Source page mixes search funds and operating companies; row kept for source completeness
Anacapa Partners,https://anacapapartners.com/site/global/anacapa/portfolio/index.gsp,Portfolio,portfolio entity / search fund or operating company,American Security Systems,,,,,,,High,Source page mixes search funds and operating companies; row kept for source completeness
Anacapa Partners,https://anacapapartners.com/site/global/anacapa/portfolio/index.gsp,Portfolio,portfolio entity / search fund or operating company,Annison Capital Partners,,,,,,,High,Source page mixes search funds and operating companies; row kept for source completeness
Anacapa Partners,https://anacapapartners.com/site/global/anacapa/portfolio/index.gsp,Portfolio,portfolio entity / search fund or operating company,Ascension Point Capital,,,,,,,High,Source page mixes search funds and operating companies; row kept for source completeness
Anacapa Partners,https://anacapapartners.com/site/global/anacapa/portfolio/index.gsp,Portfolio,portfolio entity / search fund or operating company,Big Tree Capital Partners,,,,,,,High,Source page mixes search funds and operating companies; row kept for source completeness
Anacapa Partners,https://anacapapartners.com/site/global/anacapa/portfolio/index.gsp,Portfolio,portfolio entity / search fund or operating company,Convex Investing,,,,,,,High,Source page mixes search funds and operating companies; row kept for source completeness
Anacapa Partners,https://anacapapartners.com/site/global/anacapa/portfolio/index.gsp,Portfolio,portfolio entity / search fund or operating company,Crescent Park Capital Partners,,,,,,,High,Source page mixes search funds and operating companies; row kept for source completeness
Anacapa Partners,https://anacapapartners.com/site/global/anacapa/portfolio/index.gsp,Portfolio,portfolio entity / search fund or operating company,EZ Shipper Racks,,,,,,,High,Source page mixes search funds and operating companies; row kept for source completeness
Anacapa Partners,https://anacapapartners.com/site/global/anacapa/portfolio/index.gsp,Portfolio,portfolio entity / search fund or operating company,Glanstone Capital,,,,,,,High,Source page mixes search funds and operating companies; row kept for source completeness
Anacapa Partners,https://anacapapartners.com/site/global/anacapa/portfolio/index.gsp,Portfolio,portfolio entity / search fund or operating company,Glass Lake Capital,,,,,,,High,Source page mixes search funds and operating companies; row kept for source completeness
Anacapa Partners,https://anacapapartners.com/site/global/anacapa/portfolio/index.gsp,Portfolio,portfolio entity / search fund or operating company,Glevum Heating,,,,,,,High,Source page mixes search funds and operating companies; row kept for source completeness
Anacapa Partners,https://anacapapartners.com/site/global/anacapa/portfolio/index.gsp,Portfolio,portfolio entity / search fund or operating company,GreenStreet Growth Management,,,,,,,High,Source page mixes search funds and operating companies; row kept for source completeness
Anacapa Partners,https://anacapapartners.com/site/global/anacapa/portfolio/index.gsp,Portfolio,portfolio entity / search fund or operating company,Guardian Growth Fund,,,,,,,High,Source page mixes search funds and operating companies; row kept for source completeness
Anacapa Partners,https://anacapapartners.com/site/global/anacapa/portfolio/index.gsp,Portfolio,portfolio entity / search fund or operating company,Lakeside Management Partners,,,,,,,High,Source page mixes search funds and operating companies; row kept for source completeness
Anacapa Partners,https://anacapapartners.com/site/global/anacapa/portfolio/index.gsp,Portfolio,portfolio entity / search fund or operating company,Leonid Capital,,,,,,,High,Source page mixes search funds and operating companies; row kept for source completeness
Anacapa Partners,https://anacapapartners.com/site/global/anacapa/portfolio/index.gsp,Portfolio,portfolio entity / search fund or operating company,Maximus Capital Partners,,,,,,,High,Source page mixes search funds and operating companies; row kept for source completeness
Anacapa Partners,https://anacapapartners.com/site/global/anacapa/portfolio/index.gsp,Portfolio,portfolio entity / search fund or operating company,Meridional Equity,,,,,,,High,Source page mixes search funds and operating companies; row kept for source completeness
Anacapa Partners,https://anacapapartners.com/site/global/anacapa/portfolio/index.gsp,Portfolio,portfolio entity / search fund or operating company,Montserrat Capital,,,,,,,High,Source page mixes search funds and operating companies; row kept for source completeness
Anacapa Partners,https://anacapapartners.com/site/global/anacapa/portfolio/index.gsp,Portfolio,portfolio entity / search fund or operating company,Mugello Group,,,,,,,High,Source page mixes search funds and operating companies; row kept for source completeness
Anacapa Partners,https://anacapapartners.com/site/global/anacapa/portfolio/index.gsp,Portfolio,portfolio entity / search fund or operating company,One Line Partners,,,,,,,High,Source page mixes search funds and operating companies; row kept for source completeness
Anacapa Partners,https://anacapapartners.com/site/global/anacapa/portfolio/index.gsp,Portfolio,portfolio entity / search fund or operating company,Praetorian Equity Partners,,,,,,,High,Source page mixes search funds and operating companies; row kept for source completeness
Anacapa Partners,https://anacapapartners.com/site/global/anacapa/portfolio/index.gsp,Portfolio,portfolio entity / search fund or operating company,quatrefoil capital,,,,,,,High,Source page mixes search funds and operating companies; row kept for source completeness
Anacapa Partners,https://anacapapartners.com/site/global/anacapa/portfolio/index.gsp,Portfolio,portfolio entity / search fund or operating company,Riomar Capital,,,,,,,High,Source page mixes search funds and operating companies; row kept for source completeness
Anacapa Partners,https://anacapapartners.com/site/global/anacapa/portfolio/index.gsp,Portfolio,portfolio entity / search fund or operating company,Taqia Capital,,,,,,,High,Source page mixes search funds and operating companies; row kept for source completeness
Anacapa Partners,https://anacapapartners.com/site/global/anacapa/portfolio/index.gsp,Portfolio,portfolio entity / search fund or operating company,Timpanogos Capital Partners,,,,,,,High,Source page mixes search funds and operating companies; row kept for source completeness
Anacapa Partners,https://anacapapartners.com/site/global/anacapa/portfolio/index.gsp,Portfolio,portfolio entity / search fund or operating company,Accretia Capital,,,,,,,High,Source page mixes search funds and operating companies; row kept for source completeness
Anacapa Partners,https://anacapapartners.com/site/global/anacapa/portfolio/index.gsp,Portfolio,portfolio entity / search fund or operating company,BackCountry Capital,,,,,,,High,Source page mixes search funds and operating companies; row kept for source completeness
Anacapa Partners,https://anacapapartners.com/site/global/anacapa/portfolio/index.gsp,Portfolio,portfolio entity / search fund or operating company,Brass Tower Equity Partners,,,,,,,High,Source page mixes search funds and operating companies; row kept for source completeness
Anacapa Partners,https://anacapapartners.com/site/global/anacapa/portfolio/index.gsp,Portfolio,portfolio entity / search fund or operating company,Greenwich Point Capital,,,,,,,High,Source page mixes search funds and operating companies; row kept for source completeness
Anacapa Partners,https://anacapapartners.com/site/global/anacapa/portfolio/index.gsp,Portfolio,portfolio entity / search fund or operating company,High Park Capital Partners,,,,,,,High,Source page mixes search funds and operating companies; row kept for source completeness
Anacapa Partners,https://anacapapartners.com/site/global/anacapa/portfolio/index.gsp,Portfolio,portfolio entity / search fund or operating company,Sophia Partners,,,,,,,High,Source page mixes search funds and operating companies; row kept for source completeness
Anacapa Partners,https://anacapapartners.com/site/global/anacapa/portfolio/index.gsp,Portfolio,portfolio entity / search fund or operating company,Rosemore Capital,,,,,,,High,Source page mixes search funds and operating companies; row kept for source completeness
Anacapa Partners,https://anacapapartners.com/site/global/anacapa/portfolio/index.gsp,Portfolio,portfolio entity / search fund or operating company,RailFence Capital,,,,,,,High,Source page mixes search funds and operating companies; row kept for source completeness
Anacapa Partners,https://anacapapartners.com/site/global/anacapa/portfolio/index.gsp,Portfolio,portfolio entity / search fund or operating company,Trek Partners,,,,,,,High,Source page mixes search funds and operating companies; row kept for source completeness
Anacapa Partners,https://anacapapartners.com/site/global/anacapa/portfolio/index.gsp,Portfolio,portfolio entity / search fund or operating company,Western Ridge Partners,,,,,,,High,Source page mixes search funds and operating companies; row kept for source completeness
Anacapa Partners,https://anacapapartners.com/site/global/anacapa/portfolio/index.gsp,Portfolio,portfolio entity / search fund or operating company,Horsemen Partners,,,,,,,High,Source page mixes search funds and operating companies; row kept for source completeness
Anacapa Partners,https://anacapapartners.com/site/global/anacapa/portfolio/index.gsp,Portfolio,portfolio entity / search fund or operating company,Metanoia Capital,,,,,,,High,Source page mixes search funds and operating companies; row kept for source completeness
Anacapa Partners,https://anacapapartners.com/site/global/anacapa/portfolio/index.gsp,Portfolio,portfolio entity / search fund or operating company,Rivet Capital Partners,,,,,,,High,Source page mixes search funds and operating companies; row kept for source completeness
Anacapa Partners,https://anacapapartners.com/site/global/anacapa/portfolio/index.gsp,Portfolio,portfolio entity / search fund or operating company,Logcap Partners,,,,,,,High,Source page mixes search funds and operating companies; row kept for source completeness
Anacapa Partners,https://anacapapartners.com/site/global/anacapa/portfolio/index.gsp,Portfolio,portfolio entity / search fund or operating company,Trident Holding Group,,,,,,,High,Source page mixes search funds and operating companies; row kept for source completeness
Anacapa Partners,https://anacapapartners.com/site/global/anacapa/portfolio/index.gsp,Portfolio,portfolio entity / search fund or operating company,Commencement Bay Partners,,,,,,,High,Source page mixes search funds and operating companies; row kept for source completeness
Anacapa Partners,https://anacapapartners.com/site/global/anacapa/portfolio/index.gsp,Portfolio,portfolio entity / search fund or operating company,Chinook Capital Group,,,,,,,High,Source page mixes search funds and operating companies; row kept for source completeness
Anacapa Partners,https://anacapapartners.com/site/global/anacapa/portfolio/index.gsp,Portfolio,portfolio entity / search fund or operating company,Chronus,,,,,,,High,Source page mixes search funds and operating companies; row kept for source completeness
Anacapa Partners,https://anacapapartners.com/site/global/anacapa/portfolio/index.gsp,Portfolio,portfolio entity / search fund or operating company,ClaimTrak,,,,,,,High,Source page mixes search funds and operating companies; row kept for source completeness
Anacapa Partners,https://anacapapartners.com/site/global/anacapa/portfolio/index.gsp,Portfolio,portfolio entity / search fund or operating company,Answer1,,,,,,,High,Source page mixes search funds and operating companies; row kept for source completeness
Anacapa Partners,https://anacapapartners.com/site/global/anacapa/portfolio/index.gsp,Portfolio,portfolio entity / search fund or operating company,mTAB,,,,,,,High,Source page mixes search funds and operating companies; row kept for source completeness
Anacapa Partners,https://anacapapartners.com/site/global/anacapa/portfolio/index.gsp,Portfolio,portfolio entity / search fund or operating company,Dunmore Capital Partners,,,,,,,High,Source page mixes search funds and operating companies; row kept for source completeness
Anacapa Partners,https://anacapapartners.com/site/global/anacapa/portfolio/index.gsp,Portfolio,portfolio entity / search fund or operating company,Accretive Value Group,,,,,,,High,Source page mixes search funds and operating companies; row kept for source completeness
WSC & Company,https://wscandcompany.com/portfolio/,Portfolio companies,operating company,Abound Health,,,,,,,Medium,Extracted from approved page logo alt text
WSC & Company,https://wscandcompany.com/portfolio/,Portfolio companies,operating company,Energy Ogre,,,,,,,Medium,Extracted from approved page logo alt text
WSC & Company,https://wscandcompany.com/portfolio/,Portfolio companies,operating company,HealthMark Group,,,,,,,Medium,Extracted from approved page logo alt text
WSC & Company,https://wscandcompany.com/portfolio/,Portfolio companies,operating company,Spivey,,,,,,,Medium,Extracted from approved page logo alt text
WSC & Company,https://wscandcompany.com/portfolio/,Portfolio companies,operating company,Trans Tech,,,,,,,Medium,Extracted from approved page logo alt text
WSC & Company,https://wscandcompany.com/portfolio/,Portfolio companies,operating company,ACES Monitoring,,,,,,,Medium,Extracted from approved page logo alt text
WSC & Company,https://wscandcompany.com/portfolio/,Portfolio companies,operating company,Advanced Aircrew Academy,,,,,,,Medium,Extracted from approved page logo alt text
WSC & Company,https://wscandcompany.com/portfolio/,Portfolio companies,operating company,AdComp Systems,,,,,,,Medium,Extracted from approved page logo alt text
WSC & Company,https://wscandcompany.com/portfolio/,Portfolio companies,operating company,Allied Electric,,,,,,,Medium,Extracted from approved page logo alt text
WSC & Company,https://wscandcompany.com/portfolio/,Portfolio companies,operating company,Alus,,,,,,,Medium,Extracted from approved page logo alt text
WSC & Company,https://wscandcompany.com/portfolio/,Portfolio companies,operating company,Anterra Technology,,,,,,,Medium,Extracted from approved page logo alt text
WSC & Company,https://wscandcompany.com/portfolio/,Portfolio companies,operating company,APA Medical Equipment,,,,,,,Medium,Extracted from approved page logo alt text
WSC & Company,https://wscandcompany.com/portfolio/,Portfolio companies,operating company,AppWrap,,,,,,,Medium,Extracted from approved page logo alt text
WSC & Company,https://wscandcompany.com/portfolio/,Portfolio companies,operating company,APS,,,,,,,Medium,Extracted from approved page logo alt text
WSC & Company,https://wscandcompany.com/portfolio/,Portfolio companies,operating company,Aspen Ridge Recovery,,,,,,,Medium,Extracted from approved page logo alt text
WSC & Company,https://wscandcompany.com/portfolio/,Portfolio companies,operating company,Atticus,,,,,,,Medium,Extracted from approved page logo alt text
WSC & Company,https://wscandcompany.com/portfolio/,Portfolio companies,operating company,Auronix,,,,,,,Medium,Extracted from approved page logo alt text
WSC & Company,https://wscandcompany.com/portfolio/,Portfolio companies,operating company,Big Box Storage,,,,,,,Medium,Extracted from approved page logo alt text
WSC & Company,https://wscandcompany.com/portfolio/,Portfolio companies,operating company,Bio Behavioral Institute,,,,,,,Medium,Extracted from approved page logo alt text
WSC & Company,https://wscandcompany.com/portfolio/,Portfolio companies,operating company,Central Storage & Warehouse,,,,,,,Medium,Extracted from approved page logo alt text
WSC & Company,https://wscandcompany.com/portfolio/,Portfolio companies,operating company,"Charter Impact, Inc.",,,,,,,Medium,Extracted from approved page logo alt text
WSC & Company,https://wscandcompany.com/portfolio/,Portfolio companies,operating company,Chesapeake Technology,,,,,,,Medium,Extracted from approved page logo alt text
WSC & Company,https://wscandcompany.com/portfolio/,Portfolio companies,operating company,CITTA Brokerage,,,,,,,Medium,Extracted from approved page logo alt text
WSC & Company,https://wscandcompany.com/portfolio/,Portfolio companies,operating company,Desert Services,,,,,,,Medium,Extracted from approved page logo alt text
WSC & Company,https://wscandcompany.com/portfolio/,Portfolio companies,operating company,Driver Industrial,,,,,,,Medium,Extracted from approved page logo alt text
WSC & Company,https://wscandcompany.com/portfolio/,Portfolio companies,operating company,Dynamic Rubber,,,,,,,Medium,Extracted from approved page logo alt text
WSC & Company,https://wscandcompany.com/portfolio/,Portfolio companies,operating company,Emission and Cooling Solutions,,,,,,,Medium,Extracted from approved page logo alt text
WSC & Company,https://wscandcompany.com/portfolio/,Portfolio companies,operating company,EndoscopyMD,,,,,,,Medium,Extracted from approved page logo alt text
WSC & Company,https://wscandcompany.com/portfolio/,Portfolio companies,operating company,EyeQ Monitoring,,,,,,,Medium,Extracted from approved page logo alt text
WSC & Company,https://wscandcompany.com/portfolio/,Portfolio companies,operating company,FIMC,,,,,,,Medium,Extracted from approved page logo alt text
WSC & Company,https://wscandcompany.com/portfolio/,Portfolio companies,operating company,Green Garden Group,,,,,,,Medium,Extracted from approved page logo alt text
WSC & Company,https://wscandcompany.com/portfolio/,Portfolio companies,operating company,His Choice Health,,,,,,,Medium,Extracted from approved page logo alt text
WSC & Company,https://wscandcompany.com/portfolio/,Portfolio companies,operating company,Holland Supply Company,,,,,,,Medium,Extracted from approved page logo alt text
WSC & Company,https://wscandcompany.com/portfolio/,Portfolio companies,operating company,IMMSA,,,,,,,Medium,Extracted from approved page logo alt text
WSC & Company,https://wscandcompany.com/portfolio/,Portfolio companies,operating company,Infosel,,,,,,,Medium,Extracted from approved page logo alt text
WSC & Company,https://wscandcompany.com/portfolio/,Portfolio companies,operating company,JDXpert,,,,,,,Medium,Extracted from approved page logo alt text
WSC & Company,https://wscandcompany.com/portfolio/,Portfolio companies,operating company,JMG Marketing,,,,,,,Medium,Extracted from approved page logo alt text
WSC & Company,https://wscandcompany.com/portfolio/,Portfolio companies,operating company,JQ Medical,,,,,,,Medium,Extracted from approved page logo alt text
WSC & Company,https://wscandcompany.com/portfolio/,Portfolio companies,operating company,Kind Behavioral Health,,,,,,,Medium,Extracted from approved page logo alt text
WSC & Company,https://wscandcompany.com/portfolio/,Portfolio companies,operating company,Kofre Technologia,,,,,,,Medium,Extracted from approved page logo alt text
WSC & Company,https://wscandcompany.com/portfolio/,Portfolio companies,operating company,Legna Software,,,,,,,Medium,Extracted from approved page logo alt text
WSC & Company,https://wscandcompany.com/portfolio/,Portfolio companies,operating company,LineDrive,,,,,,,Medium,Extracted from approved page logo alt text
WSC & Company,https://wscandcompany.com/portfolio/,Portfolio companies,operating company,Léargas Security,,,,,,,Medium,Extracted from approved page logo alt text
WSC & Company,https://wscandcompany.com/portfolio/,Portfolio companies,operating company,Maher Services,,,,,,,Medium,Extracted from approved page logo alt text
WSC & Company,https://wscandcompany.com/portfolio/,Portfolio companies,operating company,Mas Seguros,,,,,,,Medium,Extracted from approved page logo alt text
WSC & Company,https://wscandcompany.com/portfolio/,Portfolio companies,operating company,Meridian Title,,,,,,,Medium,Extracted from approved page logo alt text
WSC & Company,https://wscandcompany.com/portfolio/,Portfolio companies,operating company,Metabolic Solutions,,,,,,,Medium,Extracted from approved page logo alt text
WSC & Company,https://wscandcompany.com/portfolio/,Portfolio companies,operating company,Moneta Technologies,,,,,,,Medium,Extracted from approved page logo alt text
WSC & Company,https://wscandcompany.com/portfolio/,Portfolio companies,operating company,Montis Financial,,,,,,,Medium,Extracted from approved page logo alt text
WSC & Company,https://wscandcompany.com/portfolio/,Portfolio companies,operating company,Neurobiologix,,,,,,,Medium,Extracted from approved page logo alt text
WSC & Company,https://wscandcompany.com/portfolio/,Portfolio companies,operating company,Nexti,,,,,,,Medium,Extracted from approved page logo alt text
WSC & Company,https://wscandcompany.com/portfolio/,Portfolio companies,operating company,No-IP,,,,,,,Medium,Extracted from approved page logo alt text
WSC & Company,https://wscandcompany.com/portfolio/,Portfolio companies,operating company,Nuance Medical,,,,,,,Medium,Extracted from approved page logo alt text
WSC & Company,https://wscandcompany.com/portfolio/,Portfolio companies,operating company,O&W Heat Treat,,,,,,,Medium,Extracted from approved page logo alt text
WSC & Company,https://wscandcompany.com/portfolio/,Portfolio companies,operating company,OneShield,,,,,,,Medium,Extracted from approved page logo alt text
WSC & Company,https://wscandcompany.com/portfolio/,Portfolio companies,operating company,Out of the Box Technology,,,,,,,Medium,Extracted from approved page logo alt text
WSC & Company,https://wscandcompany.com/portfolio/,Portfolio companies,operating company,Oxymed,,,,,,,Medium,Extracted from approved page logo alt text
WSC & Company,https://wscandcompany.com/portfolio/,Portfolio companies,operating company,"P&S Machining and Fabrication, Inc.",,,,,,,Medium,Extracted from approved page logo alt text
WSC & Company,https://wscandcompany.com/portfolio/,Portfolio companies,operating company,Pacific West Mechanical,,,,,,,Medium,Extracted from approved page logo alt text
WSC & Company,https://wscandcompany.com/portfolio/,Portfolio companies,operating company,PalCare,,,,,,,Medium,Extracted from approved page logo alt text
WSC & Company,https://wscandcompany.com/portfolio/,Portfolio companies,operating company,Premier Tree Specialists,,,,,,,Medium,Extracted from approved page logo alt text
WSC & Company,https://wscandcompany.com/portfolio/,Portfolio companies,operating company,Premier World Discovery,,,,,,,Medium,Extracted from approved page logo alt text
WSC & Company,https://wscandcompany.com/portfolio/,Portfolio companies,operating company,Quicksoft Technologia,,,,,,,Medium,Extracted from approved page logo alt text
WSC & Company,https://wscandcompany.com/portfolio/,Portfolio companies,operating company,Rent Andes,,,,,,,Medium,Extracted from approved page logo alt text
WSC & Company,https://wscandcompany.com/portfolio/,Portfolio companies,operating company,Resolute,,,,,,,Medium,Extracted from approved page logo alt text
WSC & Company,https://wscandcompany.com/portfolio/,Portfolio companies,operating company,Revive MedSpa,,,,,,,Medium,Extracted from approved page logo alt text
WSC & Company,https://wscandcompany.com/portfolio/,Portfolio companies,operating company,Solutions Group Accounting,,,,,,,Medium,Extracted from approved page logo alt text
WSC & Company,https://wscandcompany.com/portfolio/,Portfolio companies,operating company,Spanish Schoolhouse,,,,,,,Medium,Extracted from approved page logo alt text
WSC & Company,https://wscandcompany.com/portfolio/,Portfolio companies,operating company,Sunscape Landscaping,,,,,,,Medium,Extracted from approved page logo alt text
WSC & Company,https://wscandcompany.com/portfolio/,Portfolio companies,operating company,TACNA,,,,,,,Medium,Extracted from approved page logo alt text
WSC & Company,https://wscandcompany.com/portfolio/,Portfolio companies,operating company,Tactiq,,,,,,,Medium,Extracted from approved page logo alt text
WSC & Company,https://wscandcompany.com/portfolio/,Portfolio companies,operating company,Team Management Systems,,,,,,,Medium,Extracted from approved page logo alt text
WSC & Company,https://wscandcompany.com/portfolio/,Portfolio companies,operating company,Travelmax,,,,,,,Medium,Extracted from approved page logo alt text
WSC & Company,https://wscandcompany.com/portfolio/,Portfolio companies,operating company,Upper Hand,,,,,,,Medium,Extracted from approved page logo alt text
WSC & Company,https://wscandcompany.com/portfolio/,Portfolio companies,operating company,Voke,,,,,,,Medium,Extracted from approved page logo alt text
WSC & Company,https://wscandcompany.com/portfolio/,Portfolio companies,operating company,Advantage Surveillance,,,,,,,Medium,Extracted from approved page logo alt text
WSC & Company,https://wscandcompany.com/portfolio/,Portfolio companies,operating company,Automotive Business Solutions,,,,,,,Medium,Extracted from approved page logo alt text
WSC & Company,https://wscandcompany.com/portfolio/,Portfolio companies,operating company,Blue Sky Network,,,,,,,Medium,Extracted from approved page logo alt text
WSC & Company,https://wscandcompany.com/portfolio/,Portfolio companies,operating company,Botanical Designs,,,,,,,Medium,Extracted from approved page logo alt text
WSC & Company,https://wscandcompany.com/portfolio/,Portfolio companies,operating company,Chapparal Management,,,,,,,Medium,Extracted from approved page logo alt text
WSC & Company,https://wscandcompany.com/portfolio/,Portfolio companies,operating company,Dooblo,,,,,,,Medium,Extracted from approved page logo alt text
WSC & Company,https://wscandcompany.com/portfolio/,Portfolio companies,operating company,Dragonfly Pond Works,,,,,,,Medium,Extracted from approved page logo alt text
WSC & Company,https://wscandcompany.com/portfolio/,Portfolio companies,operating company,EMI Porta,,,,,,,Medium,Extracted from approved page logo alt text
WSC & Company,https://wscandcompany.com/portfolio/,Portfolio companies,operating company,Flint Group,,,,,,,Medium,Extracted from approved page logo alt text
WSC & Company,https://wscandcompany.com/portfolio/,Portfolio companies,operating company,FSI,,,,,,,Medium,Extracted from approved page logo alt text
WSC & Company,https://wscandcompany.com/portfolio/,Portfolio companies,operating company,Fusion Site,,,,,,,Medium,Extracted from approved page logo alt text
WSC & Company,https://wscandcompany.com/portfolio/,Portfolio companies,operating company,Grupo CTAIMA,,,,,,,Medium,Extracted from approved page logo alt text
WSC & Company,https://wscandcompany.com/portfolio/,Portfolio companies,operating company,I4PRO,,,,,,,Medium,Extracted from approved page logo alt text
WSC & Company,https://wscandcompany.com/portfolio/,Portfolio companies,operating company,ISPN Network Service,,,,,,,Medium,Extracted from approved page logo alt text
WSC & Company,https://wscandcompany.com/portfolio/,Portfolio companies,operating company,Labsoft,,,,,,,Medium,Extracted from approved page logo alt text
WSC & Company,https://wscandcompany.com/portfolio/,Portfolio companies,operating company,Microdea,,,,,,,Medium,Extracted from approved page logo alt text
WSC & Company,https://wscandcompany.com/portfolio/,Portfolio companies,operating company,Nova,,,,,,,Medium,Extracted from approved page logo alt text
WSC & Company,https://wscandcompany.com/portfolio/,Portfolio companies,operating company,Peerless Tent & Event,,,,,,,Medium,Extracted from approved page logo alt text
WSC & Company,https://wscandcompany.com/portfolio/,Portfolio companies,operating company,Perimeter Security Systems,,,,,,,Medium,Extracted from approved page logo alt text
WSC & Company,https://wscandcompany.com/portfolio/,Portfolio companies,operating company,PrecisionMed,,,,,,,Medium,Extracted from approved page logo alt text
WSC & Company,https://wscandcompany.com/portfolio/,Portfolio companies,operating company,Richmond Alarm Company,,,,,,,Medium,Extracted from approved page logo alt text
WSC & Company,https://wscandcompany.com/portfolio/,Portfolio companies,operating company,smarTours,,,,,,,Medium,Extracted from approved page logo alt text
WSC & Company,https://wscandcompany.com/portfolio/,Portfolio companies,operating company,Stone Pump & Trench,,,,,,,Medium,Extracted from approved page logo alt text
WSC & Company,https://wscandcompany.com/portfolio/,Portfolio companies,operating company,The Hose Monster Company,,,,,,,Medium,Extracted from approved page logo alt text
WSC & Company,https://wscandcompany.com/portfolio/,Portfolio companies,operating company,Utility Cloud,,,,,,,Medium,Extracted from approved page logo alt text
WSC & Company,https://wscandcompany.com/portfolio/,Portfolio companies,operating company,Voxco,,,,,,,Medium,Extracted from approved page logo alt text
WSC & Company,https://wscandcompany.com/portfolio/,Portfolio companies,operating company,Epac Flexible Packaging,,,,,,,Medium,Extracted from approved page logo alt text
WSC & Company,https://wscandcompany.com/portfolio/,Portfolio companies,operating company,Mapex,,,,,,,Medium,Extracted from approved page logo alt text
WSC & Company,https://wscandcompany.com/portfolio/,Portfolio companies,operating company,RMC,,,,,,,Medium,Extracted from approved page logo alt text
WSC & Company,https://wscandcompany.com/portfolio/,Search funds / entrepreneurs,search fund / entrepreneur vehicle,8th Wing Partners,,,,,,,Medium,Extracted from approved page logo alt text
WSC & Company,https://wscandcompany.com/portfolio/,Search funds / entrepreneurs,search fund / entrepreneur vehicle,Abridge Keystone Partners,,,,,,,Medium,Extracted from approved page logo alt text
WSC & Company,https://wscandcompany.com/portfolio/,Search funds / entrepreneurs,search fund / entrepreneur vehicle,Astoria Growth Partners,,,,,,,Medium,Extracted from approved page logo alt text
WSC & Company,https://wscandcompany.com/portfolio/,Search funds / entrepreneurs,search fund / entrepreneur vehicle,Atropates Capital,,,,,,,Medium,Extracted from approved page logo alt text
WSC & Company,https://wscandcompany.com/portfolio/,Search funds / entrepreneurs,search fund / entrepreneur vehicle,Baron Avenue,,,,,,,Medium,Extracted from approved page logo alt text
WSC & Company,https://wscandcompany.com/portfolio/,Search funds / entrepreneurs,search fund / entrepreneur vehicle,Beacon Education Group,,,,,,,Medium,Extracted from approved page logo alt text
WSC & Company,https://wscandcompany.com/portfolio/,Search funds / entrepreneurs,search fund / entrepreneur vehicle,Blue Haven Equity,,,,,,,Medium,Extracted from approved page logo alt text
WSC & Company,https://wscandcompany.com/portfolio/,Search funds / entrepreneurs,search fund / entrepreneur vehicle,Breakpoint Growth,,,,,,,Medium,Extracted from approved page logo alt text
WSC & Company,https://wscandcompany.com/portfolio/,Search funds / entrepreneurs,search fund / entrepreneur vehicle,Cardinal Summit,,,,,,,Medium,Extracted from approved page logo alt text
WSC & Company,https://wscandcompany.com/portfolio/,Search funds / entrepreneurs,search fund / entrepreneur vehicle,Ciclo Partners,,,,,,,Medium,Extracted from approved page logo alt text
WSC & Company,https://wscandcompany.com/portfolio/,Search funds / entrepreneurs,search fund / entrepreneur vehicle,Cinnamon Hill Partners,,,,,,,Medium,Extracted from approved page logo alt text
WSC & Company,https://wscandcompany.com/portfolio/,Search funds / entrepreneurs,search fund / entrepreneur vehicle,Cothrom Capital,,,,,,,Medium,Extracted from approved page logo alt text
WSC & Company,https://wscandcompany.com/portfolio/,Search funds / entrepreneurs,search fund / entrepreneur vehicle,Cupecoy Growth Partners,,,,,,,Medium,Extracted from approved page logo alt text
WSC & Company,https://wscandcompany.com/portfolio/,Search funds / entrepreneurs,search fund / entrepreneur vehicle,Dune Capital,,,,,,,Medium,Extracted from approved page logo alt text
WSC & Company,https://wscandcompany.com/portfolio/,Search funds / entrepreneurs,search fund / entrepreneur vehicle,Dune Creek Capital,,,,,,,Medium,Extracted from approved page logo alt text
WSC & Company,https://wscandcompany.com/portfolio/,Search funds / entrepreneurs,search fund / entrepreneur vehicle,Excelsa Partners,,,,,,,Medium,Extracted from approved page logo alt text
WSC & Company,https://wscandcompany.com/portfolio/,Search funds / entrepreneurs,search fund / entrepreneur vehicle,Focal Point Capital,,,,,,,Medium,Extracted from approved page logo alt text
WSC & Company,https://wscandcompany.com/portfolio/,Search funds / entrepreneurs,search fund / entrepreneur vehicle,Fox Legacy Partners,,,,,,,Medium,Extracted from approved page logo alt text
WSC & Company,https://wscandcompany.com/portfolio/,Search funds / entrepreneurs,search fund / entrepreneur vehicle,Grace Court Partners,,,,,,,Medium,Extracted from approved page logo alt text
WSC & Company,https://wscandcompany.com/portfolio/,Search funds / entrepreneurs,search fund / entrepreneur vehicle,Grandview Peak Capital,,,,,,,Medium,Extracted from approved page logo alt text
WSC & Company,https://wscandcompany.com/portfolio/,Search funds / entrepreneurs,search fund / entrepreneur vehicle,Granville Peak,,,,,,,Medium,Extracted from approved page logo alt text
WSC & Company,https://wscandcompany.com/portfolio/,Search funds / entrepreneurs,search fund / entrepreneur vehicle,Highland Legacy Capital,,,,,,,Medium,Extracted from approved page logo alt text
WSC & Company,https://wscandcompany.com/portfolio/,Search funds / entrepreneurs,search fund / entrepreneur vehicle,Hope Street Capital,,,,,,,Medium,Extracted from approved page logo alt text
WSC & Company,https://wscandcompany.com/portfolio/,Search funds / entrepreneurs,search fund / entrepreneur vehicle,KNORI Capital,,,,,,,Medium,Extracted from approved page logo alt text
WSC & Company,https://wscandcompany.com/portfolio/,Search funds / entrepreneurs,search fund / entrepreneur vehicle,Legacy Pursuit,,,,,,,Medium,Extracted from approved page logo alt text
WSC & Company,https://wscandcompany.com/portfolio/,Search funds / entrepreneurs,search fund / entrepreneur vehicle,Leo Legacy,,,,,,,Medium,Extracted from approved page logo alt text
WSC & Company,https://wscandcompany.com/portfolio/,Search funds / entrepreneurs,search fund / entrepreneur vehicle,ML Capital,,,,,,,Medium,Extracted from approved page logo alt text
WSC & Company,https://wscandcompany.com/portfolio/,Search funds / entrepreneurs,search fund / entrepreneur vehicle,New Frontier Enterprises,,,,,,,Medium,Extracted from approved page logo alt text
WSC & Company,https://wscandcompany.com/portfolio/,Search funds / entrepreneurs,search fund / entrepreneur vehicle,Next Haven Group,,,,,,,Medium,Extracted from approved page logo alt text
WSC & Company,https://wscandcompany.com/portfolio/,Search funds / entrepreneurs,search fund / entrepreneur vehicle,Old Brookewood Capital,,,,,,,Medium,Extracted from approved page logo alt text
WSC & Company,https://wscandcompany.com/portfolio/,Search funds / entrepreneurs,search fund / entrepreneur vehicle,Operative Capital,,,,,,,Medium,Extracted from approved page logo alt text
WSC & Company,https://wscandcompany.com/portfolio/,Search funds / entrepreneurs,search fund / entrepreneur vehicle,Palmetto & Pine,,,,,,,Medium,Extracted from approved page logo alt text
WSC & Company,https://wscandcompany.com/portfolio/,Search funds / entrepreneurs,search fund / entrepreneur vehicle,Pathfinder Growth Partners,,,,,,,Medium,Extracted from approved page logo alt text
WSC & Company,https://wscandcompany.com/portfolio/,Search funds / entrepreneurs,search fund / entrepreneur vehicle,Periscope Harbor,,,,,,,Medium,Extracted from approved page logo alt text
WSC & Company,https://wscandcompany.com/portfolio/,Search funds / entrepreneurs,search fund / entrepreneur vehicle,Pineway Capital,,,,,,,Medium,Extracted from approved page logo alt text
WSC & Company,https://wscandcompany.com/portfolio/,Search funds / entrepreneurs,search fund / entrepreneur vehicle,Radnor Lake Capital,,,,,,,Medium,Extracted from approved page logo alt text
WSC & Company,https://wscandcompany.com/portfolio/,Search funds / entrepreneurs,search fund / entrepreneur vehicle,Ripple Equity,,,,,,,Medium,Extracted from approved page logo alt text
WSC & Company,https://wscandcompany.com/portfolio/,Search funds / entrepreneurs,search fund / entrepreneur vehicle,Roxbury & Co.,,,,,,,Medium,Extracted from approved page logo alt text
WSC & Company,https://wscandcompany.com/portfolio/,Search funds / entrepreneurs,search fund / entrepreneur vehicle,Seven Seas Capital,,,,,,,Medium,Extracted from approved page logo alt text
WSC & Company,https://wscandcompany.com/portfolio/,Search funds / entrepreneurs,search fund / entrepreneur vehicle,Stonebriar Capital,,,,,,,Medium,Extracted from approved page logo alt text
WSC & Company,https://wscandcompany.com/portfolio/,Search funds / entrepreneurs,search fund / entrepreneur vehicle,Summit Roots Capital,,,,,,,Medium,Extracted from approved page logo alt text
WSC & Company,https://wscandcompany.com/portfolio/,Search funds / entrepreneurs,search fund / entrepreneur vehicle,Sun Harbor Capital,,,,,,,Medium,Extracted from approved page logo alt text
WSC & Company,https://wscandcompany.com/portfolio/,Search funds / entrepreneurs,search fund / entrepreneur vehicle,Tar River Legacy Partners,,,,,,,Medium,Extracted from approved page logo alt text
WSC & Company,https://wscandcompany.com/portfolio/,Search funds / entrepreneurs,search fund / entrepreneur vehicle,Third & Jefferson Holdings,,,,,,,Medium,Extracted from approved page logo alt text
WSC & Company,https://wscandcompany.com/portfolio/,Search funds / entrepreneurs,search fund / entrepreneur vehicle,Vast Hill Search Partners,,,,,,,Medium,Extracted from approved page logo alt text
WSC & Company,https://wscandcompany.com/portfolio/,Search funds / entrepreneurs,search fund / entrepreneur vehicle,Vertex Growth Partners,,,,,,,Medium,Extracted from approved page logo alt text
WSC & Company,https://wscandcompany.com/portfolio/,Search funds / entrepreneurs,search fund / entrepreneur vehicle,Vertical Investment Group,,,,,,,Medium,Extracted from approved page logo alt text
WSC & Company,https://wscandcompany.com/portfolio/,Search funds / entrepreneurs,search fund / entrepreneur vehicle,Wavelength Equity,,,,,,,Medium,Extracted from approved page logo alt text
WSC & Company,https://wscandcompany.com/portfolio/,Search funds / entrepreneurs,search fund / entrepreneur vehicle,Wells Street Partners,,,,,,,Medium,Extracted from approved page logo alt text
Trilogy Search Partners,https://trilogy-search.com/portfolio,Portfolio,operating company,Abound Health,,,,,,,High,Extracted from approved page Learn more cards
Trilogy Search Partners,https://trilogy-search.com/portfolio,Portfolio,operating company,ACES Monitoring,,,,,,,High,Extracted from approved page Learn more cards
Trilogy Search Partners,https://trilogy-search.com/portfolio,Portfolio,operating company,Advanced Aircrew Academy,,,,,,,High,Extracted from approved page Learn more cards
Trilogy Search Partners,https://trilogy-search.com/portfolio,Portfolio,operating company,Ascend Software,,,,,,,High,Extracted from approved page Learn more cards
Trilogy Search Partners,https://trilogy-search.com/portfolio,Portfolio,operating company,ASI Group,,,,,,,High,Extracted from approved page Learn more cards
Trilogy Search Partners,https://trilogy-search.com/portfolio,Portfolio,operating company,Automotive Business Solutions,,,,,,,High,Extracted from approved page Learn more cards
Trilogy Search Partners,https://trilogy-search.com/portfolio,Portfolio,operating company,BEX Realty,,,,,,,High,Extracted from approved page Learn more cards
Trilogy Search Partners,https://trilogy-search.com/portfolio,Portfolio,operating company,Botanical Designs,,,,,,,High,Extracted from approved page Learn more cards
Trilogy Search Partners,https://trilogy-search.com/portfolio,Portfolio,operating company,BP Logix,,,,,,,High,Extracted from approved page Learn more cards
Trilogy Search Partners,https://trilogy-search.com/portfolio,Portfolio,operating company,Bridge Insure,,,,,,,High,Extracted from approved page Learn more cards
Trilogy Search Partners,https://trilogy-search.com/portfolio,Portfolio,operating company,BroadPeak Partners,,,,,,,High,Extracted from approved page Learn more cards
Trilogy Search Partners,https://trilogy-search.com/portfolio,Portfolio,operating company,BSU Electronics,,,,,,,High,Extracted from approved page Learn more cards
Trilogy Search Partners,https://trilogy-search.com/portfolio,Portfolio,operating company,Canyonlands Camps,,,,,,,High,Extracted from approved page Learn more cards
Trilogy Search Partners,https://trilogy-search.com/portfolio,Portfolio,operating company,Castle Tire,,,,,,,High,Extracted from approved page Learn more cards
Trilogy Search Partners,https://trilogy-search.com/portfolio,Portfolio,operating company,Cerbo,,,,,,,High,Extracted from approved page Learn more cards
Trilogy Search Partners,https://trilogy-search.com/portfolio,Portfolio,operating company,CITTA Brokerage Co.,,,,,,,High,Extracted from approved page Learn more cards
Trilogy Search Partners,https://trilogy-search.com/portfolio,Portfolio,operating company,Clariti,,,,,,,High,Extracted from approved page Learn more cards
Trilogy Search Partners,https://trilogy-search.com/portfolio,Portfolio,operating company,Contact Centers Dominicana,,,,,,,High,Extracted from approved page Learn more cards
Trilogy Search Partners,https://trilogy-search.com/portfolio,Portfolio,operating company,Critical Path Security / Léargas Security,,,,,,,High,Extracted from approved page Learn more cards
Trilogy Search Partners,https://trilogy-search.com/portfolio,Portfolio,operating company,Crown Health,,,,,,,High,Extracted from approved page Learn more cards
Trilogy Search Partners,https://trilogy-search.com/portfolio,Portfolio,operating company,Crystal Practice Management,,,,,,,High,Extracted from approved page Learn more cards
Trilogy Search Partners,https://trilogy-search.com/portfolio,Portfolio,operating company,CSW,,,,,,,High,Extracted from approved page Learn more cards
Trilogy Search Partners,https://trilogy-search.com/portfolio,Portfolio,operating company,Dragonfly Pond Works,,,,,,,High,Extracted from approved page Learn more cards
Trilogy Search Partners,https://trilogy-search.com/portfolio,Portfolio,operating company,DriveSafe,,,,,,,High,Extracted from approved page Learn more cards
Trilogy Search Partners,https://trilogy-search.com/portfolio,Portfolio,operating company,Dynamic Growth,,,,,,,High,Extracted from approved page Learn more cards
Trilogy Search Partners,https://trilogy-search.com/portfolio,Portfolio,operating company,Efficient Hire,,,,,,,High,Extracted from approved page Learn more cards
Trilogy Search Partners,https://trilogy-search.com/portfolio,Portfolio,operating company,Emporos,,,,,,,High,Extracted from approved page Learn more cards
Trilogy Search Partners,https://trilogy-search.com/portfolio,Portfolio,operating company,EndoscopyMD,,,,,,,High,Extracted from approved page Learn more cards
Trilogy Search Partners,https://trilogy-search.com/portfolio,Portfolio,operating company,Ennoble Care,,,,,,,High,Extracted from approved page Learn more cards
Trilogy Search Partners,https://trilogy-search.com/portfolio,Portfolio,operating company,Ethos,,,,,,,High,Extracted from approved page Learn more cards
Trilogy Search Partners,https://trilogy-search.com/portfolio,Portfolio,operating company,ExpensePoint,,,,,,,High,Extracted from approved page Learn more cards
Trilogy Search Partners,https://trilogy-search.com/portfolio,Portfolio,operating company,Extended Care Professional (ECP),,,,,,,High,Extracted from approved page Learn more cards
Trilogy Search Partners,https://trilogy-search.com/portfolio,Portfolio,operating company,Falcon,,,,,,,High,Extracted from approved page Learn more cards
Trilogy Search Partners,https://trilogy-search.com/portfolio,Portfolio,operating company,FieldEdge,,,,,,,High,Extracted from approved page Learn more cards
Trilogy Search Partners,https://trilogy-search.com/portfolio,Portfolio,operating company,FleetFlo,,,,,,,High,Extracted from approved page Learn more cards
Trilogy Search Partners,https://trilogy-search.com/portfolio,Portfolio,operating company,Fraxion,,,,,,,High,Extracted from approved page Learn more cards
Trilogy Search Partners,https://trilogy-search.com/portfolio,Portfolio,operating company,FSI,,,,,,,High,Extracted from approved page Learn more cards
Trilogy Search Partners,https://trilogy-search.com/portfolio,Portfolio,operating company,Greenback Expat Tax Services,,,,,,,High,Extracted from approved page Learn more cards
Trilogy Search Partners,https://trilogy-search.com/portfolio,Portfolio,operating company,Growth99,,,,,,,High,Extracted from approved page Learn more cards
Trilogy Search Partners,https://trilogy-search.com/portfolio,Portfolio,operating company,Icon,,,,,,,High,Extracted from approved page Learn more cards
Trilogy Search Partners,https://trilogy-search.com/portfolio,Portfolio,operating company,IntellaTriage,,,,,,,High,Extracted from approved page Learn more cards
Trilogy Search Partners,https://trilogy-search.com/portfolio,Portfolio,operating company,ISI,,,,,,,High,Extracted from approved page Learn more cards
Trilogy Search Partners,https://trilogy-search.com/portfolio,Portfolio,operating company,ITpipes,,,,,,,High,Extracted from approved page Learn more cards
Trilogy Search Partners,https://trilogy-search.com/portfolio,Portfolio,operating company,Kind Behavioral Health,,,,,,,High,Extracted from approved page Learn more cards
Trilogy Search Partners,https://trilogy-search.com/portfolio,Portfolio,operating company,Market Equipment,,,,,,,High,Extracted from approved page Learn more cards
Trilogy Search Partners,https://trilogy-search.com/portfolio,Portfolio,operating company,Meridian Title,,,,,,,High,Extracted from approved page Learn more cards
Trilogy Search Partners,https://trilogy-search.com/portfolio,Portfolio,operating company,Message Digital,,,,,,,High,Extracted from approved page Learn more cards
Trilogy Search Partners,https://trilogy-search.com/portfolio,Portfolio,operating company,"Metabolic Solutions, Inc.",,,,,,,High,Extracted from approved page Learn more cards
Trilogy Search Partners,https://trilogy-search.com/portfolio,Portfolio,operating company,MeterNet,,,,,,,High,Extracted from approved page Learn more cards
Trilogy Search Partners,https://trilogy-search.com/portfolio,Portfolio,operating company,Morningside,,,,,,,High,Extracted from approved page Learn more cards
Trilogy Search Partners,https://trilogy-search.com/portfolio,Portfolio,operating company,Nuqleous,,,,,,,High,Extracted from approved page Learn more cards
Trilogy Search Partners,https://trilogy-search.com/portfolio,Portfolio,operating company,Omatic,,,,,,,High,Extracted from approved page Learn more cards
Trilogy Search Partners,https://trilogy-search.com/portfolio,Portfolio,operating company,OneShield,,,,,,,High,Extracted from approved page Learn more cards
Trilogy Search Partners,https://trilogy-search.com/portfolio,Portfolio,operating company,Pacific Fertility,,,,,,,High,Extracted from approved page Learn more cards
Trilogy Search Partners,https://trilogy-search.com/portfolio,Portfolio,operating company,Pando Home Care,,,,,,,High,Extracted from approved page Learn more cards
Trilogy Search Partners,https://trilogy-search.com/portfolio,Portfolio,operating company,Performio,,,,,,,High,Extracted from approved page Learn more cards
Trilogy Search Partners,https://trilogy-search.com/portfolio,Portfolio,operating company,PrecisionMed,,,,,,,High,Extracted from approved page Learn more cards
Trilogy Search Partners,https://trilogy-search.com/portfolio,Portfolio,operating company,Premier World Discovery,,,,,,,High,Extracted from approved page Learn more cards
Trilogy Search Partners,https://trilogy-search.com/portfolio,Portfolio,operating company,PtEverywhere,,,,,,,High,Extracted from approved page Learn more cards
Trilogy Search Partners,https://trilogy-search.com/portfolio,Portfolio,operating company,Radiation Detection Co,,,,,,,High,Extracted from approved page Learn more cards
Trilogy Search Partners,https://trilogy-search.com/portfolio,Portfolio,operating company,Reliable Premium Management,,,,,,,High,Extracted from approved page Learn more cards
Trilogy Search Partners,https://trilogy-search.com/portfolio,Portfolio,operating company,Remarkable Health,,,,,,,High,Extracted from approved page Learn more cards
Trilogy Search Partners,https://trilogy-search.com/portfolio,Portfolio,operating company,RMC,,,,,,,High,Extracted from approved page Learn more cards
Trilogy Search Partners,https://trilogy-search.com/portfolio,Portfolio,operating company,Spivey Services,,,,,,,High,Extracted from approved page Learn more cards
Trilogy Search Partners,https://trilogy-search.com/portfolio,Portfolio,operating company,Sterling Labs,,,,,,,High,Extracted from approved page Learn more cards
Trilogy Search Partners,https://trilogy-search.com/portfolio,Portfolio,operating company,Sunscape,,,,,,,High,Extracted from approved page Learn more cards
Trilogy Search Partners,https://trilogy-search.com/portfolio,Portfolio,operating company,SuperSalon,,,,,,,High,Extracted from approved page Learn more cards
Trilogy Search Partners,https://trilogy-search.com/portfolio,Portfolio,operating company,TASKRAY,,,,,,,High,Extracted from approved page Learn more cards
Trilogy Search Partners,https://trilogy-search.com/portfolio,Portfolio,operating company,Transifex,,,,,,,High,Extracted from approved page Learn more cards
Trilogy Search Partners,https://trilogy-search.com/portfolio,Portfolio,operating company,TrueMed LIS,,,,,,,High,Extracted from approved page Learn more cards
Trilogy Search Partners,https://trilogy-search.com/portfolio,Portfolio,operating company,Upper Hand,,,,,,,High,Extracted from approved page Learn more cards
Trilogy Search Partners,https://trilogy-search.com/portfolio,Portfolio,operating company,Utility Cloud,,,,,,,High,Extracted from approved page Learn more cards
Trilogy Search Partners,https://trilogy-search.com/portfolio,Portfolio,operating company,Wayleadr,,,,,,,High,Extracted from approved page Learn more cards
Trilogy Search Partners,https://trilogy-search.com/portfolio,Portfolio,operating company,Woven Care,,,,,,,High,Extracted from approved page Learn more cards
Search Fund Partners,https://www.searchfunds.net/portfolio,Portfolio,operating company,Growth99,,,,,,,High,
Search Fund Partners,https://www.searchfunds.net/portfolio,Portfolio,operating company,ELK Analytics,,,,,,,High,
Search Fund Partners,https://www.searchfunds.net/portfolio,Portfolio,operating company,Pelvic Health Solutions,,,,,,,High,
Search Fund Partners,https://www.searchfunds.net/portfolio,Portfolio,operating company,Big Box Storage,,,,,,,High,
Search Fund Partners,https://www.searchfunds.net/portfolio,Portfolio,operating company,4Ever Young,,,,,,,High,
Search Fund Partners,https://www.searchfunds.net/portfolio,Portfolio,operating company,FileOnQ Inc.,,,,,,,High,
Search Fund Partners,https://www.searchfunds.net/portfolio,Portfolio,operating company,ArborOne,,,,,,,High,
Search Fund Partners,https://www.searchfunds.net/portfolio,Portfolio,operating company,Premiere Property Services,,,,,,,High,
Search Fund Partners,https://www.searchfunds.net/portfolio,Portfolio,operating company,Utility Management Solutions,,,,,,,High,
Search Fund Partners,https://www.searchfunds.net/portfolio,Portfolio,operating company,Happy Paws Veterinary Partners,,,,,,,High,
Search Fund Partners,https://www.searchfunds.net/portfolio,Portfolio,operating company,Mudshare,,,,,,,High,
Search Fund Partners,https://www.searchfunds.net/portfolio,Portfolio,operating company,Belle Vie Wellness,,,,,,,High,
Search Fund Partners,https://www.searchfunds.net/portfolio,Portfolio,operating company,IT Pipes,,,,,,,High,
Search Fund Partners,https://www.searchfunds.net/portfolio,Portfolio,operating company,Greenback Expat Tax Service,,,,,,,High,
Search Fund Partners,https://www.searchfunds.net/portfolio,Portfolio,operating company,Luggage Forward,,,,,,,High,
Search Fund Partners,https://www.searchfunds.net/portfolio,Portfolio,operating company,Top Quadrant,,,,,,,High,
Search Fund Partners,https://www.searchfunds.net/portfolio,Portfolio,operating company,Swoogo,,,,,,,High,
Search Fund Partners,https://www.searchfunds.net/portfolio,Portfolio,operating company,Metro Vein,,,,,,,High,
Search Fund Partners,https://www.searchfunds.net/portfolio,Portfolio,operating company,Ethico,,,,,,,High,
Search Fund Partners,https://www.searchfunds.net/portfolio,Portfolio,operating company,Cerbo,,,,,,,High,
Search Fund Partners,https://www.searchfunds.net/portfolio,Portfolio,operating company,Caravel Autism Services,,,,,,,High,
Search Fund Partners,https://www.searchfunds.net/portfolio,Portfolio,operating company,Alert Protective Services,,,,,,,High,
Search Fund Partners,https://www.searchfunds.net/portfolio,Portfolio,operating company,American Vision Group,,,,,,,High,
Search Fund Partners,https://www.searchfunds.net/portfolio,Portfolio,operating company,AQC Traffic Control,,,,,,,High,
Search Fund Partners,https://www.searchfunds.net/portfolio,Portfolio,operating company,Automotive Business Solutions,,,,,,,High,
Search Fund Partners,https://www.searchfunds.net/portfolio,Portfolio,operating company,Bioactive Resources,,,,,,,High,
Search Fund Partners,https://www.searchfunds.net/portfolio,Portfolio,operating company,Bright Event Rentals,,,,,,,High,
Search Fund Partners,https://www.searchfunds.net/portfolio,Portfolio,operating company,Canada Cordage & Orion Ropeworks,,,,,,,High,
Search Fund Partners,https://www.searchfunds.net/portfolio,Portfolio,operating company,Canyonlands Camps,,,,,,,High,
Search Fund Partners,https://www.searchfunds.net/portfolio,Portfolio,operating company,Charter Impact,,,,,,,High,
Search Fund Partners,https://www.searchfunds.net/portfolio,Portfolio,operating company,Concierge Plus,,,,,,,High,
Search Fund Partners,https://www.searchfunds.net/portfolio,Portfolio,operating company,Consumer Affairs,,,,,,,High,
Search Fund Partners,https://www.searchfunds.net/portfolio,Portfolio,operating company,Cornerstone Business Group,,,,,,,High,
Search Fund Partners,https://www.searchfunds.net/portfolio,Portfolio,operating company,Dr. Snip,,,,,,,High,
Search Fund Partners,https://www.searchfunds.net/portfolio,Portfolio,operating company,DSD Partners,,,,,,,High,
Search Fund Partners,https://www.searchfunds.net/portfolio,Portfolio,operating company,ePac,,,,,,,High,
Search Fund Partners,https://www.searchfunds.net/portfolio,Portfolio,operating company,Fairwinds,,,,,,,High,
Search Fund Partners,https://www.searchfunds.net/portfolio,Portfolio,operating company,FIMC,,,,,,,High,
Search Fund Partners,https://www.searchfunds.net/portfolio,Portfolio,operating company,Fraxion,,,,,,,High,
Search Fund Partners,https://www.searchfunds.net/portfolio,Portfolio,operating company,GlobalCFO,,,,,,,High,
Search Fund Partners,https://www.searchfunds.net/portfolio,Portfolio,operating company,GLP Canada Ltd.,,,,,,,High,
Search Fund Partners,https://www.searchfunds.net/portfolio,Portfolio,operating company,GogoTech,,,,,,,High,
Search Fund Partners,https://www.searchfunds.net/portfolio,Portfolio,operating company,Harley Street Medical,,,,,,,High,
Search Fund Partners,https://www.searchfunds.net/portfolio,Portfolio,operating company,Hathorn Corporation,,,,,,,High,
Search Fund Partners,https://www.searchfunds.net/portfolio,Portfolio,operating company,Image Manufacturing Group,,,,,,,High,
Search Fund Partners,https://www.searchfunds.net/portfolio,Portfolio,operating company,In Charge,,,,,,,High,
Search Fund Partners,https://www.searchfunds.net/portfolio,Portfolio,operating company,ISI Telemanagement Solutions,,,,,,,High,
Search Fund Partners,https://www.searchfunds.net/portfolio,Portfolio,operating company,ISPN,,,,,,,High,
Search Fund Partners,https://www.searchfunds.net/portfolio,Portfolio,operating company,Kotter Group,,,,,,,High,
Search Fund Partners,https://www.searchfunds.net/portfolio,Portfolio,operating company,Lion Industrial,,,,,,,High,
Search Fund Partners,https://www.searchfunds.net/portfolio,Portfolio,operating company,maxRTE,,,,,,,High,
Search Fund Partners,https://www.searchfunds.net/portfolio,Portfolio,operating company,MD Clarity,,,,,,,High,
Search Fund Partners,https://www.searchfunds.net/portfolio,Portfolio,operating company,Meridian Title Corporation,,,,,,,High,
Search Fund Partners,https://www.searchfunds.net/portfolio,Portfolio,operating company,Meternet,,,,,,,High,
Search Fund Partners,https://www.searchfunds.net/portfolio,Portfolio,operating company,Montis Financial,,,,,,,High,
Search Fund Partners,https://www.searchfunds.net/portfolio,Portfolio,operating company,Nutrishare,,,,,,,High,
Search Fund Partners,https://www.searchfunds.net/portfolio,Portfolio,operating company,One Source,,,,,,,High,
Search Fund Partners,https://www.searchfunds.net/portfolio,Portfolio,operating company,Page Vault,,,,,,,High,
Search Fund Partners,https://www.searchfunds.net/portfolio,Portfolio,operating company,Paragon Legal,,,,,,,High,
Search Fund Partners,https://www.searchfunds.net/portfolio,Portfolio,operating company,Pharmacy Specialists,,,,,,,High,
Search Fund Partners,https://www.searchfunds.net/portfolio,Portfolio,operating company,Prelude Dynamics,,,,,,,High,
Search Fund Partners,https://www.searchfunds.net/portfolio,Portfolio,operating company,Quality Coding Software Solutions,,,,,,,High,
Search Fund Partners,https://www.searchfunds.net/portfolio,Portfolio,operating company,RDI Trials,,,,,,,High,
Search Fund Partners,https://www.searchfunds.net/portfolio,Portfolio,operating company,Redline Automotive,,,,,,,High,
Search Fund Partners,https://www.searchfunds.net/portfolio,Portfolio,operating company,RescueStat,,,,,,,High,
Search Fund Partners,https://www.searchfunds.net/portfolio,Portfolio,operating company,SafeLogic,,,,,,,High,
Search Fund Partners,https://www.searchfunds.net/portfolio,Portfolio,operating company,School Family Media,,,,,,,High,
Search Fund Partners,https://www.searchfunds.net/portfolio,Portfolio,operating company,Scott Le Roy Marketing,,,,,,,High,
Search Fund Partners,https://www.searchfunds.net/portfolio,Portfolio,operating company,Scribendi,,,,,,,High,
Search Fund Partners,https://www.searchfunds.net/portfolio,Portfolio,operating company,Shandy Clinic,,,,,,,High,
Search Fund Partners,https://www.searchfunds.net/portfolio,Portfolio,operating company,Softrip,,,,,,,High,
Search Fund Partners,https://www.searchfunds.net/portfolio,Portfolio,operating company,Spanish Schoolhouse,,,,,,,High,
Search Fund Partners,https://www.searchfunds.net/portfolio,Portfolio,operating company,Stat Analysis,,,,,,,High,
Search Fund Partners,https://www.searchfunds.net/portfolio,Portfolio,operating company,Subatomic Digital,,,,,,,High,
Search Fund Partners,https://www.searchfunds.net/portfolio,Portfolio,operating company,Sunscape Landscaping,,,,,,,High,
Search Fund Partners,https://www.searchfunds.net/portfolio,Portfolio,operating company,The Change Companies,,,,,,,High,
Search Fund Partners,https://www.searchfunds.net/portfolio,Portfolio,operating company,Travelmax,,,,,,,High,
Search Fund Partners,https://www.searchfunds.net/portfolio,Portfolio,operating company,Unleashed Technologies,,,,,,,High,
Search Fund Partners,https://www.searchfunds.net/portfolio,Portfolio,operating company,Wolin Design Group,,,,,,,High,
Search Fund Partners,https://www.searchfunds.net/portfolio,Portfolio,operating company,Xiltrix,,,,,,,High,
Search Fund Partners,https://www.searchfunds.net/portfolio,Portfolio,operating company,Castle Tire Recycling,,,,,,,High,
Search Fund Partners,https://www.searchfunds.net/portfolio,Portfolio,operating company,Craftsman Cutting Dies,,,,,,,High,
Search Fund Partners,https://www.searchfunds.net/portfolio,Portfolio,operating company,Detroit Dental Specialists,,,,,,,High,
Search Fund Partners,https://www.searchfunds.net/portfolio,Portfolio,operating company,eCards,,,,,,,High,
Search Fund Partners,https://www.searchfunds.net/portfolio,Portfolio,operating company,Inspired eLearning,,,,,,,High,
Search Fund Partners,https://www.searchfunds.net/portfolio,Portfolio,operating company,Kantola Training Solutions,,,,,,,High,
Search Fund Partners,https://www.searchfunds.net/portfolio,Portfolio,operating company,Kivuto,,,,,,,High,
Search Fund Partners,https://www.searchfunds.net/portfolio,Portfolio,operating company,OneShield,,,,,,,High,
Search Fund Partners,https://www.searchfunds.net/portfolio,Portfolio,operating company,Pacific Fertility Centers,,,,,,,High,
Search Fund Partners,https://www.searchfunds.net/portfolio,Portfolio,operating company,Peerless Events and Tents,,,,,,,High,
Search Fund Partners,https://www.searchfunds.net/portfolio,Portfolio,operating company,PrecisionMed,,,,,,,High,
Search Fund Partners,https://www.searchfunds.net/portfolio,Portfolio,operating company,Record Reproduction Services,,,,,,,High,
Search Fund Partners,https://www.searchfunds.net/portfolio,Portfolio,operating company,Scribsoft,,,,,,,High,
Search Fund Partners,https://www.searchfunds.net/portfolio,Portfolio,operating company,Triyam,,,,,,,High,
Search Fund Partners,https://www.searchfunds.net/portfolio,Portfolio,operating company,Advanced Network Solutions,,,,,,,High,
Search Fund Partners,https://www.searchfunds.net/portfolio,Portfolio,operating company,"Answer 1, LLC",,,,,,,High,
Search Fund Partners,https://www.searchfunds.net/portfolio,Portfolio,operating company,Appsian (Grey Heller),,,,,,,High,
Search Fund Partners,https://www.searchfunds.net/portfolio,Portfolio,operating company,Ascentia Home Health Care,,,,,,,High,
Search Fund Partners,https://www.searchfunds.net/portfolio,Portfolio,operating company,Asset Recovery,,,,,,,High,
Relay Investments,https://www.relayinvestments.com/portfolio,Portfolio,portfolio entity / search fund or operating company,Covalent Growth Partners,,,,,,,High,Source page has search fund and company sections; retained for source completeness
Relay Investments,https://www.relayinvestments.com/portfolio,Portfolio,portfolio entity / search fund or operating company,Alka Oaks Partners,,,,,,,High,Source page has search fund and company sections; retained for source completeness
Relay Investments,https://www.relayinvestments.com/portfolio,Portfolio,portfolio entity / search fund or operating company,Nico's Search Partners,,,,,,,High,Source page has search fund and company sections; retained for source completeness
Relay Investments,https://www.relayinvestments.com/portfolio,Portfolio,portfolio entity / search fund or operating company,Beacon Education Group,,,,,,,High,Source page has search fund and company sections; retained for source completeness
Relay Investments,https://www.relayinvestments.com/portfolio,Portfolio,portfolio entity / search fund or operating company,Sakai Capital,,,,,,,High,Source page has search fund and company sections; retained for source completeness
Relay Investments,https://www.relayinvestments.com/portfolio,Portfolio,portfolio entity / search fund or operating company,Catamaran Equity Partners,,,,,,,High,Source page has search fund and company sections; retained for source completeness
Relay Investments,https://www.relayinvestments.com/portfolio,Portfolio,portfolio entity / search fund or operating company,Highland Legacy Capital,,,,,,,High,Source page has search fund and company sections; retained for source completeness
Relay Investments,https://www.relayinvestments.com/portfolio,Portfolio,portfolio entity / search fund or operating company,Astoria Growth Partners,,,,,,,High,Source page has search fund and company sections; retained for source completeness
Relay Investments,https://www.relayinvestments.com/portfolio,Portfolio,portfolio entity / search fund or operating company,Granville Peak,,,,,,,High,Source page has search fund and company sections; retained for source completeness
Relay Investments,https://www.relayinvestments.com/portfolio,Portfolio,portfolio entity / search fund or operating company,Amana Succession Partners,,,,,,,High,Source page has search fund and company sections; retained for source completeness
Relay Investments,https://www.relayinvestments.com/portfolio,Portfolio,portfolio entity / search fund or operating company,Trident Equity Group,,,,,,,High,Source page has search fund and company sections; retained for source completeness
Relay Investments,https://www.relayinvestments.com/portfolio,Portfolio,portfolio entity / search fund or operating company,Arcas Capital,,,,,,,High,Source page has search fund and company sections; retained for source completeness
Relay Investments,https://www.relayinvestments.com/portfolio,Portfolio,portfolio entity / search fund or operating company,Ascenda Capital Partners,,,,,,,High,Source page has search fund and company sections; retained for source completeness
Relay Investments,https://www.relayinvestments.com/portfolio,Portfolio,portfolio entity / search fund or operating company,Palmetto & Pine,,,,,,,High,Source page has search fund and company sections; retained for source completeness
Relay Investments,https://www.relayinvestments.com/portfolio,Portfolio,portfolio entity / search fund or operating company,Outlive Capital,,,,,,,High,Source page has search fund and company sections; retained for source completeness
Relay Investments,https://www.relayinvestments.com/portfolio,Portfolio,portfolio entity / search fund or operating company,Lemont Partners,,,,,,,High,Source page has search fund and company sections; retained for source completeness
Relay Investments,https://www.relayinvestments.com/portfolio,Portfolio,portfolio entity / search fund or operating company,Octagon Search Equity,,,,,,,High,Source page has search fund and company sections; retained for source completeness
Relay Investments,https://www.relayinvestments.com/portfolio,Portfolio,portfolio entity / search fund or operating company,Dune Peak Partners,,,,,,,High,Source page has search fund and company sections; retained for source completeness
Relay Investments,https://www.relayinvestments.com/portfolio,Portfolio,portfolio entity / search fund or operating company,Bedrock Succession,,,,,,,High,Source page has search fund and company sections; retained for source completeness
Relay Investments,https://www.relayinvestments.com/portfolio,Portfolio,portfolio entity / search fund or operating company,Nexus Collaborative,,,,,,,High,Source page has search fund and company sections; retained for source completeness
Relay Investments,https://www.relayinvestments.com/portfolio,Portfolio,portfolio entity / search fund or operating company,Spruce Legacy Partners,,,,,,,High,Source page has search fund and company sections; retained for source completeness
Relay Investments,https://www.relayinvestments.com/portfolio,Portfolio,portfolio entity / search fund or operating company,720 Fund,,,,,,,High,Source page has search fund and company sections; retained for source completeness
Relay Investments,https://www.relayinvestments.com/portfolio,Portfolio,portfolio entity / search fund or operating company,Red Shirt Ventures,,,,,,,High,Source page has search fund and company sections; retained for source completeness
Relay Investments,https://www.relayinvestments.com/portfolio,Portfolio,portfolio entity / search fund or operating company,Cintu Transmission,,,,,,,High,Source page has search fund and company sections; retained for source completeness
Relay Investments,https://www.relayinvestments.com/portfolio,Portfolio,portfolio entity / search fund or operating company,Atropates Capital,,,,,,,High,Source page has search fund and company sections; retained for source completeness
Relay Investments,https://www.relayinvestments.com/portfolio,Portfolio,portfolio entity / search fund or operating company,Vialterna,,,,,,,High,Source page has search fund and company sections; retained for source completeness
Relay Investments,https://www.relayinvestments.com/portfolio,Portfolio,portfolio entity / search fund or operating company,Education Management & Networks,,,,,,,High,Source page has search fund and company sections; retained for source completeness
Relay Investments,https://www.relayinvestments.com/portfolio,Portfolio,portfolio entity / search fund or operating company,No-IP,,,,,,,High,Source page has search fund and company sections; retained for source completeness
Relay Investments,https://www.relayinvestments.com/portfolio,Portfolio,portfolio entity / search fund or operating company,VeloceIT,,,,,,,High,Source page has search fund and company sections; retained for source completeness
Relay Investments,https://www.relayinvestments.com/portfolio,Portfolio,portfolio entity / search fund or operating company,Zeker & Mobiel,,,,,,,High,Source page has search fund and company sections; retained for source completeness
Relay Investments,https://www.relayinvestments.com/portfolio,Portfolio,portfolio entity / search fund or operating company,Strategic Kids,,,,,,,High,Source page has search fund and company sections; retained for source completeness
Relay Investments,https://www.relayinvestments.com/portfolio,Portfolio,portfolio entity / search fund or operating company,SonarWiz,,,,,,,High,Source page has search fund and company sections; retained for source completeness
Relay Investments,https://www.relayinvestments.com/portfolio,Portfolio,portfolio entity / search fund or operating company,Herchenbach Industrie-Zeltebau,,,,,,,High,Source page has search fund and company sections; retained for source completeness
Relay Investments,https://www.relayinvestments.com/portfolio,Portfolio,portfolio entity / search fund or operating company,Reliable Premium Management,,,,,,,High,Source page has search fund and company sections; retained for source completeness
Relay Investments,https://www.relayinvestments.com/portfolio,Portfolio,portfolio entity / search fund or operating company,Honolulu Ship Supply,,,,,,,High,Source page has search fund and company sections; retained for source completeness
Relay Investments,https://www.relayinvestments.com/portfolio,Portfolio,portfolio entity / search fund or operating company,Apoplex,,,,,,,High,Source page has search fund and company sections; retained for source completeness
Relay Investments,https://www.relayinvestments.com/portfolio,Portfolio,portfolio entity / search fund or operating company,Multi-Service-Gummersbach (MSG),,,,,,,High,Source page has search fund and company sections; retained for source completeness
Relay Investments,https://www.relayinvestments.com/portfolio,Portfolio,portfolio entity / search fund or operating company,Windmill Wellness Ranch,,,,,,,High,Source page has search fund and company sections; retained for source completeness
Relay Investments,https://www.relayinvestments.com/portfolio,Portfolio,portfolio entity / search fund or operating company,Tacna Services,,,,,,,High,Source page has search fund and company sections; retained for source completeness
Relay Investments,https://www.relayinvestments.com/portfolio,Portfolio,portfolio entity / search fund or operating company,International Metals de Mexico (IMMSA),,,,,,,High,Source page has search fund and company sections; retained for source completeness
Relay Investments,https://www.relayinvestments.com/portfolio,Portfolio,portfolio entity / search fund or operating company,Growth 99,,,,,,,High,Source page has search fund and company sections; retained for source completeness
Relay Investments,https://www.relayinvestments.com/portfolio,Portfolio,portfolio entity / search fund or operating company,CRSS,,,,,,,High,Source page has search fund and company sections; retained for source completeness
Relay Investments,https://www.relayinvestments.com/portfolio,Portfolio,portfolio entity / search fund or operating company,BP Logix,,,,,,,High,Source page has search fund and company sections; retained for source completeness
Relay Investments,https://www.relayinvestments.com/portfolio,Portfolio,portfolio entity / search fund or operating company,Leaseir,,,,,,,High,Source page has search fund and company sections; retained for source completeness
Relay Investments,https://www.relayinvestments.com/portfolio,Portfolio,portfolio entity / search fund or operating company,File On Q,,,,,,,High,Source page has search fund and company sections; retained for source completeness
Relay Investments,https://www.relayinvestments.com/portfolio,Portfolio,portfolio entity / search fund or operating company,All Essential Fire & Security,,,,,,,High,Source page has search fund and company sections; retained for source completeness
Relay Investments,https://www.relayinvestments.com/portfolio,Portfolio,portfolio entity / search fund or operating company,Libnova,,,,,,,High,Source page has search fund and company sections; retained for source completeness
Relay Investments,https://www.relayinvestments.com/portfolio,Portfolio,portfolio entity / search fund or operating company,Singu,,,,,,,High,Source page has search fund and company sections; retained for source completeness
Relay Investments,https://www.relayinvestments.com/portfolio,Portfolio,portfolio entity / search fund or operating company,Soft Restaurant,,,,,,,High,Source page has search fund and company sections; retained for source completeness
Relay Investments,https://www.relayinvestments.com/portfolio,Portfolio,portfolio entity / search fund or operating company,NeoAssist,,,,,,,High,Source page has search fund and company sections; retained for source completeness
Hunter Search Capital,https://www.huntersearchcapital.com/portfolio-companies,Portfolio companies,operating company,Pelvic Health Solutions,,,,,,,Medium,Combined rendered visible text and approved page logo alt text
Hunter Search Capital,https://www.huntersearchcapital.com/portfolio-companies,Portfolio companies,operating company,Best Self Aesthetics,,,,,,,Medium,Combined rendered visible text and approved page logo alt text
Hunter Search Capital,https://www.huntersearchcapital.com/portfolio-companies,Portfolio companies,operating company,MD Clarity,,,,,,,Medium,Combined rendered visible text and approved page logo alt text
Hunter Search Capital,https://www.huntersearchcapital.com/portfolio-companies,Portfolio companies,operating company,Beryllium InfoSec,,,,,,,Medium,Combined rendered visible text and approved page logo alt text
Hunter Search Capital,https://www.huntersearchcapital.com/portfolio-companies,Portfolio companies,operating company,Lineage,,,,,,,Medium,Combined rendered visible text and approved page logo alt text
Hunter Search Capital,https://www.huntersearchcapital.com/portfolio-companies,Portfolio companies,operating company,Asclepian Group,,,,,,,Medium,Combined rendered visible text and approved page logo alt text
Hunter Search Capital,https://www.huntersearchcapital.com/portfolio-companies,Portfolio companies,operating company,Harley Street Medical,,,,,,,Medium,Combined rendered visible text and approved page logo alt text
Hunter Search Capital,https://www.huntersearchcapital.com/portfolio-companies,Portfolio companies,operating company,Aspire,,,,,,,Medium,Combined rendered visible text and approved page logo alt text
Hunter Search Capital,https://www.huntersearchcapital.com/portfolio-companies,Portfolio companies,operating company,eCard Systems,,,,,,,Medium,Combined rendered visible text and approved page logo alt text
Hunter Search Capital,https://www.huntersearchcapital.com/portfolio-companies,Portfolio companies,operating company,Nuqleous,,,,,,,Medium,Combined rendered visible text and approved page logo alt text
Hunter Search Capital,https://www.huntersearchcapital.com/portfolio-companies,Portfolio companies,operating company,ProPoint Solutions,,,,,,,Medium,Combined rendered visible text and approved page logo alt text
Hunter Search Capital,https://www.huntersearchcapital.com/portfolio-companies,Portfolio companies,operating company,Transifex,,,,,,,Medium,Combined rendered visible text and approved page logo alt text
Hunter Search Capital,https://www.huntersearchcapital.com/portfolio-companies,Portfolio companies,operating company,Govineer Solutions,,,,,,,Medium,Combined rendered visible text and approved page logo alt text
Hunter Search Capital,https://www.huntersearchcapital.com/portfolio-companies,Portfolio companies,operating company,Big Box Storage,,,,,,,Medium,Combined rendered visible text and approved page logo alt text
Hunter Search Capital,https://www.huntersearchcapital.com/portfolio-companies,Portfolio companies,operating company,Union Software Group,,,,,,,Medium,Combined rendered visible text and approved page logo alt text
Hunter Search Capital,https://www.huntersearchcapital.com/portfolio-companies,Portfolio companies,operating company,Circle Surrogacy,,,,,,,Medium,Combined rendered visible text and approved page logo alt text
Hunter Search Capital,https://www.huntersearchcapital.com/portfolio-companies,Portfolio companies,operating company,maxRTE,,,,,,,Medium,Combined rendered visible text and approved page logo alt text
Hunter Search Capital,https://www.huntersearchcapital.com/portfolio-companies,Portfolio companies,operating company,York Street,,,,,,,Medium,Combined rendered visible text and approved page logo alt text
Hunter Search Capital,https://www.huntersearchcapital.com/portfolio-companies,Portfolio companies,operating company,APA Medical Equipment,,,,,,,Medium,Combined rendered visible text and approved page logo alt text
Hunter Search Capital,https://www.huntersearchcapital.com/portfolio-companies,Portfolio companies,operating company,Beartown Holdings,,,,,,,Medium,Combined rendered visible text and approved page logo alt text
Hunter Search Capital,https://www.huntersearchcapital.com/portfolio-companies,Portfolio companies,operating company,Anterra,,,,,,,Medium,Combined rendered visible text and approved page logo alt text
Hunter Search Capital,https://www.huntersearchcapital.com/portfolio-companies,Portfolio companies,operating company,Premier Tree Specialists,,,,,,,Medium,Combined rendered visible text and approved page logo alt text
Hunter Search Capital,https://www.huntersearchcapital.com/portfolio-companies,Portfolio companies,operating company,Growth99,,,,,,,Medium,Combined rendered visible text and approved page logo alt text
Hunter Search Capital,https://www.huntersearchcapital.com/portfolio-companies,Portfolio companies,operating company,FMT Solutions,,,,,,,Medium,Combined rendered visible text and approved page logo alt text
Hunter Search Capital,https://www.huntersearchcapital.com/portfolio-companies,Portfolio companies,operating company,Biometrics4ALL,,,,,,,Medium,Combined rendered visible text and approved page logo alt text
Hunter Search Capital,https://www.huntersearchcapital.com/portfolio-companies,Portfolio companies,operating company,Radiant Health Partners,,,,,,,Medium,Combined rendered visible text and approved page logo alt text
Hunter Search Capital,https://www.huntersearchcapital.com/portfolio-companies,Portfolio companies,operating company,Chronus,,,,,,,Medium,Combined rendered visible text and approved page logo alt text
Hunter Search Capital,https://www.huntersearchcapital.com/portfolio-companies,Portfolio companies,operating company,Vitana Pediatric & Orthodontic Partners,,,,,,,Medium,Combined rendered visible text and approved page logo alt text
Hunter Search Capital,https://www.huntersearchcapital.com/portfolio-companies,Portfolio companies,operating company,Risk Mitigation Consulting,,,,,,,Medium,Combined rendered visible text and approved page logo alt text
Hunter Search Capital,https://www.huntersearchcapital.com/portfolio-companies,Portfolio companies,operating company,AQC Traffic Control,,,,,,,Medium,Combined rendered visible text and approved page logo alt text
Hunter Search Capital,https://www.huntersearchcapital.com/portfolio-companies,Portfolio companies,operating company,AdComp Systems,,,,,,,Medium,Combined rendered visible text and approved page logo alt text
Hunter Search Capital,https://www.huntersearchcapital.com/portfolio-companies,Portfolio companies,operating company,ElderTree Care Management,,,,,,,Medium,Combined rendered visible text and approved page logo alt text
Hunter Search Capital,https://www.huntersearchcapital.com/portfolio-companies,Portfolio companies,operating company,FileOnQ,,,,,,,Medium,Combined rendered visible text and approved page logo alt text
Hunter Search Capital,https://www.huntersearchcapital.com/portfolio-companies,Portfolio companies,operating company,Athena Aesthetics,,,,,,,Medium,Combined rendered visible text and approved page logo alt text
Hunter Search Capital,https://www.huntersearchcapital.com/portfolio-companies,Portfolio companies,operating company,Forio,,,,,,,Medium,Combined rendered visible text and approved page logo alt text
Hunter Search Capital,https://www.huntersearchcapital.com/portfolio-companies,Portfolio companies,operating company,4Ever Young,,,,,,,Medium,Combined rendered visible text and approved page logo alt text
Endurance Search Partners,https://www.endurancesearchpartners.com/investments,Investments,operating company,1SEO Digital Agency,,,,,,,High,
Endurance Search Partners,https://www.endurancesearchpartners.com/investments,Investments,operating company,360 Smart Networks,,,,,,,High,
Endurance Search Partners,https://www.endurancesearchpartners.com/investments,Investments,operating company,AdComp Systems Group,,,,,,,High,
Endurance Search Partners,https://www.endurancesearchpartners.com/investments,Investments,operating company,Advanced Network Solutions,,,,,,,High,
Endurance Search Partners,https://www.endurancesearchpartners.com/investments,Investments,operating company,Air Crew Academy,,,,,,,High,
Endurance Search Partners,https://www.endurancesearchpartners.com/investments,Investments,operating company,Altro Pharmaceuticals,,,,,,,High,
Endurance Search Partners,https://www.endurancesearchpartners.com/investments,Investments,operating company,American Security Systems,,,,,,,High,
Endurance Search Partners,https://www.endurancesearchpartners.com/investments,Investments,operating company,Amici Pharmaceuticals,,,,,,,High,
Endurance Search Partners,https://www.endurancesearchpartners.com/investments,Investments,operating company,Answer 1 Communications,,,,,,,High,
Endurance Search Partners,https://www.endurancesearchpartners.com/investments,Investments,operating company,Apex,,,,,,,High,
Endurance Search Partners,https://www.endurancesearchpartners.com/investments,Investments,operating company,Applied Data Corporation (ADC),,,,,,,High,
Endurance Search Partners,https://www.endurancesearchpartners.com/investments,Investments,operating company,AQC Traffic Control,,,,,,,High,
Endurance Search Partners,https://www.endurancesearchpartners.com/investments,Investments,operating company,AspenRidge,,,,,,,High,
Endurance Search Partners,https://www.endurancesearchpartners.com/investments,Investments,operating company,Aspire Home Healthcare,,,,,,,High,
Endurance Search Partners,https://www.endurancesearchpartners.com/investments,Investments,operating company,Atticus,,,,,,,High,
Endurance Search Partners,https://www.endurancesearchpartners.com/investments,Investments,operating company,Automotive Business Solutions (ABS),,,,,,,High,
Endurance Search Partners,https://www.endurancesearchpartners.com/investments,Investments,operating company,Avesta Ketamine & Wellness,,,,,,,High,
Endurance Search Partners,https://www.endurancesearchpartners.com/investments,Investments,operating company,AW Site Services Holdings,,,,,,,High,
Endurance Search Partners,https://www.endurancesearchpartners.com/investments,Investments,operating company,Axero Solutions,,,,,,,High,
Endurance Search Partners,https://www.endurancesearchpartners.com/investments,Investments,operating company,Aymira,,,,,,,High,
Endurance Search Partners,https://www.endurancesearchpartners.com/investments,Investments,operating company,BelleVie Wellness & Medical Aesthetics,,,,,,,High,
Endurance Search Partners,https://www.endurancesearchpartners.com/investments,Investments,operating company,Big Box Storage LLC,,,,,,,High,
Endurance Search Partners,https://www.endurancesearchpartners.com/investments,Investments,operating company,Bio Behavioral Institute,,,,,,,High,
Endurance Search Partners,https://www.endurancesearchpartners.com/investments,Investments,operating company,Blu Digital Group,,,,,,,High,
Endurance Search Partners,https://www.endurancesearchpartners.com/investments,Investments,operating company,Blue Sky Network,,,,,,,High,
Endurance Search Partners,https://www.endurancesearchpartners.com/investments,Investments,operating company,BNI,,,,,,,High,
Endurance Search Partners,https://www.endurancesearchpartners.com/investments,Investments,operating company,Botanical Designs,,,,,,,High,
Endurance Search Partners,https://www.endurancesearchpartners.com/investments,Investments,operating company,Bright Market LLC (dba FastSpring),,,,,,,High,
Endurance Search Partners,https://www.endurancesearchpartners.com/investments,Investments,operating company,Briscoe Protective (fka Worldwide Security),,,,,,,High,
Endurance Search Partners,https://www.endurancesearchpartners.com/investments,Investments,operating company,BroadPeak Partners,,,,,,,High,
Endurance Search Partners,https://www.endurancesearchpartners.com/investments,Investments,operating company,"Broughton Pharmaceuticals, LLC",,,,,,,High,
Endurance Search Partners,https://www.endurancesearchpartners.com/investments,Investments,operating company,Canadian Industrial Pumps Ltd.,,,,,,,High,
Endurance Search Partners,https://www.endurancesearchpartners.com/investments,Investments,operating company,Canyonlands Camps,,,,,,,High,
Endurance Search Partners,https://www.endurancesearchpartners.com/investments,Investments,operating company,"Capin-Vyborny, LLC",,,,,,,High,
Endurance Search Partners,https://www.endurancesearchpartners.com/investments,Investments,operating company,Caravel Autism Health,,,,,,,High,
Endurance Search Partners,https://www.endurancesearchpartners.com/investments,Investments,operating company,CarData,,,,,,,High,
Endurance Search Partners,https://www.endurancesearchpartners.com/investments,Investments,operating company,Castle Tire Recycling,,,,,,,High,
Endurance Search Partners,https://www.endurancesearchpartners.com/investments,Investments,operating company,CatchAll Environmental,,,,,,,High,
Endurance Search Partners,https://www.endurancesearchpartners.com/investments,Investments,operating company,Central Storage & Warehouse,,,,,,,High,
Endurance Search Partners,https://www.endurancesearchpartners.com/investments,Investments,operating company,Cerbo,,,,,,,High,
Endurance Search Partners,https://www.endurancesearchpartners.com/investments,Investments,operating company,Charter Impact,,,,,,,High,
Endurance Search Partners,https://www.endurancesearchpartners.com/investments,Investments,operating company,Chronus Corporation,,,,,,,High,
Endurance Search Partners,https://www.endurancesearchpartners.com/investments,Investments,operating company,Cicero Therapies,,,,,,,High,
Endurance Search Partners,https://www.endurancesearchpartners.com/investments,Investments,operating company,CITTA Brokerage Co.,,,,,,,High,
Endurance Search Partners,https://www.endurancesearchpartners.com/investments,Investments,operating company,Climate Earth,,,,,,,High,
Endurance Search Partners,https://www.endurancesearchpartners.com/investments,Investments,operating company,Community Resources and Support Services,,,,,,,High,
Endurance Search Partners,https://www.endurancesearchpartners.com/investments,Investments,operating company,ComplianceLine,,,,,,,High,
Endurance Search Partners,https://www.endurancesearchpartners.com/investments,Investments,operating company,Comprehensive Mobile Care,,,,,,,High,
Endurance Search Partners,https://www.endurancesearchpartners.com/investments,Investments,operating company,ComputeNorth,,,,,,,High,
Endurance Search Partners,https://www.endurancesearchpartners.com/investments,Investments,operating company,Concierge Plus,,,,,,,High,
Endurance Search Partners,https://www.endurancesearchpartners.com/investments,Investments,operating company,Constellant,,,,,,,High,
Endurance Search Partners,https://www.endurancesearchpartners.com/investments,Investments,operating company,"Contract Sweeping Services, LLC",,,,,,,High,
Endurance Search Partners,https://www.endurancesearchpartners.com/investments,Investments,operating company,Craftsman & Unity,,,,,,,High,
Endurance Search Partners,https://www.endurancesearchpartners.com/investments,Investments,operating company,Current Ware & Code Work,,,,,,,High,
Endurance Search Partners,https://www.endurancesearchpartners.com/investments,Investments,operating company,Design Communications (DCI),,,,,,,High,
Endurance Search Partners,https://www.endurancesearchpartners.com/investments,Investments,operating company,DHA Laboratory,,,,,,,High,
Endurance Search Partners,https://www.endurancesearchpartners.com/investments,Investments,operating company,Domecile,,,,,,,High,
Endurance Search Partners,https://www.endurancesearchpartners.com/investments,Investments,operating company,DriveSafe,,,,,,,High,
Endurance Search Partners,https://www.endurancesearchpartners.com/investments,Investments,operating company,DSD Partners,,,,,,,High,
Endurance Search Partners,https://www.endurancesearchpartners.com/investments,Investments,operating company,Dynamic Rubber,,,,,,,High,
Endurance Search Partners,https://www.endurancesearchpartners.com/investments,Investments,operating company,"Earth Development, Inc.",,,,,,,High,
Endurance Search Partners,https://www.endurancesearchpartners.com/investments,Investments,operating company,Echosec Systems,,,,,,,High,
Endurance Search Partners,https://www.endurancesearchpartners.com/investments,Investments,operating company,Eclipse Cash Systems,,,,,,,High,
Endurance Search Partners,https://www.endurancesearchpartners.com/investments,Investments,operating company,ElderTree,,,,,,,High,
Endurance Search Partners,https://www.endurancesearchpartners.com/investments,Investments,operating company,Eleven Software,,,,,,,High,
Endurance Search Partners,https://www.endurancesearchpartners.com/investments,Investments,operating company,Elk Analytics,,,,,,,High,
Endurance Search Partners,https://www.endurancesearchpartners.com/investments,Investments,operating company,"Emporos, Inc.",,,,,,,High,
Endurance Search Partners,https://www.endurancesearchpartners.com/investments,Investments,operating company,Ennoble Care,,,,,,,High,
Endurance Search Partners,https://www.endurancesearchpartners.com/investments,Investments,operating company,Environmental Monitoring and Technologies (EMT),,,,,,,High,
Endurance Search Partners,https://www.endurancesearchpartners.com/investments,Investments,operating company,ePac Flexible Packaging,,,,,,,High,
Endurance Search Partners,https://www.endurancesearchpartners.com/investments,Investments,operating company,EvoText,,,,,,,High,
Endurance Search Partners,https://www.endurancesearchpartners.com/investments,Investments,operating company,ExpensePoint,,,,,,,High,
Endurance Search Partners,https://www.endurancesearchpartners.com/investments,Investments,operating company,"Facilities Survey, Inc.",,,,,,,High,
Endurance Search Partners,https://www.endurancesearchpartners.com/investments,Investments,operating company,Falcon Critical Care Transport,,,,,,,High,
Endurance Search Partners,https://www.endurancesearchpartners.com/investments,Investments,operating company,Financial Insurance Management Corporation (FIMC),,,,,,,High,
Endurance Search Partners,https://www.endurancesearchpartners.com/investments,Investments,operating company,Fleetflo,,,,,,,High,
Endurance Search Partners,https://www.endurancesearchpartners.com/investments,Investments,operating company,FluidSecure,,,,,,,High,
Endurance Search Partners,https://www.endurancesearchpartners.com/investments,Investments,operating company,Foster Heating and Cooling,,,,,,,High,
Endurance Search Partners,https://www.endurancesearchpartners.com/investments,Investments,operating company,GlobalCFO Group,,,,,,,High,
Endurance Search Partners,https://www.endurancesearchpartners.com/investments,Investments,operating company,GLP Canada,,,,,,,High,
Endurance Search Partners,https://www.endurancesearchpartners.com/investments,Investments,operating company,Greenback Expat Tax Services,,,,,,,High,
Endurance Search Partners,https://www.endurancesearchpartners.com/investments,Investments,operating company,Growth 99,,,,,,,High,
Endurance Search Partners,https://www.endurancesearchpartners.com/investments,Investments,operating company,HealthMark Group,,,,,,,High,
Endurance Search Partners,https://www.endurancesearchpartners.com/investments,Investments,operating company,Health Training Educational Services,,,,,,,High,
Endurance Search Partners,https://www.endurancesearchpartners.com/investments,Investments,operating company,Honolulu Ship Supply Co.,,,,,,,High,
Endurance Search Partners,https://www.endurancesearchpartners.com/investments,Investments,operating company,HousingWire,,,,,,,High,
Endurance Search Partners,https://www.endurancesearchpartners.com/investments,Investments,operating company,HRTMS,,,,,,,High,
Endurance Search Partners,https://www.endurancesearchpartners.com/investments,Investments,operating company,HRtoGo,,,,,,,High,
Endurance Search Partners,https://www.endurancesearchpartners.com/investments,Investments,operating company,"Hydro Flow Products, Inc.",,,,,,,High,
Endurance Search Partners,https://www.endurancesearchpartners.com/investments,Investments,operating company,"Integrated Computer Systems, Inc.",,,,,,,High,
Endurance Search Partners,https://www.endurancesearchpartners.com/investments,Investments,operating company,ISI Telemanagement Solutions,,,,,,,High,
Endurance Search Partners,https://www.endurancesearchpartners.com/investments,Investments,operating company,"ISPN, Inc.",,,,,,,High,
Endurance Search Partners,https://www.endurancesearchpartners.com/investments,Investments,operating company,"Kantola Training Solutions, LLC",,,,,,,High,
Endurance Search Partners,https://www.endurancesearchpartners.com/investments,Investments,operating company,"Katonah Management Services, LLC",,,,,,,High,
Endurance Search Partners,https://www.endurancesearchpartners.com/investments,Investments,operating company,KGHP,,,,,,,High,
Endurance Search Partners,https://www.endurancesearchpartners.com/investments,Investments,operating company,Kivuto Solutions Inc.,,,,,,,High,
Endurance Search Partners,https://www.endurancesearchpartners.com/investments,Investments,operating company,Kollath CPA,,,,,,,High,
Endurance Search Partners,https://www.endurancesearchpartners.com/investments,Investments,operating company,Kotter Group,,,,,,,High,
Next Coast Ventures,https://www.nextcoastventures.com/portfolio,Portfolio,operating company,"We back early stage, high-growth startups outside the coasts",,,,,,,High,
Next Coast Ventures,https://www.nextcoastventures.com/portfolio,Portfolio,operating company,Able,,,,,,,High,
Next Coast Ventures,https://www.nextcoastventures.com/portfolio,Portfolio,operating company,Acadeum,,,,,,,High,
Next Coast Ventures,https://www.nextcoastventures.com/portfolio,Portfolio,operating company,"Aceable, Inc.",,,,,,,High,
Next Coast Ventures,https://www.nextcoastventures.com/portfolio,Portfolio,operating company,"Aclaimant, Inc.",,,,,,,High,
Next Coast Ventures,https://www.nextcoastventures.com/portfolio,Portfolio,operating company,"Alert Media, Inc.",,,,,,,High,
Next Coast Ventures,https://www.nextcoastventures.com/portfolio,Portfolio,operating company,Alias,,,,,,,High,
Next Coast Ventures,https://www.nextcoastventures.com/portfolio,Portfolio,operating company,Arcade,,,,,,,High,
Next Coast Ventures,https://www.nextcoastventures.com/portfolio,Portfolio,operating company,Architect.io,,,,,,,High,
Next Coast Ventures,https://www.nextcoastventures.com/portfolio,Portfolio,operating company,"Boxt, Inc.",,,,,,,High,
Next Coast Ventures,https://www.nextcoastventures.com/portfolio,Portfolio,operating company,BrainCheck,,,,,,,High,
Next Coast Ventures,https://www.nextcoastventures.com/portfolio,Portfolio,operating company,"Brava Home, Inc.",,,,,,,High,
Next Coast Ventures,https://www.nextcoastventures.com/portfolio,Portfolio,operating company,"Cardlytics, Inc.",,,,,,,High,
Next Coast Ventures,https://www.nextcoastventures.com/portfolio,Portfolio,operating company,"Ceresa, Inc.",,,,,,,High,
Next Coast Ventures,https://www.nextcoastventures.com/portfolio,Portfolio,operating company,Chargeback,,,,,,,High,
Next Coast Ventures,https://www.nextcoastventures.com/portfolio,Portfolio,operating company,"Clarity Money, Inc.",,,,,,,High,
Next Coast Ventures,https://www.nextcoastventures.com/portfolio,Portfolio,operating company,CollX,,,,,,,High,
Next Coast Ventures,https://www.nextcoastventures.com/portfolio,Portfolio,operating company,Conversifi,,,,,,,High,
Next Coast Ventures,https://www.nextcoastventures.com/portfolio,Portfolio,operating company,CoPilot Corporation,,,,,,,High,
Next Coast Ventures,https://www.nextcoastventures.com/portfolio,Portfolio,operating company,CoreChain,,,,,,,High,
Next Coast Ventures,https://www.nextcoastventures.com/portfolio,Portfolio,operating company,"Crowdhealth, Inc.",,,,,,,High,
Next Coast Ventures,https://www.nextcoastventures.com/portfolio,Portfolio,operating company,Cuvrd,,,,,,,High,
Next Coast Ventures,https://www.nextcoastventures.com/portfolio,Portfolio,operating company,Diligent Robotics,,,,,,,High,
Next Coast Ventures,https://www.nextcoastventures.com/portfolio,Portfolio,operating company,Distribute,,,,,,,High,
Next Coast Ventures,https://www.nextcoastventures.com/portfolio,Portfolio,operating company,"Domain Money, Inc.",,,,,,,High,
Next Coast Ventures,https://www.nextcoastventures.com/portfolio,Portfolio,operating company,Dosh Holdings,,,,,,,High,
Next Coast Ventures,https://www.nextcoastventures.com/portfolio,Portfolio,operating company,"Dropoff, Inc.",,,,,,,High,
Next Coast Ventures,https://www.nextcoastventures.com/portfolio,Portfolio,operating company,"Enboarder, Inc.",,,,,,,High,
Next Coast Ventures,https://www.nextcoastventures.com/portfolio,Portfolio,operating company,Endless Health,,,,,,,High,
Next Coast Ventures,https://www.nextcoastventures.com/portfolio,Portfolio,operating company,Eterneva,,,,,,,High,
Next Coast Ventures,https://www.nextcoastventures.com/portfolio,Portfolio,operating company,"Everly Health, Inc.",,,,,,,High,
Next Coast Ventures,https://www.nextcoastventures.com/portfolio,Portfolio,operating company,Finery,,,,,,,High,
Next Coast Ventures,https://www.nextcoastventures.com/portfolio,Portfolio,operating company,First Dollar,,,,,,,High,
Next Coast Ventures,https://www.nextcoastventures.com/portfolio,Portfolio,operating company,Flip,,,,,,,High,
Next Coast Ventures,https://www.nextcoastventures.com/portfolio,Portfolio,operating company,"FloorFound, Inc.",,,,,,,High,
Next Coast Ventures,https://www.nextcoastventures.com/portfolio,Portfolio,operating company,Fondo,,,,,,,High,
Next Coast Ventures,https://www.nextcoastventures.com/portfolio,Portfolio,operating company,Frontrow Health,,,,,,,High,
Next Coast Ventures,https://www.nextcoastventures.com/portfolio,Portfolio,operating company,"Galileo, Inc.",,,,,,,High,
Next Coast Ventures,https://www.nextcoastventures.com/portfolio,Portfolio,operating company,"Goja Holdings, Inc.",,,,,,,High,
Next Coast Ventures,https://www.nextcoastventures.com/portfolio,Portfolio,operating company,Goodkind Co,,,,,,,High,
Next Coast Ventures,https://www.nextcoastventures.com/portfolio,Portfolio,operating company,Grazzy,,,,,,,High,
Next Coast Ventures,https://www.nextcoastventures.com/portfolio,Portfolio,operating company,Haul,,,,,,,High,
Next Coast Ventures,https://www.nextcoastventures.com/portfolio,Portfolio,operating company,Hip eCommerce,,,,,,,High,
Next Coast Ventures,https://www.nextcoastventures.com/portfolio,Portfolio,operating company,"ICON Technology, Inc.",,,,,,,High,
Next Coast Ventures,https://www.nextcoastventures.com/portfolio,Portfolio,operating company,Judy Security,,,,,,,High,
Next Coast Ventures,https://www.nextcoastventures.com/portfolio,Portfolio,operating company,"Kronologic, Inc.",,,,,,,High,
Next Coast Ventures,https://www.nextcoastventures.com/portfolio,Portfolio,operating company,"LeanDNA, Inc.",,,,,,,High,
Next Coast Ventures,https://www.nextcoastventures.com/portfolio,Portfolio,operating company,Legion Health,,,,,,,High,
Next Coast Ventures,https://www.nextcoastventures.com/portfolio,Portfolio,operating company,"Localfluence, Inc",,,,,,,High,
Next Coast Ventures,https://www.nextcoastventures.com/portfolio,Portfolio,operating company,Loman AI,,,,,,,High,
Next Coast Ventures,https://www.nextcoastventures.com/portfolio,Portfolio,operating company,Marqii,,,,,,,High,
Next Coast Ventures,https://www.nextcoastventures.com/portfolio,Portfolio,operating company,"Navegate, Inc.",,,,,,,High,
Next Coast Ventures,https://www.nextcoastventures.com/portfolio,Portfolio,operating company,Osano,,,,,,,High,
Next Coast Ventures,https://www.nextcoastventures.com/portfolio,Portfolio,operating company,Outlier,,,,,,,High,
Next Coast Ventures,https://www.nextcoastventures.com/portfolio,Portfolio,operating company,Passage,,,,,,,High,
Next Coast Ventures,https://www.nextcoastventures.com/portfolio,Portfolio,operating company,Propensity,,,,,,,High,
Next Coast Ventures,https://www.nextcoastventures.com/portfolio,Portfolio,operating company,Savi,,,,,,,High,
Next Coast Ventures,https://www.nextcoastventures.com/portfolio,Portfolio,operating company,Scorability,,,,,,,High,
Next Coast Ventures,https://www.nextcoastventures.com/portfolio,Portfolio,operating company,"Sift Science, Inc.",,,,,,,High,
Next Coast Ventures,https://www.nextcoastventures.com/portfolio,Portfolio,operating company,SiteOwl,,,,,,,High,
Next Coast Ventures,https://www.nextcoastventures.com/portfolio,Portfolio,operating company,Somite,,,,,,,High,
Next Coast Ventures,https://www.nextcoastventures.com/portfolio,Portfolio,operating company,Statt,,,,,,,High,
Next Coast Ventures,https://www.nextcoastventures.com/portfolio,Portfolio,operating company,Steadily,,,,,,,High,
Next Coast Ventures,https://www.nextcoastventures.com/portfolio,Portfolio,operating company,Stoplight,,,,,,,High,
Next Coast Ventures,https://www.nextcoastventures.com/portfolio,Portfolio,operating company,Street Smarts VR,,,,,,,High,
Next Coast Ventures,https://www.nextcoastventures.com/portfolio,Portfolio,operating company,Submittable Holdings Inc.,,,,,,,High,
Next Coast Ventures,https://www.nextcoastventures.com/portfolio,Portfolio,operating company,Swivel,,,,,,,High,
Next Coast Ventures,https://www.nextcoastventures.com/portfolio,Portfolio,operating company,Tenfold,,,,,,,High,
Next Coast Ventures,https://www.nextcoastventures.com/portfolio,Portfolio,operating company,Tiny Health,,,,,,,High,
Next Coast Ventures,https://www.nextcoastventures.com/portfolio,Portfolio,operating company,TrustRadius,,,,,,,High,
Next Coast Ventures,https://www.nextcoastventures.com/portfolio,Portfolio,operating company,"Tuned Systems, Inc.",,,,,,,High,
Next Coast Ventures,https://www.nextcoastventures.com/portfolio,Portfolio,operating company,UpEquity,,,,,,,High,
Next Coast Ventures,https://www.nextcoastventures.com/portfolio,Portfolio,operating company,Uplinq,,,,,,,High,
Next Coast Ventures,https://www.nextcoastventures.com/portfolio,Portfolio,operating company,Vertalo,,,,,,,High,
Next Coast Ventures,https://www.nextcoastventures.com/portfolio,Portfolio,operating company,VirtualZ Computing,,,,,,,High,
Next Coast Ventures,https://www.nextcoastventures.com/portfolio,Portfolio,operating company,Vital Interaction,,,,,,,High,
Next Coast Ventures,https://www.nextcoastventures.com/portfolio,Portfolio,operating company,Voxia,,,,,,,High,
Next Coast Ventures,https://www.nextcoastventures.com/portfolio,Portfolio,operating company,Workweek,,,,,,,High,
Futaleufu Partners,https://futaleufu-partners.com/our-investments/,Our investments,operating company,Anterra Technology,,,,,,,Medium,Approved source list captured from prior source review; direct page extraction not available in local cache
Futaleufu Partners,https://futaleufu-partners.com/our-investments/,Our investments,operating company,Axero Solutions,,,,,,,Medium,Approved source list captured from prior source review; direct page extraction not available in local cache
Futaleufu Partners,https://futaleufu-partners.com/our-investments/,Our investments,operating company,Banyan Software,,,,,,,Medium,Approved source list captured from prior source review; direct page extraction not available in local cache
Futaleufu Partners,https://futaleufu-partners.com/our-investments/,Our investments,operating company,BeeckerCo,,,,,,,Medium,Approved source list captured from prior source review; direct page extraction not available in local cache
Futaleufu Partners,https://futaleufu-partners.com/our-investments/,Our investments,operating company,Bio Behavioral Institute,,,,,,,Medium,Approved source list captured from prior source review; direct page extraction not available in local cache
Futaleufu Partners,https://futaleufu-partners.com/our-investments/,Our investments,operating company,Broughton Pharmaceuticals,,,,,,,Medium,Approved source list captured from prior source review; direct page extraction not available in local cache
Futaleufu Partners,https://futaleufu-partners.com/our-investments/,Our investments,operating company,CurrentWare,,,,,,,Medium,Approved source list captured from prior source review; direct page extraction not available in local cache
Futaleufu Partners,https://futaleufu-partners.com/our-investments/,Our investments,operating company,Elk Analytics,,,,,,,Medium,Approved source list captured from prior source review; direct page extraction not available in local cache
Futaleufu Partners,https://futaleufu-partners.com/our-investments/,Our investments,operating company,Emporos,,,,,,,Medium,Approved source list captured from prior source review; direct page extraction not available in local cache
Futaleufu Partners,https://futaleufu-partners.com/our-investments/,Our investments,operating company,FIMC,,,,,,,Medium,Approved source list captured from prior source review; direct page extraction not available in local cache
Futaleufu Partners,https://futaleufu-partners.com/our-investments/,Our investments,operating company,Growth99,,,,,,,Medium,Approved source list captured from prior source review; direct page extraction not available in local cache
Futaleufu Partners,https://futaleufu-partners.com/our-investments/,Our investments,operating company,HealthMark Group,,,,,,,Medium,Approved source list captured from prior source review; direct page extraction not available in local cache
Futaleufu Partners,https://futaleufu-partners.com/our-investments/,Our investments,operating company,IntellaTriage,,,,,,,Medium,Approved source list captured from prior source review; direct page extraction not available in local cache
Futaleufu Partners,https://futaleufu-partners.com/our-investments/,Our investments,operating company,Katonah Management Services,,,,,,,Medium,Approved source list captured from prior source review; direct page extraction not available in local cache
Futaleufu Partners,https://futaleufu-partners.com/our-investments/,Our investments,operating company,Kivuto,,,,,,,Medium,Approved source list captured from prior source review; direct page extraction not available in local cache
Futaleufu Partners,https://futaleufu-partners.com/our-investments/,Our investments,operating company,Morningside,,,,,,,Medium,Approved source list captured from prior source review; direct page extraction not available in local cache
Futaleufu Partners,https://futaleufu-partners.com/our-investments/,Our investments,operating company,OneShield,,,,,,,Medium,Approved source list captured from prior source review; direct page extraction not available in local cache
Futaleufu Partners,https://futaleufu-partners.com/our-investments/,Our investments,operating company,PrecisionMed,,,,,,,Medium,Approved source list captured from prior source review; direct page extraction not available in local cache
Futaleufu Partners,https://futaleufu-partners.com/our-investments/,Our investments,operating company,TaskRay,,,,,,,Medium,Approved source list captured from prior source review; direct page extraction not available in local cache
Futaleufu Partners,https://futaleufu-partners.com/our-investments/,Our investments,operating company,Transifex,,,,,,,Medium,Approved source list captured from prior source review; direct page extraction not available in local cache
Futaleufu Partners,https://futaleufu-partners.com/our-investments/,Our investments,operating company,Triyam,,,,,,,Medium,Approved source list captured from prior source review; direct page extraction not available in local cache
Maven Equity Partners,https://www.mavenequitypartners.com/portfolio,Portfolio,operating company,Advanced Aesthetics,,,,,,,Medium,Approved source list captured from rendered source review
Maven Equity Partners,https://www.mavenequitypartners.com/portfolio,Portfolio,operating company,Aesthetic Partners,,,,,,,Medium,Approved source list captured from rendered source review
Maven Equity Partners,https://www.mavenequitypartners.com/portfolio,Portfolio,operating company,APA Medical,,,,,,,Medium,Approved source list captured from rendered source review
Maven Equity Partners,https://www.mavenequitypartners.com/portfolio,Portfolio,operating company,Aproove,,,,,,,Medium,Approved source list captured from rendered source review
Maven Equity Partners,https://www.mavenequitypartners.com/portfolio,Portfolio,operating company,ASI Group,,,,,,,Medium,Approved source list captured from rendered source review
Maven Equity Partners,https://www.mavenequitypartners.com/portfolio,Portfolio,operating company,Aspire,,,,,,,Medium,Approved source list captured from rendered source review
Maven Equity Partners,https://www.mavenequitypartners.com/portfolio,Portfolio,operating company,Bonney,,,,,,,Medium,Approved source list captured from rendered source review
Maven Equity Partners,https://www.mavenequitypartners.com/portfolio,Portfolio,operating company,BSU Inc.,,,,,,,Medium,Approved source list captured from rendered source review
Maven Equity Partners,https://www.mavenequitypartners.com/portfolio,Portfolio,operating company,Canyonlands Camps,,,,,,,Medium,Approved source list captured from rendered source review
Maven Equity Partners,https://www.mavenequitypartners.com/portfolio,Portfolio,operating company,Catch All Environmental,,,,,,,Medium,Approved source list captured from rendered source review
Maven Equity Partners,https://www.mavenequitypartners.com/portfolio,Portfolio,operating company,Clariti Software,,,,,,,Medium,Approved source list captured from rendered source review
Maven Equity Partners,https://www.mavenequitypartners.com/portfolio,Portfolio,operating company,Cliff Ridge,,,,,,,Medium,Approved source list captured from rendered source review
Maven Equity Partners,https://www.mavenequitypartners.com/portfolio,Portfolio,operating company,Climate Earth,,,,,,,Medium,Approved source list captured from rendered source review
Maven Equity Partners,https://www.mavenequitypartners.com/portfolio,Portfolio,operating company,CoFi,,,,,,,Medium,Approved source list captured from rendered source review
Maven Equity Partners,https://www.mavenequitypartners.com/portfolio,Portfolio,operating company,DaVinci Unified,,,,,,,Medium,Approved source list captured from rendered source review
Maven Equity Partners,https://www.mavenequitypartners.com/portfolio,Portfolio,operating company,Endoscopy MD,,,,,,,Medium,Approved source list captured from rendered source review
Maven Equity Partners,https://www.mavenequitypartners.com/portfolio,Portfolio,operating company,Energy Ogre,,,,,,,Medium,Approved source list captured from rendered source review
Maven Equity Partners,https://www.mavenequitypartners.com/portfolio,Portfolio,operating company,Ennoble Care,,,,,,,Medium,Approved source list captured from rendered source review
Maven Equity Partners,https://www.mavenequitypartners.com/portfolio,Portfolio,operating company,Eventus Security,,,,,,,Medium,Approved source list captured from rendered source review
Maven Equity Partners,https://www.mavenequitypartners.com/portfolio,Portfolio,operating company,EvoText,,,,,,,Medium,Approved source list captured from rendered source review
Maven Equity Partners,https://www.mavenequitypartners.com/portfolio,Portfolio,operating company,Facial Aesthetics Inc.,,,,,,,Medium,Approved source list captured from rendered source review
Maven Equity Partners,https://www.mavenequitypartners.com/portfolio,Portfolio,operating company,GLP Canada,,,,,,,Medium,Approved source list captured from rendered source review
Maven Equity Partners,https://www.mavenequitypartners.com/portfolio,Portfolio,operating company,Herscan,,,,,,,Medium,Approved source list captured from rendered source review
Maven Equity Partners,https://www.mavenequitypartners.com/portfolio,Portfolio,operating company,Icon,,,,,,,Medium,Approved source list captured from rendered source review
Maven Equity Partners,https://www.mavenequitypartners.com/portfolio,Portfolio,operating company,IT Pipes,,,,,,,Medium,Approved source list captured from rendered source review
Maven Equity Partners,https://www.mavenequitypartners.com/portfolio,Portfolio,operating company,Management One,,,,,,,Medium,Approved source list captured from rendered source review
Maven Equity Partners,https://www.mavenequitypartners.com/portfolio,Portfolio,operating company,Mas Labor,,,,,,,Medium,Approved source list captured from rendered source review
Maven Equity Partners,https://www.mavenequitypartners.com/portfolio,Portfolio,operating company,Mas Seguros,,,,,,,Medium,Approved source list captured from rendered source review
Maven Equity Partners,https://www.mavenequitypartners.com/portfolio,Portfolio,operating company,Message Digital,,,,,,,Medium,Approved source list captured from rendered source review
Maven Equity Partners,https://www.mavenequitypartners.com/portfolio,Portfolio,operating company,New Leaf Publishing,,,,,,,Medium,Approved source list captured from rendered source review
Maven Equity Partners,https://www.mavenequitypartners.com/portfolio,Portfolio,operating company,Newburn Franklin,,,,,,,Medium,Approved source list captured from rendered source review
Maven Equity Partners,https://www.mavenequitypartners.com/portfolio,Portfolio,operating company,Nexplore,,,,,,,Medium,Approved source list captured from rendered source review
Maven Equity Partners,https://www.mavenequitypartners.com/portfolio,Portfolio,operating company,No-IP,,,,,,,Medium,Approved source list captured from rendered source review
Maven Equity Partners,https://www.mavenequitypartners.com/portfolio,Portfolio,operating company,Novopath,,,,,,,Medium,Approved source list captured from rendered source review
Maven Equity Partners,https://www.mavenequitypartners.com/portfolio,Portfolio,operating company,Odyssey Autism ABA Therapy,,,,,,,Medium,Approved source list captured from rendered source review
Maven Equity Partners,https://www.mavenequitypartners.com/portfolio,Portfolio,operating company,OneShield,,,,,,,Medium,Approved source list captured from rendered source review
Maven Equity Partners,https://www.mavenequitypartners.com/portfolio,Portfolio,operating company,Orion Cordage,,,,,,,Medium,Approved source list captured from rendered source review
Maven Equity Partners,https://www.mavenequitypartners.com/portfolio,Portfolio,operating company,Pando Home Care,,,,,,,Medium,Approved source list captured from rendered source review
Maven Equity Partners,https://www.mavenequitypartners.com/portfolio,Portfolio,operating company,Personal Physicians,,,,,,,Medium,Approved source list captured from rendered source review
Maven Equity Partners,https://www.mavenequitypartners.com/portfolio,Portfolio,operating company,PGS NH Care,,,,,,,Medium,Approved source list captured from rendered source review
Maven Equity Partners,https://www.mavenequitypartners.com/portfolio,Portfolio,operating company,Premier Tree Specialists,,,,,,,Medium,Approved source list captured from rendered source review
Maven Equity Partners,https://www.mavenequitypartners.com/portfolio,Portfolio,operating company,PS Machine,,,,,,,Medium,Approved source list captured from rendered source review
Maven Equity Partners,https://www.mavenequitypartners.com/portfolio,Portfolio,operating company,PT Everywhere,,,,,,,Medium,Approved source list captured from rendered source review
Maven Equity Partners,https://www.mavenequitypartners.com/portfolio,Portfolio,operating company,Ryzer,,,,,,,Medium,Approved source list captured from rendered source review
Maven Equity Partners,https://www.mavenequitypartners.com/portfolio,Portfolio,operating company,Saepio,,,,,,,Medium,Approved source list captured from rendered source review
Maven Equity Partners,https://www.mavenequitypartners.com/portfolio,Portfolio,operating company,SAMS,,,,,,,Medium,Approved source list captured from rendered source review
Maven Equity Partners,https://www.mavenequitypartners.com/portfolio,Portfolio,operating company,Seqent,,,,,,,Medium,Approved source list captured from rendered source review
Maven Equity Partners,https://www.mavenequitypartners.com/portfolio,Portfolio,operating company,Tacna,,,,,,,Medium,Approved source list captured from rendered source review
Maven Equity Partners,https://www.mavenequitypartners.com/portfolio,Portfolio,operating company,The Nearshore Company,,,,,,,Medium,Approved source list captured from rendered source review
Maven Equity Partners,https://www.mavenequitypartners.com/portfolio,Portfolio,operating company,TrueCare Biomedix,,,,,,,Medium,Approved source list captured from rendered source review
Maven Equity Partners,https://www.mavenequitypartners.com/portfolio,Portfolio,operating company,TrueMed LIS,,,,,,,Medium,Approved source list captured from rendered source review
Maven Equity Partners,https://www.mavenequitypartners.com/portfolio,Portfolio,operating company,WaveRock Software,,,,,,,Medium,Approved source list captured from rendered source review
Maven Equity Partners,https://www.mavenequitypartners.com/portfolio,Portfolio,operating company,Windmill Wellness Ranch,,,,,,,Medium,Approved source list captured from rendered source review
Maven Equity Partners,https://www.mavenequitypartners.com/portfolio,Portfolio,operating company,Belle Vie Medical,,,,,,,Medium,Approved source list captured from rendered source review
Maven Equity Partners,https://www.mavenequitypartners.com/portfolio,Portfolio,operating company,CarData,,,,,,,Medium,Approved source list captured from rendered source review
Maven Equity Partners,https://www.mavenequitypartners.com/portfolio,Portfolio,operating company,Echosec,,,,,,,Medium,Approved source list captured from rendered source review
Maven Equity Partners,https://www.mavenequitypartners.com/portfolio,Portfolio,operating company,ECP,,,,,,,Medium,Approved source list captured from rendered source review
Maven Equity Partners,https://www.mavenequitypartners.com/portfolio,Portfolio,operating company,Knight Franchise Holdings,,,,,,,Medium,Approved source list captured from rendered source review
Maven Equity Partners,https://www.mavenequitypartners.com/portfolio,Portfolio,operating company,Transifex,,,,,,,Medium,Approved source list captured from rendered source review
Peterson Partners,https://www.petersonpartners.com/portfolio/,Portfolio,operating company,Abound Health,,,,,,,Medium,Approved source list captured from rendered source review
Peterson Partners,https://www.petersonpartners.com/portfolio/,Portfolio,operating company,Airin,,,,,,,Medium,Approved source list captured from rendered source review
Peterson Partners,https://www.petersonpartners.com/portfolio/,Portfolio,operating company,Allbirds,,,,,,,Medium,Approved source list captured from rendered source review
Peterson Partners,https://www.petersonpartners.com/portfolio/,Portfolio,operating company,Anterra Technology,,,,,,,Medium,Approved source list captured from rendered source review
Peterson Partners,https://www.petersonpartners.com/portfolio/,Portfolio,operating company,Artemis,,,,,,,Medium,Approved source list captured from rendered source review
Peterson Partners,https://www.petersonpartners.com/portfolio/,Portfolio,operating company,Aspire Home Health Care,,,,,,,Medium,Approved source list captured from rendered source review
Peterson Partners,https://www.petersonpartners.com/portfolio/,Portfolio,operating company,Atlas Urology,,,,,,,Medium,Approved source list captured from rendered source review
Peterson Partners,https://www.petersonpartners.com/portfolio/,Portfolio,operating company,Backbone,,,,,,,Medium,Approved source list captured from rendered source review
Peterson Partners,https://www.petersonpartners.com/portfolio/,Portfolio,operating company,Banyan,,,,,,,Medium,Approved source list captured from rendered source review
Peterson Partners,https://www.petersonpartners.com/portfolio/,Portfolio,operating company,Beecker,,,,,,,Medium,Approved source list captured from rendered source review
Peterson Partners,https://www.petersonpartners.com/portfolio/,Portfolio,operating company,Blue Matador,,,,,,,Medium,Approved source list captured from rendered source review
Peterson Partners,https://www.petersonpartners.com/portfolio/,Portfolio,operating company,Blyncsy,,,,,,,Medium,Approved source list captured from rendered source review
Peterson Partners,https://www.petersonpartners.com/portfolio/,Portfolio,operating company,Bonobos,,,,,,,Medium,Approved source list captured from rendered source review
Peterson Partners,https://www.petersonpartners.com/portfolio/,Portfolio,operating company,BrainStorm,,,,,,,Medium,Approved source list captured from rendered source review
Peterson Partners,https://www.petersonpartners.com/portfolio/,Portfolio,operating company,Breeze Airways,,,,,,,Medium,Approved source list captured from rendered source review
Peterson Partners,https://www.petersonpartners.com/portfolio/,Portfolio,operating company,Buffy,,,,,,,Medium,Approved source list captured from rendered source review
Peterson Partners,https://www.petersonpartners.com/portfolio/,Portfolio,operating company,Callpop,,,,,,,Medium,Approved source list captured from rendered source review
Peterson Partners,https://www.petersonpartners.com/portfolio/,Portfolio,operating company,Central Storage & Warehouse,,,,,,,Medium,Approved source list captured from rendered source review
Peterson Partners,https://www.petersonpartners.com/portfolio/,Portfolio,operating company,Charlie,,,,,,,Medium,Approved source list captured from rendered source review
Peterson Partners,https://www.petersonpartners.com/portfolio/,Portfolio,operating company,Chatalytic,,,,,,,Medium,Approved source list captured from rendered source review
Peterson Partners,https://www.petersonpartners.com/portfolio/,Portfolio,operating company,Chatbooks,,,,,,,Medium,Approved source list captured from rendered source review
Peterson Partners,https://www.petersonpartners.com/portfolio/,Portfolio,operating company,Chobolabs,,,,,,,Medium,Approved source list captured from rendered source review
Peterson Partners,https://www.petersonpartners.com/portfolio/,Portfolio,operating company,City Wide Facility Solutions San Diego,,,,,,,Medium,Approved source list captured from rendered source review
Peterson Partners,https://www.petersonpartners.com/portfolio/,Portfolio,operating company,Collective Medical Technologies,,,,,,,Medium,Approved source list captured from rendered source review
Peterson Partners,https://www.petersonpartners.com/portfolio/,Portfolio,operating company,Concierge Plus,,,,,,,Medium,Approved source list captured from rendered source review
Peterson Partners,https://www.petersonpartners.com/portfolio/,Portfolio,operating company,Content Analytics,,,,,,,Medium,Approved source list captured from rendered source review
Peterson Partners,https://www.petersonpartners.com/portfolio/,Portfolio,operating company,Cotopaxi,,,,,,,Medium,Approved source list captured from rendered source review
Peterson Partners,https://www.petersonpartners.com/portfolio/,Portfolio,operating company,Datawatch Angoss,,,,,,,Medium,Approved source list captured from rendered source review
Peterson Partners,https://www.petersonpartners.com/portfolio/,Portfolio,operating company,Discovery Senior Living,,,,,,,Medium,Approved source list captured from rendered source review
Peterson Partners,https://www.petersonpartners.com/portfolio/,Portfolio,operating company,Dsco,,,,,,,Medium,Approved source list captured from rendered source review
Peterson Partners,https://www.petersonpartners.com/portfolio/,Portfolio,operating company,Dura Software,,,,,,,Medium,Approved source list captured from rendered source review
Peterson Partners,https://www.petersonpartners.com/portfolio/,Portfolio,operating company,Dwelo,,,,,,,Medium,Approved source list captured from rendered source review
Peterson Partners,https://www.petersonpartners.com/portfolio/,Portfolio,operating company,Eargo,,,,,,,Medium,Approved source list captured from rendered source review
Peterson Partners,https://www.petersonpartners.com/portfolio/,Portfolio,operating company,Ennoble Care,,,,,,,Medium,Approved source list captured from rendered source review
Peterson Partners,https://www.petersonpartners.com/portfolio/,Portfolio,operating company,EnterMedicare,,,,,,,Medium,Approved source list captured from rendered source review
Peterson Partners,https://www.petersonpartners.com/portfolio/,Portfolio,operating company,Ethos,,,,,,,Medium,Approved source list captured from rendered source review
Peterson Partners,https://www.petersonpartners.com/portfolio/,Portfolio,operating company,Facilities Survey Inc.,,,,,,,Medium,Approved source list captured from rendered source review
Peterson Partners,https://www.petersonpartners.com/portfolio/,Portfolio,operating company,Frontpoint Health,,,,,,,Medium,Approved source list captured from rendered source review
Peterson Partners,https://www.petersonpartners.com/portfolio/,Portfolio,operating company,Gloss Ventures,,,,,,,Medium,Approved source list captured from rendered source review
Peterson Partners,https://www.petersonpartners.com/portfolio/,Portfolio,operating company,Glowbar,,,,,,,Medium,Approved source list captured from rendered source review
Peterson Partners,https://www.petersonpartners.com/portfolio/,Portfolio,operating company,Govineer,,,,,,,Medium,Approved source list captured from rendered source review
Peterson Partners,https://www.petersonpartners.com/portfolio/,Portfolio,operating company,Grain,,,,,,,Medium,Approved source list captured from rendered source review
Peterson Partners,https://www.petersonpartners.com/portfolio/,Portfolio,operating company,Gravity Media,,,,,,,Medium,Approved source list captured from rendered source review
Peterson Partners,https://www.petersonpartners.com/portfolio/,Portfolio,operating company,Grow,,,,,,,Medium,Approved source list captured from rendered source review
Peterson Partners,https://www.petersonpartners.com/portfolio/,Portfolio,operating company,Halsey Health,,,,,,,Medium,Approved source list captured from rendered source review
Peterson Partners,https://www.petersonpartners.com/portfolio/,Portfolio,operating company,HODL,,,,,,,Medium,Approved source list captured from rendered source review
Peterson Partners,https://www.petersonpartners.com/portfolio/,Portfolio,operating company,Homelyfe,,,,,,,Medium,Approved source list captured from rendered source review
Peterson Partners,https://www.petersonpartners.com/portfolio/,Portfolio,operating company,Insikt,,,,,,,Medium,Approved source list captured from rendered source review
Peterson Partners,https://www.petersonpartners.com/portfolio/,Portfolio,operating company,Interior Define,,,,,,,Medium,Approved source list captured from rendered source review
Peterson Partners,https://www.petersonpartners.com/portfolio/,Portfolio,operating company,JOJO’s Chocolate,,,,,,,Medium,Approved source list captured from rendered source review
Peterson Partners,https://www.petersonpartners.com/portfolio/,Portfolio,operating company,Kelso Industries,,,,,,,Medium,Approved source list captured from rendered source review
Peterson Partners,https://www.petersonpartners.com/portfolio/,Portfolio,operating company,Lightbridge Academy,,,,,,,Medium,Approved source list captured from rendered source review
Peterson Partners,https://www.petersonpartners.com/portfolio/,Portfolio,operating company,Lion Industrial Resources,,,,,,,Medium,Approved source list captured from rendered source review
Peterson Partners,https://www.petersonpartners.com/portfolio/,Portfolio,operating company,Listo,,,,,,,Medium,Approved source list captured from rendered source review
Peterson Partners,https://www.petersonpartners.com/portfolio/,Portfolio,operating company,Loop Returns,,,,,,,Medium,Approved source list captured from rendered source review
Peterson Partners,https://www.petersonpartners.com/portfolio/,Portfolio,operating company,Lucid Software,,,,,,,Medium,Approved source list captured from rendered source review
Peterson Partners,https://www.petersonpartners.com/portfolio/,Portfolio,operating company,Luggage Forward,,,,,,,Medium,Approved source list captured from rendered source review
Peterson Partners,https://www.petersonpartners.com/portfolio/,Portfolio,operating company,Madison Reed,,,,,,,Medium,Approved source list captured from rendered source review
Peterson Partners,https://www.petersonpartners.com/portfolio/,Portfolio,operating company,MarketDial,,,,,,,Medium,Approved source list captured from rendered source review
Peterson Partners,https://www.petersonpartners.com/portfolio/,Portfolio,operating company,másLabor,,,,,,,Medium,Approved source list captured from rendered source review
Peterson Partners,https://www.petersonpartners.com/portfolio/,Portfolio,operating company,Nomi,,,,,,,Medium,Approved source list captured from rendered source review
Peterson Partners,https://www.petersonpartners.com/portfolio/,Portfolio,operating company,Nutrishare,,,,,,,Medium,Approved source list captured from rendered source review
Peterson Partners,https://www.petersonpartners.com/portfolio/,Portfolio,operating company,Objective Management Group,,,,,,,Medium,Approved source list captured from rendered source review
Peterson Partners,https://www.petersonpartners.com/portfolio/,Portfolio,operating company,ONE,,,,,,,Medium,Approved source list captured from rendered source review
Peterson Partners,https://www.petersonpartners.com/portfolio/,Portfolio,operating company,OneShield,,,,,,,Medium,Approved source list captured from rendered source review
Peterson Partners,https://www.petersonpartners.com/portfolio/,Portfolio,operating company,Packsize,,,,,,,Medium,Approved source list captured from rendered source review
Peterson Partners,https://www.petersonpartners.com/portfolio/,Portfolio,operating company,Page Vault,,,,,,,Medium,Approved source list captured from rendered source review
Peterson Partners,https://www.petersonpartners.com/portfolio/,Portfolio,operating company,Part & Parcel,,,,,,,Medium,Approved source list captured from rendered source review
Peterson Partners,https://www.petersonpartners.com/portfolio/,Portfolio,operating company,PrecisionMed,,,,,,,Medium,Approved source list captured from rendered source review
Peterson Partners,https://www.petersonpartners.com/portfolio/,Portfolio,operating company,Pupford,,,,,,,Medium,Approved source list captured from rendered source review
Peterson Partners,https://www.petersonpartners.com/portfolio/,Portfolio,operating company,QMC,,,,,,,Medium,Approved source list captured from rendered source review
Peterson Partners,https://www.petersonpartners.com/portfolio/,Portfolio,operating company,Qzzr,,,,,,,Medium,Approved source list captured from rendered source review
Peterson Partners,https://www.petersonpartners.com/portfolio/,Portfolio,operating company,Rails,,,,,,,Medium,Approved source list captured from rendered source review
Peterson Partners,https://www.petersonpartners.com/portfolio/,Portfolio,operating company,RescueStat,,,,,,,Medium,Approved source list captured from rendered source review
Peterson Partners,https://www.petersonpartners.com/portfolio/,Portfolio,operating company,RunTitle,,,,,,,Medium,Approved source list captured from rendered source review
Peterson Partners,https://www.petersonpartners.com/portfolio/,Portfolio,operating company,SimpleCitizen,,,,,,,Medium,Approved source list captured from rendered source review
Peterson Partners,https://www.petersonpartners.com/portfolio/,Portfolio,operating company,SmartAsset,,,,,,,Medium,Approved source list captured from rendered source review
Peterson Partners,https://www.petersonpartners.com/portfolio/,Portfolio,operating company,Softrip,,,,,,,Medium,Approved source list captured from rendered source review
Peterson Partners,https://www.petersonpartners.com/portfolio/,Portfolio,operating company,Spanish Schoolhouse,,,,,,,Medium,Approved source list captured from rendered source review
Peterson Partners,https://www.petersonpartners.com/portfolio/,Portfolio,operating company,Spiff,,,,,,,Medium,Approved source list captured from rendered source review
Peterson Partners,https://www.petersonpartners.com/portfolio/,Portfolio,operating company,Spruce Up,,,,,,,Medium,Approved source list captured from rendered source review
Peterson Partners,https://www.petersonpartners.com/portfolio/,Portfolio,operating company,TAFT,,,,,,,Medium,Approved source list captured from rendered source review
Peterson Partners,https://www.petersonpartners.com/portfolio/,Portfolio,operating company,Tassel,,,,,,,Medium,Approved source list captured from rendered source review
Peterson Partners,https://www.petersonpartners.com/portfolio/,Portfolio,operating company,Test Anywhere,,,,,,,Medium,Approved source list captured from rendered source review
Peterson Partners,https://www.petersonpartners.com/portfolio/,Portfolio,operating company,Therapydia,,,,,,,Medium,Approved source list captured from rendered source review
Peterson Partners,https://www.petersonpartners.com/portfolio/,Portfolio,operating company,TransTech,,,,,,,Medium,Approved source list captured from rendered source review
Peterson Partners,https://www.petersonpartners.com/portfolio/,Portfolio,operating company,Tundra,,,,,,,Medium,Approved source list captured from rendered source review
Peterson Partners,https://www.petersonpartners.com/portfolio/,Portfolio,operating company,USS,,,,,,,Medium,Approved source list captured from rendered source review
Peterson Partners,https://www.petersonpartners.com/portfolio/,Portfolio,operating company,Vacatia,,,,,,,Medium,Approved source list captured from rendered source review
Peterson Partners,https://www.petersonpartners.com/portfolio/,Portfolio,operating company,Vulcan Precision Linings,,,,,,,Medium,Approved source list captured from rendered source review
Peterson Partners,https://www.petersonpartners.com/portfolio/,Portfolio,operating company,WashU,,,,,,,Medium,Approved source list captured from rendered source review
Peterson Partners,https://www.petersonpartners.com/portfolio/,Portfolio,operating company,Wooly,,,,,,,Medium,Approved source list captured from rendered source review
Peterson Partners,https://www.petersonpartners.com/portfolio/,Portfolio,operating company,Workstream,,,,,,,Medium,Approved source list captured from rendered source review
Footbridge Partners,https://www.footbridgepartners.com/investments,Current Portfolio Companies,operating company,360 Smart Networks,,,,,,,High,
Footbridge Partners,https://www.footbridgepartners.com/investments,Current Portfolio Companies,operating company,AQC Traffic Control,,,,,,,High,
Footbridge Partners,https://www.footbridgepartners.com/investments,Current Portfolio Companies,operating company,Cliff Ridge,,,,,,,High,
Footbridge Partners,https://www.footbridgepartners.com/investments,Current Portfolio Companies,operating company,Green Acres Group,,,,,,,High,
Footbridge Partners,https://www.footbridgepartners.com/investments,Current Portfolio Companies,operating company,ElderTree Care,,,,,,,High,
Footbridge Partners,https://www.footbridgepartners.com/investments,Current Portfolio Companies,operating company,PerryGolf,,,,,,,High,
Footbridge Partners,https://www.footbridgepartners.com/investments,Current Portfolio Companies,operating company,Premier World Discovery,,,,,,,High,
Footbridge Partners,https://www.footbridgepartners.com/investments,Current Portfolio Companies,operating company,Softrip,,,,,,,High,
Footbridge Partners,https://www.footbridgepartners.com/investments,Current Portfolio Companies,operating company,The Change Companies,,,,,,,High,
Footbridge Partners,https://www.footbridgepartners.com/investments,Current Portfolio Companies,operating company,The Skin Center,,,,,,,High,
Footbridge Partners,https://www.footbridgepartners.com/investments,Active Search Funds,search fund / entrepreneur vehicle,Blue North Partners,,,,,,,High,
Footbridge Partners,https://www.footbridgepartners.com/investments,Active Search Funds,search fund / entrepreneur vehicle,Bonnie Brae,,,,,,,High,
Footbridge Partners,https://www.footbridgepartners.com/investments,Active Search Funds,search fund / entrepreneur vehicle,Brightside Legacy,,,,,,,High,
Footbridge Partners,https://www.footbridgepartners.com/investments,Active Search Funds,search fund / entrepreneur vehicle,Focal Point Fund,,,,,,,High,
Footbridge Partners,https://www.footbridgepartners.com/investments,Active Search Funds,search fund / entrepreneur vehicle,Freestone Companies,,,,,,,High,
Footbridge Partners,https://www.footbridgepartners.com/investments,Realized Investments,operating company,smarTours,,,,,,,Medium,Realized investment page references Summit Park/smarTours transaction
M2O Inc.,https://www.m2oinc.com/our-portfolio/,Sample Investments,operating company,Abound Health,https://www.aboundhealth.com/,,,,,,High,
M2O Inc.,https://www.m2oinc.com/our-portfolio/,Sample Investments,operating company,Advanced Aircrew Academy,https://www.aircrewacademy.com/,,,,,,High,
M2O Inc.,https://www.m2oinc.com/our-portfolio/,Sample Investments,operating company,Agasus,https://www.agasus.com.br/,,,,,,High,
M2O Inc.,https://www.m2oinc.com/our-portfolio/,Sample Investments,operating company,Anaqua,https://www.anaqua.com/,,,,,,High,
M2O Inc.,https://www.m2oinc.com/our-portfolio/,Sample Investments,operating company,Anterra,https://anterratech.com/,,,,,,High,
M2O Inc.,https://www.m2oinc.com/our-portfolio/,Sample Investments,operating company,APA Medical,https://apamedical.com/,,,,,,High,
M2O Inc.,https://www.m2oinc.com/our-portfolio/,Sample Investments,operating company,Apex Leadership Co.,https://apexleadershipco.com/,,,,,,High,
M2O Inc.,https://www.m2oinc.com/our-portfolio/,Sample Investments,operating company,AppWrap,https://appwrap.com/,,,,,,High,
M2O Inc.,https://www.m2oinc.com/our-portfolio/,Sample Investments,operating company,Aproove,https://www.aproove.com/,,,,,,High,
M2O Inc.,https://www.m2oinc.com/our-portfolio/,Sample Investments,operating company,Arable,https://www.arable.com/,,,,,,High,
M2O Inc.,https://www.m2oinc.com/our-portfolio/,Sample Investments,operating company,Asurion,https://www.asurion.com/,,,,,,High,
M2O Inc.,https://www.m2oinc.com/our-portfolio/,Sample Investments,operating company,Atticus Administration,https://www.atticusadmin.com/,,,,,,High,
M2O Inc.,https://www.m2oinc.com/our-portfolio/,Sample Investments,operating company,Auronix,https://www.auronix.com/,,,,,,High,
M2O Inc.,https://www.m2oinc.com/our-portfolio/,Sample Investments,operating company,Beaconcure,https://beaconcure.com/,,,,,,High,
M2O Inc.,https://www.m2oinc.com/our-portfolio/,Sample Investments,operating company,Briscoe Protective,https://briscoeprotective.com/,,,,,,High,
M2O Inc.,https://www.m2oinc.com/our-portfolio/,Sample Investments,operating company,Camio,https://camio.com/,,,,,,High,
M2O Inc.,https://www.m2oinc.com/our-portfolio/,Sample Investments,operating company,CGS Health,https://cgshealth.com/,,,,,,High,
M2O Inc.,https://www.m2oinc.com/our-portfolio/,Sample Investments,operating company,Charter Impact,https://www.charterimpact.com/,,,,,,High,
M2O Inc.,https://www.m2oinc.com/our-portfolio/,Sample Investments,operating company,Checksum,https://checksum.com/ ,,,,,,High,
M2O Inc.,https://www.m2oinc.com/our-portfolio/,Sample Investments,operating company,Chronus,https://chronus.com/,,,,,,High,
M2O Inc.,https://www.m2oinc.com/our-portfolio/,Sample Investments,operating company,Cloudstore,https://cloudstore.co/,,,,,,High,
M2O Inc.,https://www.m2oinc.com/our-portfolio/,Sample Investments,operating company,Concentrix,https://www.servicesource.com/,,,,,,High,
M2O Inc.,https://www.m2oinc.com/our-portfolio/,Sample Investments,operating company,Cornerstone Support,https://cornerstonesupport.com/,,,,,,High,
M2O Inc.,https://www.m2oinc.com/our-portfolio/,Sample Investments,operating company,Datacor,https://www.datacor.com/,,,,,,High,
M2O Inc.,https://www.m2oinc.com/our-portfolio/,Sample Investments,operating company,DCI,https://www.crunchbase.com/organization/dci-design-communications,,,,,,High,
M2O Inc.,https://www.m2oinc.com/our-portfolio/,Sample Investments,operating company,DCL Inc.,http://www.dclhawaii.com/,,,,,,High,
M2O Inc.,https://www.m2oinc.com/our-portfolio/,Sample Investments,operating company,EM Assist,http://em-assist.com/ ,,,,,,High,
M2O Inc.,https://www.m2oinc.com/our-portfolio/,Sample Investments,operating company,Etichettificio LGL,http://www.lglett.com/en/,,,,,,High,
M2O Inc.,https://www.m2oinc.com/our-portfolio/,Sample Investments,operating company,EZRack,https://www.ezrack.com/ ,,,,,,High,
M2O Inc.,https://www.m2oinc.com/our-portfolio/,Sample Investments,operating company,ezTaxReturn,https://www.eztaxreturn.com/home.html?r_link=undefined ,,,,,,High,
M2O Inc.,https://www.m2oinc.com/our-portfolio/,Sample Investments,operating company,Fast Water Heater,https://fastwaterheater.com/service-areas/southern-california/los-angeles-county/,,,,,,High,
M2O Inc.,https://www.m2oinc.com/our-portfolio/,Sample Investments,operating company,Fictiv,https://www.fictiv.com/,,,,,,High,
M2O Inc.,https://www.m2oinc.com/our-portfolio/,Sample Investments,operating company,FieldFlo,https://fieldflo.com/,,,,,,High,
M2O Inc.,https://www.m2oinc.com/our-portfolio/,Sample Investments,operating company,Frazil,https://www.frazil.com/,,,,,,High,
M2O Inc.,https://www.m2oinc.com/our-portfolio/,Sample Investments,operating company,Gateway Arch,https://gatewayarch.jp/english/,,,,,,High,
M2O Inc.,https://www.m2oinc.com/our-portfolio/,Sample Investments,operating company,gFour Marketing,https://www.gfourmarketing.com/,,,,,,High,
M2O Inc.,https://www.m2oinc.com/our-portfolio/,Sample Investments,operating company,GovSoft,https://www.govsoftholdings.com/,,,,,,High,
M2O Inc.,https://www.m2oinc.com/our-portfolio/,Sample Investments,operating company,Harbor IT,https://harborit.com/,,,,,,High,
M2O Inc.,https://www.m2oinc.com/our-portfolio/,Sample Investments,operating company,HCP Capital,https://www.hcpcap.com/,,,,,,High,
M2O Inc.,https://www.m2oinc.com/our-portfolio/,Sample Investments,operating company,Helpside,https://www.helpside.com/,,,,,,High,
M2O Inc.,https://www.m2oinc.com/our-portfolio/,Sample Investments,operating company,HerScan,https://www.herscan.com/,,,,,,High,
M2O Inc.,https://www.m2oinc.com/our-portfolio/,Sample Investments,operating company,Hover,https://hover.to/,,,,,,High,
M2O Inc.,https://www.m2oinc.com/our-portfolio/,Sample Investments,operating company,Inerva,https://www.inerva.com/,,,,,,High,
M2O Inc.,https://www.m2oinc.com/our-portfolio/,Sample Investments,operating company,IRESA,https://olmo.capital/,,,,,,High,
M2O Inc.,https://www.m2oinc.com/our-portfolio/,Sample Investments,operating company,Kotter Group,https://kotter.net/,,,,,,High,
M2O Inc.,https://www.m2oinc.com/our-portfolio/,Sample Investments,operating company,Labsoft,https://mylims.net/,,,,,,High,
M2O Inc.,https://www.m2oinc.com/our-portfolio/,Sample Investments,operating company,Lattice Global,https://www.latticeteachers.com/,,,,,,High,
M2O Inc.,https://www.m2oinc.com/our-portfolio/,Sample Investments,operating company,LexShares,https://www.lexshares.com/,,,,,,High,
M2O Inc.,https://www.m2oinc.com/our-portfolio/,Sample Investments,operating company,Lind Equipment,https://www.lindequipment.net/ ,,,,,,High,
M2O Inc.,https://www.m2oinc.com/our-portfolio/,Sample Investments,operating company,Lineage Logistics,https://www.lineagelogistics.com/,,,,,,High,
M2O Inc.,https://www.m2oinc.com/our-portfolio/,Sample Investments,operating company,Lion Industrial Resources,https://www.lionyes.com/       ,,,,,,High,
M2O Inc.,https://www.m2oinc.com/our-portfolio/,Sample Investments,operating company,ListEngage,https://www.listengage.com/,,,,,,High,
M2O Inc.,https://www.m2oinc.com/our-portfolio/,Sample Investments,operating company,Little Sprouts,https://littlesprouts.com/,,,,,,High,
M2O Inc.,https://www.m2oinc.com/our-portfolio/,Sample Investments,operating company,Luggage Forward,https://www.luggageforward.com/?adw=GPRNTCMWQ77P ,,,,,,High,
M2O Inc.,https://www.m2oinc.com/our-portfolio/,Sample Investments,operating company,MappedIn,https://www.mappedin.com/,,,,,,High,
M2O Inc.,https://www.m2oinc.com/our-portfolio/,Sample Investments,operating company,Mas Seguros,https://masseguros.com/,,,,,,High,
M2O Inc.,https://www.m2oinc.com/our-portfolio/,Sample Investments,operating company,Meadow Brook Station,https://www.missionrockresidential.com/apartments/ut/salt-lake-city/meadowbrook-station/your-neighborhood,,,,,,High,
M2O Inc.,https://www.m2oinc.com/our-portfolio/,Sample Investments,operating company,MGT Insurance,https://mgtinsurance.com/,,,,,,High,
M2O Inc.,https://www.m2oinc.com/our-portfolio/,Sample Investments,operating company,MPI,https://medicalpositioning.com/about-us/ ,,,,,,High,
M2O Inc.,https://www.m2oinc.com/our-portfolio/,Sample Investments,operating company,MST Services,https://www.mstservices.com/,,,,,,High,
M2O Inc.,https://www.m2oinc.com/our-portfolio/,Sample Investments,operating company,NCFDD,https://www.facultydiversity.org/,,,,,,High,
M2O Inc.,https://www.m2oinc.com/our-portfolio/,Sample Investments,operating company,Nirvana Risk Partners,http://www.nirvanarisks.com/,,,,,,High,
M2O Inc.,https://www.m2oinc.com/our-portfolio/,Sample Investments,operating company,Nuqleous,https://nuqleous.com/,,,,,,High,
M2O Inc.,https://www.m2oinc.com/our-portfolio/,Sample Investments,operating company,Ocozzio,https://ocozzio.com/,,,,,,High,
M2O Inc.,https://www.m2oinc.com/our-portfolio/,Sample Investments,operating company,OneSource,https://www.onesource.net/,,,,,,High,
M2O Inc.,https://www.m2oinc.com/our-portfolio/,Sample Investments,operating company,P&S Machining,https://psmachine.com/index.html,,,,,,High,
M2O Inc.,https://www.m2oinc.com/our-portfolio/,Sample Investments,operating company,Paragon,http://paragonlegal.com/,,,,,,High,
M2O Inc.,https://www.m2oinc.com/our-portfolio/,Sample Investments,operating company,Powder Mountain,https://www.powdermountain.com/,,,,,,High,
M2O Inc.,https://www.m2oinc.com/our-portfolio/,Sample Investments,operating company,Prime AE,https://www.primeeng.com/,,,,,,High,
M2O Inc.,https://www.m2oinc.com/our-portfolio/,Sample Investments,operating company,QCSS,https://qcsshealth.com/,,,,,,High,
M2O Inc.,https://www.m2oinc.com/our-portfolio/,Sample Investments,operating company,Raptor,https://raptortech.com/,,,,,,High,
M2O Inc.,https://www.m2oinc.com/our-portfolio/,Sample Investments,operating company,RCM,https://www.rcmt.com/,,,,,,High,
M2O Inc.,https://www.m2oinc.com/our-portfolio/,Sample Investments,operating company,Recurve,https://www.recurve.com/,,,,,,High,
M2O Inc.,https://www.m2oinc.com/our-portfolio/,Sample Investments,operating company,Rentandes,https://www.rentandes.com/,,,,,,High,
M2O Inc.,https://www.m2oinc.com/our-portfolio/,Sample Investments,operating company,RescueStat,https://rescuestat.com/,,,,,,High,
M2O Inc.,https://www.m2oinc.com/our-portfolio/,Sample Investments,operating company,Revolution,https://revolutiones.com/,,,,,,High,
M2O Inc.,https://www.m2oinc.com/our-portfolio/,Sample Investments,operating company,RPM,https://reliablepremium.com/,,,,,,High,
M2O Inc.,https://www.m2oinc.com/our-portfolio/,Sample Investments,operating company,Sayres,https://www.sayresdefense.com/,,,,,,High,
M2O Inc.,https://www.m2oinc.com/our-portfolio/,Sample Investments,operating company,Scottish American,#,,,,,,High,
M2O Inc.,https://www.m2oinc.com/our-portfolio/,Sample Investments,operating company,Systato,https://www.systato.com/,,,,,,High,
M2O Inc.,https://www.m2oinc.com/our-portfolio/,Sample Investments,operating company,Stage2Data,https://stage2data.com/,,,,,,High,
M2O Inc.,https://www.m2oinc.com/our-portfolio/,Sample Investments,operating company,Stealth Monitoring,https://stealthmonitoring.com/,,,,,,High,
M2O Inc.,https://www.m2oinc.com/our-portfolio/,Sample Investments,operating company,Subatomic Digital,https://www.subatomicdigital.com/ ,,,,,,High,
M2O Inc.,https://www.m2oinc.com/our-portfolio/,Sample Investments,operating company,Sunrun,https://www.sunrun.com/,,,,,,High,
M2O Inc.,https://www.m2oinc.com/our-portfolio/,Sample Investments,operating company,Swoogo,https://swoogo.events/,,,,,,High,
M2O Inc.,https://www.m2oinc.com/our-portfolio/,Sample Investments,operating company,Sylmar Group,https://www.sylmargrp.com/,,,,,,High,
M2O Inc.,https://www.m2oinc.com/our-portfolio/,Sample Investments,operating company,Tax Cloud,https://taxcloud.com/,,,,,,High,
M2O Inc.,https://www.m2oinc.com/our-portfolio/,Sample Investments,operating company,The Predictive Index,https://www.predictiveindex.com/,,,,,,High,
M2O Inc.,https://www.m2oinc.com/our-portfolio/,Sample Investments,operating company,The Village,http://www.thevillageatsouthcampus.com/,,,,,,High,
M2O Inc.,https://www.m2oinc.com/our-portfolio/,Sample Investments,operating company,Therapydia,https://www.therapydia.com/,,,,,,High,
M2O Inc.,https://www.m2oinc.com/our-portfolio/,Sample Investments,operating company,TopQuadrant,https://www.topquadrant.com/,,,,,,High,
M2O Inc.,https://www.m2oinc.com/our-portfolio/,Sample Investments,operating company,TrueMed IT,https://www.truemedit.com/,,,,,,High,
M2O Inc.,https://www.m2oinc.com/our-portfolio/,Sample Investments,operating company,TruMed,https://trumedsystems.com/,,,,,,High,
M2O Inc.,https://www.m2oinc.com/our-portfolio/,Sample Investments,operating company,Trumpet,https://tbh.com/,,,,,,High,
M2O Inc.,https://www.m2oinc.com/our-portfolio/,Sample Investments,operating company,Unleashed Technologies,https://www.unleashed-technologies.com ,,,,,,High,
M2O Inc.,https://www.m2oinc.com/our-portfolio/,Sample Investments,operating company,Upper Hand,https://upperhand.com/,,,,,,High,
M2O Inc.,https://www.m2oinc.com/our-portfolio/,Sample Investments,operating company,Veri-tax,https://veri-tax.com/,,,,,,High,
M2O Inc.,https://www.m2oinc.com/our-portfolio/,Sample Investments,operating company,Virtual Officeware,https://vowhs.com/ ,,,,,,High,
M2O Inc.,https://www.m2oinc.com/our-portfolio/,Sample Investments,operating company,VRI,https://vricares.com/,,,,,,High,
M2O Inc.,https://www.m2oinc.com/our-portfolio/,Sample Investments,operating company,Water Babies,https://waterbabies.co.uk/,,,,,,High,
M2O Inc.,https://www.m2oinc.com/our-portfolio/,Sample Investments,operating company,Windley Ely,https://www.windleyely.com/,,,,,,High,
M2O Inc.,https://www.m2oinc.com/our-portfolio/,Sample Investments,operating company,Wu Consulting,https://www.wuconsulting.com/index.html,,,,,,High,
M2O Inc.,https://www.m2oinc.com/our-portfolio/,Sample Investments,operating company,Xiltrix,https://xiltrix.com/,,,,,,High,
Aspect Investors,https://www.aspectinvestors.com/operating-companies/,Operating companies / legacy investments,operating company,4Ever Young,,,,,,,Medium,Extracted from approved page logo alt text; artifacts normalized where obvious
Aspect Investors,https://www.aspectinvestors.com/operating-companies/,Operating companies / legacy investments,operating company,AC Energy Systems,,,,,,,Medium,Extracted from approved page logo alt text; artifacts normalized where obvious
Aspect Investors,https://www.aspectinvestors.com/operating-companies/,Operating companies / legacy investments,operating company,AdComp,,,,,,,Medium,Extracted from approved page logo alt text; artifacts normalized where obvious
Aspect Investors,https://www.aspectinvestors.com/operating-companies/,Operating companies / legacy investments,operating company,Allied Electric,,,,,,,Medium,Extracted from approved page logo alt text; artifacts normalized where obvious
Aspect Investors,https://www.aspectinvestors.com/operating-companies/,Operating companies / legacy investments,operating company,APA Medical,,,,,,,Medium,Extracted from approved page logo alt text; artifacts normalized where obvious
Aspect Investors,https://www.aspectinvestors.com/operating-companies/,Operating companies / legacy investments,operating company,Apollo Behavioral Services,,,,,,,Medium,Extracted from approved page logo alt text; artifacts normalized where obvious
Aspect Investors,https://www.aspectinvestors.com/operating-companies/,Operating companies / legacy investments,operating company,ArborOne,,,,,,,Medium,Extracted from approved page logo alt text; artifacts normalized where obvious
Aspect Investors,https://www.aspectinvestors.com/operating-companies/,Operating companies / legacy investments,operating company,AutoHub,,,,,,,Medium,Extracted from approved page logo alt text; artifacts normalized where obvious
Aspect Investors,https://www.aspectinvestors.com/operating-companies/,Operating companies / legacy investments,operating company,Chesapeake Technologies,,,,,,,Medium,Extracted from approved page logo alt text; artifacts normalized where obvious
Aspect Investors,https://www.aspectinvestors.com/operating-companies/,Operating companies / legacy investments,operating company,Choice Water Solutions,,,,,,,Medium,Extracted from approved page logo alt text; artifacts normalized where obvious
Aspect Investors,https://www.aspectinvestors.com/operating-companies/,Operating companies / legacy investments,operating company,CRSS,,,,,,,Medium,Extracted from approved page logo alt text; artifacts normalized where obvious
Aspect Investors,https://www.aspectinvestors.com/operating-companies/,Operating companies / legacy investments,operating company,CurrentWare,,,,,,,Medium,Extracted from approved page logo alt text; artifacts normalized where obvious
Aspect Investors,https://www.aspectinvestors.com/operating-companies/,Operating companies / legacy investments,operating company,Echosec Systems,,,,,,,Medium,Extracted from approved page logo alt text; artifacts normalized where obvious
Aspect Investors,https://www.aspectinvestors.com/operating-companies/,Operating companies / legacy investments,operating company,Energy Ogre,,,,,,,Medium,Extracted from approved page logo alt text; artifacts normalized where obvious
Aspect Investors,https://www.aspectinvestors.com/operating-companies/,Operating companies / legacy investments,operating company,Facilities Survey Inc.,,,,,,,Medium,Extracted from approved page logo alt text; artifacts normalized where obvious
Aspect Investors,https://www.aspectinvestors.com/operating-companies/,Operating companies / legacy investments,operating company,Fleetflo,,,,,,,Medium,Extracted from approved page logo alt text; artifacts normalized where obvious
Aspect Investors,https://www.aspectinvestors.com/operating-companies/,Operating companies / legacy investments,operating company,HRTMS,,,,,,,Medium,Extracted from approved page logo alt text; artifacts normalized where obvious
Aspect Investors,https://www.aspectinvestors.com/operating-companies/,Operating companies / legacy investments,operating company,IT Service Alliance,,,,,,,Medium,Extracted from approved page logo alt text; artifacts normalized where obvious
Aspect Investors,https://www.aspectinvestors.com/operating-companies/,Operating companies / legacy investments,operating company,ITPipes,,,,,,,Medium,Extracted from approved page logo alt text; artifacts normalized where obvious
Aspect Investors,https://www.aspectinvestors.com/operating-companies/,Operating companies / legacy investments,operating company,Lattice Global,,,,,,,Medium,Extracted from approved page logo alt text; artifacts normalized where obvious
Aspect Investors,https://www.aspectinvestors.com/operating-companies/,Operating companies / legacy investments,operating company,Life Support Systems,,,,,,,Medium,Extracted from approved page logo alt text; artifacts normalized where obvious
Aspect Investors,https://www.aspectinvestors.com/operating-companies/,Operating companies / legacy investments,operating company,MGT Insurance,,,,,,,Medium,Extracted from approved page logo alt text; artifacts normalized where obvious
Aspect Investors,https://www.aspectinvestors.com/operating-companies/,Operating companies / legacy investments,operating company,Naviam,,,,,,,Medium,Extracted from approved page logo alt text; artifacts normalized where obvious
Aspect Investors,https://www.aspectinvestors.com/operating-companies/,Operating companies / legacy investments,operating company,Out of the Box,,,,,,,Medium,Extracted from approved page logo alt text; artifacts normalized where obvious
Aspect Investors,https://www.aspectinvestors.com/operating-companies/,Operating companies / legacy investments,operating company,P3 Works,,,,,,,Medium,Extracted from approved page logo alt text; artifacts normalized where obvious
Aspect Investors,https://www.aspectinvestors.com/operating-companies/,Operating companies / legacy investments,operating company,Solutions Group Accounting,,,,,,,Medium,Extracted from approved page logo alt text; artifacts normalized where obvious
Aspect Investors,https://www.aspectinvestors.com/operating-companies/,Operating companies / legacy investments,operating company,Strategic Kids,,,,,,,Medium,Extracted from approved page logo alt text; artifacts normalized where obvious
Aspect Investors,https://www.aspectinvestors.com/operating-companies/,Operating companies / legacy investments,operating company,Systato,,,,,,,Medium,Extracted from approved page logo alt text; artifacts normalized where obvious
Aspect Investors,https://www.aspectinvestors.com/operating-companies/,Operating companies / legacy investments,operating company,The Haven,,,,,,,Medium,Extracted from approved page logo alt text; artifacts normalized where obvious
Aspect Investors,https://www.aspectinvestors.com/operating-companies/,Operating companies / legacy investments,operating company,Thillens,,,,,,,Medium,Extracted from approved page logo alt text; artifacts normalized where obvious
Aspect Investors,https://www.aspectinvestors.com/operating-companies/,Operating companies / legacy investments,operating company,Three Rivers Therapy,,,,,,,Medium,Extracted from approved page logo alt text; artifacts normalized where obvious
Aspect Investors,https://www.aspectinvestors.com/operating-companies/,Operating companies / legacy investments,operating company,Wu Consulting,,,,,,,Medium,Extracted from approved page logo alt text; artifacts normalized where obvious
Aspect Investors,https://www.aspectinvestors.com/operating-companies/,Operating companies / legacy investments,operating company,XiltriX,,,,,,,Medium,Extracted from approved page logo alt text; artifacts normalized where obvious
Aspect Investors,https://www.aspectinvestors.com/operating-companies/,Operating companies / legacy investments,operating company,Abound,,,,,,,Medium,Extracted from approved page logo alt text; artifacts normalized where obvious
Aspect Investors,https://www.aspectinvestors.com/operating-companies/,Operating companies / legacy investments,operating company,ABS,,,,,,,Medium,Extracted from approved page logo alt text; artifacts normalized where obvious
Aspect Investors,https://www.aspectinvestors.com/operating-companies/,Operating companies / legacy investments,operating company,American Vision Group,,,,,,,Medium,Extracted from approved page logo alt text; artifacts normalized where obvious
Aspect Investors,https://www.aspectinvestors.com/operating-companies/,Operating companies / legacy investments,operating company,Apex,,,,,,,Medium,Extracted from approved page logo alt text; artifacts normalized where obvious
Aspect Investors,https://www.aspectinvestors.com/operating-companies/,Operating companies / legacy investments,operating company,Auronix,,,,,,,Medium,Extracted from approved page logo alt text; artifacts normalized where obvious
Aspect Investors,https://www.aspectinvestors.com/operating-companies/,Operating companies / legacy investments,operating company,Axero,,,,,,,Medium,Extracted from approved page logo alt text; artifacts normalized where obvious
Aspect Investors,https://www.aspectinvestors.com/operating-companies/,Operating companies / legacy investments,operating company,Belle Vie,,,,,,,Medium,Extracted from approved page logo alt text; artifacts normalized where obvious
Aspect Investors,https://www.aspectinvestors.com/operating-companies/,Operating companies / legacy investments,operating company,Beryllium,,,,,,,Medium,Extracted from approved page logo alt text; artifacts normalized where obvious
Aspect Investors,https://www.aspectinvestors.com/operating-companies/,Operating companies / legacy investments,operating company,Big Box,,,,,,,Medium,Extracted from approved page logo alt text; artifacts normalized where obvious
Aspect Investors,https://www.aspectinvestors.com/operating-companies/,Operating companies / legacy investments,operating company,Bioactive,,,,,,,Medium,Extracted from approved page logo alt text; artifacts normalized where obvious
Aspect Investors,https://www.aspectinvestors.com/operating-companies/,Operating companies / legacy investments,operating company,Bio Behavioral Institute,,,,,,,Medium,Extracted from approved page logo alt text; artifacts normalized where obvious
Aspect Investors,https://www.aspectinvestors.com/operating-companies/,Operating companies / legacy investments,operating company,Botanical,,,,,,,Medium,Extracted from approved page logo alt text; artifacts normalized where obvious
Aspect Investors,https://www.aspectinvestors.com/operating-companies/,Operating companies / legacy investments,operating company,BroadPeak,,,,,,,Medium,Extracted from approved page logo alt text; artifacts normalized where obvious
Aspect Investors,https://www.aspectinvestors.com/operating-companies/,Operating companies / legacy investments,operating company,Broughton,,,,,,,Medium,Extracted from approved page logo alt text; artifacts normalized where obvious
Aspect Investors,https://www.aspectinvestors.com/operating-companies/,Operating companies / legacy investments,operating company,Captain Vyborny,,,,,,,Medium,Extracted from approved page logo alt text; artifacts normalized where obvious
Aspect Investors,https://www.aspectinvestors.com/operating-companies/,Operating companies / legacy investments,operating company,Cardata,,,,,,,Medium,Extracted from approved page logo alt text; artifacts normalized where obvious
Aspect Investors,https://www.aspectinvestors.com/operating-companies/,Operating companies / legacy investments,operating company,Cerbo,,,,,,,Medium,Extracted from approved page logo alt text; artifacts normalized where obvious
Aspect Investors,https://www.aspectinvestors.com/operating-companies/,Operating companies / legacy investments,operating company,The Change Company,,,,,,,Medium,Extracted from approved page logo alt text; artifacts normalized where obvious
Aspect Investors,https://www.aspectinvestors.com/operating-companies/,Operating companies / legacy investments,operating company,Cicero,,,,,,,Medium,Extracted from approved page logo alt text; artifacts normalized where obvious
Aspect Investors,https://www.aspectinvestors.com/operating-companies/,Operating companies / legacy investments,operating company,Citta,,,,,,,Medium,Extracted from approved page logo alt text; artifacts normalized where obvious
Aspect Investors,https://www.aspectinvestors.com/operating-companies/,Operating companies / legacy investments,operating company,City Wide,,,,,,,Medium,Extracted from approved page logo alt text; artifacts normalized where obvious
Aspect Investors,https://www.aspectinvestors.com/operating-companies/,Operating companies / legacy investments,operating company,Da Vinci,,,,,,,Medium,Extracted from approved page logo alt text; artifacts normalized where obvious
Aspect Investors,https://www.aspectinvestors.com/operating-companies/,Operating companies / legacy investments,operating company,Destroy Drive,,,,,,,Medium,Extracted from approved page logo alt text; artifacts normalized where obvious
Aspect Investors,https://www.aspectinvestors.com/operating-companies/,Operating companies / legacy investments,operating company,dot CMS,,,,,,,Medium,Extracted from approved page logo alt text; artifacts normalized where obvious
Aspect Investors,https://www.aspectinvestors.com/operating-companies/,Operating companies / legacy investments,operating company,Earth Development,,,,,,,Medium,Extracted from approved page logo alt text; artifacts normalized where obvious
Aspect Investors,https://www.aspectinvestors.com/operating-companies/,Operating companies / legacy investments,operating company,ECS,,,,,,,Medium,Extracted from approved page logo alt text; artifacts normalized where obvious
Aspect Investors,https://www.aspectinvestors.com/operating-companies/,Operating companies / legacy investments,operating company,Explora BioLabs,,,,,,,Medium,Extracted from approved page logo alt text; artifacts normalized where obvious
Aspect Investors,https://www.aspectinvestors.com/operating-companies/,Operating companies / legacy investments,operating company,FIMC,,,,,,,Medium,Extracted from approved page logo alt text; artifacts normalized where obvious
Aspect Investors,https://www.aspectinvestors.com/operating-companies/,Operating companies / legacy investments,operating company,GFour Marketing,,,,,,,Medium,Extracted from approved page logo alt text; artifacts normalized where obvious
Aspect Investors,https://www.aspectinvestors.com/operating-companies/,Operating companies / legacy investments,operating company,Hadrian,,,,,,,Medium,Extracted from approved page logo alt text; artifacts normalized where obvious
Aspect Investors,https://www.aspectinvestors.com/operating-companies/,Operating companies / legacy investments,operating company,Hathorn,,,,,,,Medium,Extracted from approved page logo alt text; artifacts normalized where obvious
Aspect Investors,https://www.aspectinvestors.com/operating-companies/,Operating companies / legacy investments,operating company,Healthmark,,,,,,,Medium,Extracted from approved page logo alt text; artifacts normalized where obvious
Aspect Investors,https://www.aspectinvestors.com/operating-companies/,Operating companies / legacy investments,operating company,Icon,,,,,,,Medium,Extracted from approved page logo alt text; artifacts normalized where obvious
Aspect Investors,https://www.aspectinvestors.com/operating-companies/,Operating companies / legacy investments,operating company,Inspire Horizons,,,,,,,Medium,Extracted from approved page logo alt text; artifacts normalized where obvious
Aspect Investors,https://www.aspectinvestors.com/operating-companies/,Operating companies / legacy investments,operating company,Intellatriage,,,,,,,Medium,Extracted from approved page logo alt text; artifacts normalized where obvious
Aspect Investors,https://www.aspectinvestors.com/operating-companies/,Operating companies / legacy investments,operating company,ISPN,,,,,,,Medium,Extracted from approved page logo alt text; artifacts normalized where obvious
Aspect Investors,https://www.aspectinvestors.com/operating-companies/,Operating companies / legacy investments,operating company,Kivuto,,,,,,,Medium,Extracted from approved page logo alt text; artifacts normalized where obvious
Aspect Investors,https://www.aspectinvestors.com/operating-companies/,Operating companies / legacy investments,operating company,Line Drive,,,,,,,Medium,Extracted from approved page logo alt text; artifacts normalized where obvious
Aspect Investors,https://www.aspectinvestors.com/operating-companies/,Operating companies / legacy investments,operating company,Luggage Forward,,,,,,,Medium,Extracted from approved page logo alt text; artifacts normalized where obvious
Aspect Investors,https://www.aspectinvestors.com/operating-companies/,Operating companies / legacy investments,operating company,Management One,,,,,,,Medium,Extracted from approved page logo alt text; artifacts normalized where obvious
Aspect Investors,https://www.aspectinvestors.com/operating-companies/,Operating companies / legacy investments,operating company,Market Equipment,,,,,,,Medium,Extracted from approved page logo alt text; artifacts normalized where obvious
Aspect Investors,https://www.aspectinvestors.com/operating-companies/,Operating companies / legacy investments,operating company,Metro Vein Centers,,,,,,,Medium,Extracted from approved page logo alt text; artifacts normalized where obvious
Aspect Investors,https://www.aspectinvestors.com/operating-companies/,Operating companies / legacy investments,operating company,Mudshare,,,,,,,Medium,Extracted from approved page logo alt text; artifacts normalized where obvious
Aspect Investors,https://www.aspectinvestors.com/operating-companies/,Operating companies / legacy investments,operating company,NCFDD,,,,,,,Medium,Extracted from approved page logo alt text; artifacts normalized where obvious
Aspect Investors,https://www.aspectinvestors.com/operating-companies/,Operating companies / legacy investments,operating company,New Leaf Publishing,,,,,,,Medium,Extracted from approved page logo alt text; artifacts normalized where obvious
Aspect Investors,https://www.aspectinvestors.com/operating-companies/,Operating companies / legacy investments,operating company,OMG,,,,,,,Medium,Extracted from approved page logo alt text; artifacts normalized where obvious
Aspect Investors,https://www.aspectinvestors.com/operating-companies/,Operating companies / legacy investments,operating company,OneShield,,,,,,,Medium,Extracted from approved page logo alt text; artifacts normalized where obvious
Aspect Investors,https://www.aspectinvestors.com/operating-companies/,Operating companies / legacy investments,operating company,Orion Cordage,,,,,,,Medium,Extracted from approved page logo alt text; artifacts normalized where obvious
Aspect Investors,https://www.aspectinvestors.com/operating-companies/,Operating companies / legacy investments,operating company,Otonom,,,,,,,Medium,Extracted from approved page logo alt text; artifacts normalized where obvious
Aspect Investors,https://www.aspectinvestors.com/operating-companies/,Operating companies / legacy investments,operating company,PalCare,,,,,,,Medium,Extracted from approved page logo alt text; artifacts normalized where obvious
Aspect Investors,https://www.aspectinvestors.com/operating-companies/,Operating companies / legacy investments,operating company,Paragon,,,,,,,Medium,Extracted from approved page logo alt text; artifacts normalized where obvious
Aspect Investors,https://www.aspectinvestors.com/operating-companies/,Operating companies / legacy investments,operating company,Peerless,,,,,,,Medium,Extracted from approved page logo alt text; artifacts normalized where obvious
Aspect Investors,https://www.aspectinvestors.com/operating-companies/,Operating companies / legacy investments,operating company,Precision Eye,,,,,,,Medium,Extracted from approved page logo alt text; artifacts normalized where obvious
Aspect Investors,https://www.aspectinvestors.com/operating-companies/,Operating companies / legacy investments,operating company,PrecisionMed,,,,,,,Medium,Extracted from approved page logo alt text; artifacts normalized where obvious
Aspect Investors,https://www.aspectinvestors.com/operating-companies/,Operating companies / legacy investments,operating company,QCSS,,,,,,,Medium,Extracted from approved page logo alt text; artifacts normalized where obvious
Aspect Investors,https://www.aspectinvestors.com/operating-companies/,Operating companies / legacy investments,operating company,RDI,,,,,,,Medium,Extracted from approved page logo alt text; artifacts normalized where obvious
Aspect Investors,https://www.aspectinvestors.com/operating-companies/,Operating companies / legacy investments,operating company,Redline,,,,,,,Medium,Extracted from approved page logo alt text; artifacts normalized where obvious
Aspect Investors,https://www.aspectinvestors.com/operating-companies/,Operating companies / legacy investments,operating company,StatPADS,,,,,,,Medium,Extracted from approved page logo alt text; artifacts normalized where obvious
Aspect Investors,https://www.aspectinvestors.com/operating-companies/,Operating companies / legacy investments,operating company,SafeLogic,,,,,,,Medium,Extracted from approved page logo alt text; artifacts normalized where obvious
Aspect Investors,https://www.aspectinvestors.com/operating-companies/,Operating companies / legacy investments,operating company,The Skin Center,,,,,,,Medium,Extracted from approved page logo alt text; artifacts normalized where obvious
Aspect Investors,https://www.aspectinvestors.com/operating-companies/,Operating companies / legacy investments,operating company,Spanish Schoolhouse,,,,,,,Medium,Extracted from approved page logo alt text; artifacts normalized where obvious
Aspect Investors,https://www.aspectinvestors.com/operating-companies/,Operating companies / legacy investments,operating company,Spivey Services,,,,,,,Medium,Extracted from approved page logo alt text; artifacts normalized where obvious
Aspect Investors,https://www.aspectinvestors.com/operating-companies/,Operating companies / legacy investments,operating company,Sterling Labs,,,,,,,Medium,Extracted from approved page logo alt text; artifacts normalized where obvious
Aspect Investors,https://www.aspectinvestors.com/operating-companies/,Operating companies / legacy investments,operating company,Sunscape,,,,,,,Medium,Extracted from approved page logo alt text; artifacts normalized where obvious
Aspect Investors,https://www.aspectinvestors.com/operating-companies/,Operating companies / legacy investments,operating company,Tactiq,,,,,,,Medium,Extracted from approved page logo alt text; artifacts normalized where obvious
Aspect Investors,https://www.aspectinvestors.com/operating-companies/,Operating companies / legacy investments,operating company,TransTech,,,,,,,Medium,Extracted from approved page logo alt text; artifacts normalized where obvious
Aspect Investors,https://www.aspectinvestors.com/operating-companies/,Operating companies / legacy investments,operating company,Travelmax,,,,,,,Medium,Extracted from approved page logo alt text; artifacts normalized where obvious
Aspect Investors,https://www.aspectinvestors.com/operating-companies/,Operating companies / legacy investments,operating company,Upshop,,,,,,,Medium,Extracted from approved page logo alt text; artifacts normalized where obvious
Aspect Investors,https://www.aspectinvestors.com/operating-companies/,Operating companies / legacy investments,operating company,Utility Cloud,,,,,,,Medium,Extracted from approved page logo alt text; artifacts normalized where obvious
Aspect Investors,https://www.aspectinvestors.com/operating-companies/,Operating companies / legacy investments,operating company,Vitana,,,,,,,Medium,Extracted from approved page logo alt text; artifacts normalized where obvious
Aspect Investors,https://www.aspectinvestors.com/operating-companies/,Operating companies / legacy investments,operating company,Voxco,,,,,,,Medium,Extracted from approved page logo alt text; artifacts normalized where obvious
Aspect Investors,https://www.aspectinvestors.com/operating-companies/,Operating companies / legacy investments,operating company,Answer 1,,,,,,,Medium,Extracted from approved page logo alt text; artifacts normalized where obvious
Aspect Investors,https://www.aspectinvestors.com/operating-companies/,Operating companies / legacy investments,operating company,Blue Sky Network,,,,,,,Medium,Extracted from approved page logo alt text; artifacts normalized where obvious
Aspect Investors,https://www.aspectinvestors.com/operating-companies/,Operating companies / legacy investments,operating company,Caravel,,,,,,,Medium,Extracted from approved page logo alt text; artifacts normalized where obvious
Aspect Investors,https://www.aspectinvestors.com/operating-companies/,Operating companies / legacy investments,operating company,Elevated Billing,,,,,,,Medium,Extracted from approved page logo alt text; artifacts normalized where obvious
Aspect Investors,https://www.aspectinvestors.com/operating-companies/,Operating companies / legacy investments,operating company,FMT,,,,,,,Medium,Extracted from approved page logo alt text; artifacts normalized where obvious
Aspect Investors,https://www.aspectinvestors.com/operating-companies/,Operating companies / legacy investments,operating company,MST,,,,,,,Medium,Extracted from approved page logo alt text; artifacts normalized where obvious
Aspect Investors,https://www.aspectinvestors.com/operating-companies/,Operating companies / legacy investments,operating company,NeuroInternational,,,,,,,Medium,Extracted from approved page logo alt text; artifacts normalized where obvious
Aspect Investors,https://www.aspectinvestors.com/operating-companies/,Operating companies / legacy investments,operating company,The Pet Loss Center,,,,,,,Medium,Extracted from approved page logo alt text; artifacts normalized where obvious
Aspect Investors,https://www.aspectinvestors.com/operating-companies/,Operating companies / legacy investments,operating company,Planet DDS,,,,,,,Medium,Extracted from approved page logo alt text; artifacts normalized where obvious
Aspect Investors,https://www.aspectinvestors.com/operating-companies/,Operating companies / legacy investments,operating company,Remarkable Health,,,,,,,Medium,Extracted from approved page logo alt text; artifacts normalized where obvious
Aspect Investors,https://www.aspectinvestors.com/operating-companies/,Operating companies / legacy investments,operating company,Rod and Tubing Services,,,,,,,Medium,Extracted from approved page logo alt text; artifacts normalized where obvious
Aspect Investors,https://www.aspectinvestors.com/operating-companies/,Operating companies / legacy investments,operating company,Tire Disposal Recycling,,,,,,,Medium,Extracted from approved page logo alt text; artifacts normalized where obvious
Aspect Investors,https://www.aspectinvestors.com/operating-companies/,Operating companies / legacy investments,operating company,Windley Ely,,,,,,,Medium,Extracted from approved page logo alt text; artifacts normalized where obvious
